title,price_uf,price_clp,m2_utiles,uf_per_m2,zona_uf_m2,bedrooms_n,parking,gastos_comunes_clp,comuna,barrio,first_seen_date,publicado_fecha_est,url
Se Vende Cesión De Promesa,405.0,16631479.0,21.0,19.29,153.0,1.0,1.0,60000.0,Las Condes,Rotonda Atenas,2026-09-24,2026-09-23,https://www.portalinmobiliario.com/MLC-4510326138-se-vende-cesion-de-promesa-_JM
Departamento Estudio En Excelente Ubicación,1217.6,50000000.0,55.0,22.14,54.0,1.0,0.0,50.0,Santiago,San Diego,2026-10-01,2026-09-21,https://www.portalinmobiliario.com/MLC-4528516674-departamento-estudio-en-excelente-ubicacion-_JM
Oportunidad Única Vendo Dpto. Estudio Con Bodega Excelente,1144.5,47000000.0,50.0,22.89,74.0,1.0,0.0,50000.0,Santiago,San Diego,2026-09-23,2026-09-22,https://www.portalinmobiliario.com/MLC-2267397959-oportunidad-unica-vendo-dpto-estudio-con-bodega-excelente-_JM
Vendo Dpto. Estudio Con Bodega Excelente Ubicación,1144.5,47000000.0,50.0,22.89,74.0,1.0,0.0,50000.0,Santiago,San Diego,2026-09-23,2026-09-22,https://www.portalinmobiliario.com/MLC-2267436743-vendo-dpto-estudio-con-bodega-excelente-ubicacion-_JM
Venta Departamento De 1 Dormitorio Calle Mario Kreutzberger,1300.0,53384994.0,55.0,23.64,53.0,2.0,0.0,70000.0,Santiago,Centro Histórico De Santiago,2026-09-23,2026-09-22,https://www.portalinmobiliario.com/MLC-2267423261-venta-departamento-de-1-dormitorio-calle-mario-kreutzberger-_JM
Departamento Grande Pedro Lagos San Diego  (184015),1800.0,73917684.0,70.0,25.71,53.0,2.0,0.0,45000.0,Santiago,Parque O'Higgins,2026-09-26,2026-09-25,https://www.portalinmobiliario.com/MLC-2275517211-departamento-grande-pedro-lagos-san-diego-184015-_JM
Departamento Santiago Av. Balmaceda Remate 15 Octubre 2026,1156.7,47500000.0,43.0,26.9,66.0,2.0,0.0,,Santiago,Parque Los Reyes,2026-10-01,,https://www.portalinmobiliario.com/MLC-4526099734-departamento-santiago-av-balmaceda-remate-15-octubre-2026-_JM
"Venta Departamento 1d, Metro Santa Ana, Santiago",1339.3,55000000.0,48.0,27.9,73.0,1.0,0.0,62000.0,Santiago,Centro Histórico De Santiago,2026-09-23,2026-09-22,https://www.portalinmobiliario.com/MLC-4506396540-venta-departamento-1d-metro-santa-ana-santiago-_JM
Venta Departamento 4d Centro Histórico - Santiago,3336.1,137000000.0,116.0,28.76,62.0,4.0,0.0,150000.0,Santiago,Centro Histórico De Santiago,2026-09-20,2026-09-20,https://www.portalinmobiliario.com/MLC-2256976743-venta-departamento-4d-centro-historico-santiago-_JM
Depto 2 Dormitorios 2 Baños Vista Despejada Parque Los Reyes,1780.0,73096376.0,60.0,29.67,47.0,2.0,0.0,0.0,Santiago,Parque Los Reyes,2026-09-21,2026-09-21,https://www.portalinmobiliario.com/MLC-4499466432-depto-2-dormitorios-2-banos-vista-despejada-parque-los-reyes-_JM
"Inersion ,comercial O Habutacional 2d/1b Maciver (180206)",1826.4,75000000.0,61.0,29.94,53.0,2.0,0.0,75000.0,Santiago,Centro Histórico De Santiago,2026-09-25,2026-09-24,https://www.portalinmobiliario.com/MLC-4513700244-inersion-comercial-o-habutacional-2d1b-maciver-180206-_JM
"Oportunidad Única, San Isidro 635, 3dor 2b, Sin Comisión",1590.0,65293954.0,53.0,30.0,65.0,3.0,0.0,170000.0,Santiago,Barrio Diez De Julio,2026-09-29,2026-09-28,https://www.portalinmobiliario.com/MLC-2282587525-oportunidad-unica-san-isidro-635-3dor-2b-sin-comision-_JM
Departamento 2hab 1ba Cercano A Estación De Metro,1826.4,75000000.0,60.0,30.44,65.0,2.0,0.0,70000.0,Santiago,Barrio Diez De Julio,2026-09-25,2026-09-24,https://www.portalinmobiliario.com/MLC-4513393944-departamento-2hab-1ba-cercano-a-estacion-de-metro-_JM
Departamento En Venta En Santiago,3660.0,150299291.0,120.0,30.5,64.0,4.0,0.0,0.0,Santiago,Parque O'Higgins,2026-09-26,2026-09-25,https://www.portalinmobiliario.com/MLC-4516303766-departamento-en-venta-en-santiago-_JM
Único 3 Dormitorios + Bodega Metro Rondizzoni (183263),1320.0,54206302.0,43.0,30.7,72.0,3.0,0.0,80000.0,Santiago,Parque O'Higgins,2026-09-21,2026-09-21,https://www.portalinmobiliario.com/MLC-2259888161-unico-3-dormitorios-bodega-metro-rondizzoni-183263-_JM
Venta Departamento Santiago Centro San Antonio - Monjitas,2313.4,95000000.0,75.0,30.85,53.0,3.0,0.0,0.0,Santiago,Centro Histórico De Santiago,2026-10-01,,https://www.portalinmobiliario.com/MLC-2285758297-venta-departamento-santiago-centro-san-antonio-monjitas-_JM
Departamento Stgo Miguel León Prado Remate 15 Octubre 2026,992.7,40767020.0,32.0,31.02,83.0,1.0,0.0,,Santiago,Bogotá - Sierra Bella,2026-10-01,,https://www.portalinmobiliario.com/MLC-4525972044-departamento-stgo-miguel-leon-prado-remate-15-octubre-2026-_JM
"Depto. Gran Oportunidad, Precio Rebajado. Id. 41205",1710.0,70221800.0,55.0,31.09,65.0,2.0,0.0,,Santiago,Barrio Diez De Julio,2026-09-24,2026-09-23,https://www.portalinmobiliario.com/MLC-2271027351-depto-gran-oportunidad-precio-rebajado-id-41205-_JM
"Departamento En Venta De 3 Dorm. En Santiago, 2 Baños.",3774.5,155000000.0,120.0,31.45,62.0,3.0,0.0,80000.0,Santiago,Bulnes,2026-10-01,,https://www.portalinmobiliario.com/MLC-2290654451-departamento-en-venta-de-3-dorm-en-santiago-2-banos-_JM
Amplio Departamento Sector Cumming (171236),1960.0,80488145.0,62.0,31.61,47.0,3.0,0.0,60000.0,Santiago,Parque Los Reyes,2026-09-19,2026-09-19,https://www.portalinmobiliario.com/MLC-2256985533-amplio-departamento-sector-cumming-171236-_JM
Departamento En Zocalo (181014),1582.8,65000000.0,50.0,31.66,74.0,1.0,0.0,1.0,Santiago,Bulnes,2026-10-01,2026-10-01,https://www.portalinmobiliario.com/MLC-4531671308-departamento-en-zocalo-181014-_JM
Venta Departamento 2hab 2ba Santiago,2240.3,92000000.0,70.0,32.0,51.0,2.0,0.0,80000.0,Santiago,Centro Histórico De Santiago,2026-09-27,2026-09-26,https://www.portalinmobiliario.com/MLC-4519049306-venta-departamento-2hab-2ba-santiago-_JM
Remate Propiedad Departamento  U Oficina Santiago Centro,3287.4,135000000.0,102.0,32.23,55.0,3.0,0.0,150000.0,Santiago,Bulnes,2026-09-28,2026-09-27,https://www.portalinmobiliario.com/MLC-4522144566-remate-propiedad-departamento-u-oficina-santiago-centro-_JM
Cuarto Piso Con Bodega 2 Dormitorios (183695),1200.0,49278456.0,37.0,32.43,72.0,2.0,0.0,65000.0,Santiago,Parque O'Higgins,2026-09-24,2026-09-23,https://www.portalinmobiliario.com/MLC-4510325552-cuarto-piso-con-bodega-2-dormitorios-183695-_JM
Venta Departamento Santiago Sector Balmaceda 2 Dorm 1 Baño,1461.1,60000000.0,45.0,32.47,66.0,2.0,0.0,55000.0,Santiago,Parque Los Reyes,2026-09-27,2026-09-26,https://www.portalinmobiliario.com/MLC-4517584670-venta-departamento-santiago-sector-balmaceda-2-dorm-1-bano-_JM
"Gran Liquidación Dpto Adj En Remate 3 D Y 1 B, Santiago.",1464.0,60119716.0,45.0,32.53,66.0,3.0,0.0,50000.0,Santiago,Barrio Yungay,2026-09-22,2026-09-21,https://www.portalinmobiliario.com/MLC-2265338957-gran-liquidacion-dpto-adj-en-remate-3-d-y-1-b-santiago-_JM
Luminoso Y Amplio Departamento Santiago,3060.0,125660063.0,94.0,32.55,57.0,3.0,1.0,0.0,Santiago,Parque O'Higgins,2026-09-27,2026-09-26,https://www.portalinmobiliario.com/MLC-2278340959-luminoso-y-amplio-departamento-santiago-_JM
Vendo Dpto En Santiago 2d 2b,3263.1,134000000.0,100.0,32.63,53.0,2.0,0.0,80000.0,Santiago,Centro Histórico De Santiago,2026-09-28,2026-09-27,https://www.portalinmobiliario.com/MLC-4520030362-vendo-dpto-en-santiago-2d-2b-_JM
Departamento En Venta En Meiggs Santiago,2018.7,82900000.0,61.0,33.09,48.0,3.0,1.0,122000.0,Santiago,Meiggs,2026-09-23,2026-09-22,https://www.portalinmobiliario.com/MLC-2267423375-departamento-en-venta-en-meiggs-santiago-_JM
Amplio Depto De 110 Mt2 Con Gran Potencial,3660.0,150299291.0,110.0,33.27,55.0,4.0,0.0,60000.0,Santiago,Bulnes,2026-09-24,2026-09-23,https://www.portalinmobiliario.com/MLC-4510758772-amplio-depto-de-110-mt2-con-gran-potencial-_JM
Departamento Lord Cochrane Id: 133796,1500.0,61598070.0,45.0,33.33,72.0,2.0,1.0,54000.0,Santiago,Parque O'Higgins,2026-09-21,2026-09-21,https://www.portalinmobiliario.com/MLC-2261827245-departamento-lord-cochrane-id-133796-_JM
Venta Departamento 2d Y 2b Cerca De Futura Metro Línea 7,1775.0,72891050.0,53.0,33.49,47.0,2.0,0.0,90000.0,Santiago,Parque Los Reyes,2026-09-23,2026-09-22,https://www.portalinmobiliario.com/MLC-4506283356-venta-departamento-2d-y-2b-cerca-de-futura-metro-linea-7-_JM
"Departamento En Venta De 3d, Cercano A Av Matta, En Santiago",2400.0,98556912.0,71.0,33.8,54.0,3.0,0.0,0.0,Santiago,Parque O'Higgins,2026-09-23,2026-09-22,https://www.portalinmobiliario.com/MLC-2268753325-departamento-en-venta-de-3d-cercano-a-av-matta-en-santiago-_JM
Departamento 2 Domitorios Con Vista Despejada,1656.0,68004269.0,49.0,33.8,75.0,2.0,0.0,61000.0,Santiago,Parque O'Higgins,2026-09-29,2026-09-28,https://www.portalinmobiliario.com/MLC-2282625833-departamento-2-domitorios-con-vista-despejada-_JM
Departamento Antiguo - Uso Oficina/habitacional,1704.6,70000000.0,50.0,34.09,73.0,1.0,0.0,60000.0,Santiago,Bulnes,2026-09-23,2026-09-22,https://www.portalinmobiliario.com/MLC-2267436595-departamento-antiguo-uso-oficinahabitacional-_JM
Oportunidad Por Apuro. Opción De Remodelar.,1168.9,48000000.0,34.0,34.38,66.0,1.0,0.0,30000.0,Santiago,Parque Los Reyes,2026-09-29,2026-09-28,https://www.portalinmobiliario.com/MLC-4523747558-oportunidad-por-apuro-opcion-de-remodelar-_JM
"Depto 3d 2b, Cueto 1221, Santiago",2069.9,85000000.0,60.0,34.5,47.0,3.0,0.0,0.0,Santiago,Parque Los Reyes,2026-09-21,2026-09-21,https://www.portalinmobiliario.com/MLC-4499466784-depto-3d-2b-cueto-1221-santiago-_JM
Real Oportunidad Departamento U Oficina Santiago Centro,2191.6,90000000.0,63.0,34.79,54.0,1.0,0.0,0.0,Santiago,Bulnes,2026-09-28,2026-09-27,https://www.portalinmobiliario.com/MLC-4522130040-real-oportunidad-departamento-u-oficina-santiago-centro-_JM
Departamento En Venta De 2 Dorm. En Santiago,1461.1,60000000.0,42.0,34.79,72.0,2.0,0.0,65000.0,Santiago,Parque O'Higgins,2026-09-21,2026-09-21,https://www.portalinmobiliario.com/MLC-2263574453-departamento-en-venta-de-2-dorm-en-santiago-_JM
"Depto 2 Dormitorios 1 Baño, Metro Moneda 58 Mtr2",2021.2,83000000.0,58.0,34.85,54.0,2.0,0.0,60000.0,Santiago,Bulnes,2026-10-01,2026-10-01,https://www.portalinmobiliario.com/MLC-2290656495-depto-2-dormitorios-1-bano-metro-moneda-58-mtr2-_JM
"Oportunidad Única, Av. Ejercito 688, 1dor 1b, Sin Comisión",1290.0,52974340.0,37.0,34.86,74.0,1.0,0.0,120000.0,Santiago,Ejército - Toesca,2026-10-01,2026-10-01,https://www.portalinmobiliario.com/MLC-2290680727-oportunidad-unica-av-ejercito-688-1dor-1b-sin-comision-_JM
Departamento En Venta De 3 Dorm. En Santiago,2386.4,98000000.0,68.0,35.09,53.0,3.0,0.0,70000.0,Santiago,Centro Histórico De Santiago,2026-09-18,2026-09-18,https://www.portalinmobiliario.com/MLC-4491460998-departamento-en-venta-de-3-dorm-en-santiago-_JM
Excelente Inversión En Pleno Centro (160833),2386.4,98000000.0,68.0,35.09,53.0,3.0,0.0,0.0,Santiago,Barrio Brasil,2026-09-28,2026-09-27,https://www.portalinmobiliario.com/MLC-4520042426-excelente-inversion-en-pleno-centro-160833-_JM
¡¡¡mejor Imposible!!! Departamento Con Vista Panorámica,1830.0,75149645.0,52.0,35.19,47.0,3.0,0.0,90000.0,Santiago,Parque Los Reyes,2026-09-24,2026-09-23,https://www.portalinmobiliario.com/MLC-4510300084-mejor-imposible-departamento-con-vista-panoramica-_JM
Metro Parque O´higgins,1690.0,69400492.0,48.0,35.21,74.0,2.0,0.0,55000.0,Santiago,Parque O'Higgins,2026-09-18,2026-09-18,https://www.portalinmobiliario.com/MLC-4490278238-metro-parque-ohiggins-_JM
Cómodo Departamento En Quinta Normal,1795.9,73750000.0,51.0,35.21,68.0,3.0,0.0,80000.0,Santiago,Barrio República,2026-09-27,2026-09-26,https://www.portalinmobiliario.com/MLC-4516308686-comodo-departamento-en-quinta-normal-_JM
Vendo Departamento  Metro Cal Y Canto Frente A E.mapocho,1339.3,55000000.0,38.0,35.24,72.0,1.0,0.0,70000.0,Santiago,Centro Histórico De Santiago,2026-09-29,2026-09-28,https://www.portalinmobiliario.com/MLC-2282574031-vendo-departamento-metro-cal-y-canto-frente-a-emapocho-_JM
Hermoso Depto 3d Y Estacionmiento En Nataniel Cox,1729.0,71000000.0,49.0,35.29,72.0,3.0,1.0,70000.0,Santiago,Franklin - Biobío,2026-09-24,2026-09-23,https://www.portalinmobiliario.com/MLC-4510769728-hermoso-depto-3d-y-estacionmiento-en-nataniel-cox-_JM
"Cerro Huelen, Quito,antiguo",4767.0,195758666.0,135.0,35.31,79.0,8.0,0.0,87000.0,Santiago,Barrio San Borja,2026-09-24,2026-09-23,https://www.portalinmobiliario.com/MLC-4510796712-cerro-huelen-quitoantiguo-_JM
"Cerro Huelen, Quito,antiguo",4767.0,195758666.0,135.0,35.31,79.0,8.0,0.0,87000.0,Santiago,Barrio San Borja,2026-09-24,2026-09-23,https://www.portalinmobiliario.com/MLC-4510770336-cerro-huelen-quitoantiguo-_JM
Departamento En Venta De 3 Dorm. En Santiago,3500.0,143728830.0,99.0,35.35,55.0,3.0,0.0,65000.0,Santiago,Centro Histórico De Santiago,2026-09-23,2026-09-22,https://www.portalinmobiliario.com/MLC-4505447052-departamento-en-venta-de-3-dorm-en-santiago-_JM
Oportunidad Departamento En Venta De 3 Dorm. En Santiago,2410.8,99000000.0,68.0,35.45,,3.0,0.0,,Santiago,Barrio Brasil,2026-10-01,2026-09-19,https://www.portalinmobiliario.com/MLC-4525973606-oportunidad-departamento-en-venta-de-3-dorm-en-santiago-_JM
Metro Parque Almagro Oportunidad,2069.9,85000000.0,58.0,35.69,54.0,2.0,0.0,1000000.0,Santiago,San Diego,2026-09-23,2026-09-22,https://www.portalinmobiliario.com/MLC-4509221614-metro-parque-almagro-oportunidad-_JM
"Hermosa Vista Depejada, 2d, 1b, Parque Ohiggins",1750.0,71864415.0,49.0,35.71,74.0,2.0,0.0,,Santiago,San Diego,2026-09-18,2026-09-18,https://www.portalinmobiliario.com/MLC-4490231046-hermosa-vista-depejada-2d-1b-parque-ohiggins-_JM
Oportunidad Para Invertir En Santiago,1399.0,57450467.0,39.0,35.87,74.0,2.0,0.0,55000.0,Santiago,Parque O'Higgins,2026-09-21,2026-09-21,https://www.portalinmobiliario.com/MLC-4499778924-oportunidad-para-invertir-en-santiago-_JM
"Beauchuef, Oportunidad! Con Terraza.",1872.6,76900000.0,52.0,36.01,53.0,2.0,0.0,110000.0,Santiago,Parque O'Higgins,2026-09-29,2026-09-28,https://www.portalinmobiliario.com/MLC-2282597187-beauchuef-oportunidad-con-terraza-_JM
Venta Departamento 2hab 2ba Santiago,2167.3,89000000.0,60.0,36.12,54.0,2.0,1.0,0.0,Santiago,San Diego,2026-10-01,2026-10-01,https://www.portalinmobiliario.com/MLC-2288273645-venta-departamento-2hab-2ba-santiago-_JM
Departamento En Venta De 4 Dorm. En Santiago,4383.3,180000000.0,120.0,36.53,62.0,4.0,0.0,140000.0,Santiago,Centro Histórico De Santiago,2026-09-22,2026-09-22,https://www.portalinmobiliario.com/MLC-2264534571-departamento-en-venta-de-4-dorm-en-santiago-_JM
"Dúplex 87 M², 5 Terrazas, 2d, 2b, Metro O'higgins",2556.9,105000000.0,70.0,36.53,54.0,2.0,0.0,,Santiago,Parque O'Higgins,2026-10-01,,https://www.portalinmobiliario.com/MLC-2285734447-duplex-87-m-5-terrazas-2d-2b-metro-ohiggins-_JM
Departamento Avenida Mapocho Id: 168509,2191.6,90000000.0,60.0,36.53,51.0,2.0,0.0,110000.0,Santiago,Centro Histórico De Santiago,2026-09-25,2026-09-24,https://www.portalinmobiliario.com/MLC-2274087965-departamento-avenida-mapocho-id-168509-_JM
Venta Departamento San Antonio Santiago Centro,2045.5,84000000.0,56.0,36.53,53.0,1.0,0.0,80000.0,Santiago,Centro Histórico De Santiago,2026-09-24,2026-09-22,https://www.portalinmobiliario.com/MLC-2264467539-venta-departamento-san-antonio-santiago-centro-_JM
"Depto Tipo Mariposa Con Vista Despejada Al Oriente, Santiago",1826.4,75000000.0,50.0,36.53,66.0,2.0,0.0,70000.0,Santiago,Barrio Yungay,2026-10-01,2026-09-18,https://www.portalinmobiliario.com/MLC-2283617503-depto-tipo-mariposa-con-vista-despejada-al-oriente-santiago-_JM
"Santa Isabel 517, Santiago",1654.7,67950000.0,45.0,36.77,83.0,2.0,0.0,1.0,Santiago,Santa Isabel,2026-09-25,2026-09-24,https://www.portalinmobiliario.com/MLC-2274077217-santa-isabel-517-santiago-_JM
"Departamento 2d,2b Piso 1 En Patio Interior  (64147)",2069.9,85000000.0,56.0,36.96,54.0,2.0,0.0,98000.0,Santiago,San Diego,2026-09-27,2026-09-26,https://www.portalinmobiliario.com/MLC-2277775709-departamento-2d2b-piso-1-en-patio-interior-64147-_JM
Inversión O Vivir En Excelente Ubicación,1959.0,80447079.0,53.0,36.96,65.0,2.0,1.0,100000.0,Santiago,San Diego,2026-09-18,2026-09-18,https://www.portalinmobiliario.com/MLC-4490120816-inversion-o-vivir-en-excelente-ubicacion-_JM
Venta Departamento 2hab 1ba Santiago,1850.0,75970953.0,50.0,37.0,73.0,2.0,0.0,120000.0,Santiago,Centro Histórico De Santiago,2026-09-23,2026-09-22,https://www.portalinmobiliario.com/MLC-2267400079-venta-departamento-2hab-1ba-santiago-_JM
Vendemos Depto 2 Dormitorios  - Frente Teatro Teletón,1850.0,75970953.0,50.0,37.0,74.0,2.0,0.0,90000.0,Santiago,Centro Histórico De Santiago,2026-09-23,2026-09-22,https://www.portalinmobiliario.com/MLC-2268754511-vendemos-depto-2-dormitorios-frente-teatro-teleton-_JM
Para Remodelar - Metro Republica -  Inversión,1150.0,47225187.0,31.0,37.1,68.0,1.0,0.0,25000.0,Santiago,Barrio República,2026-10-01,2026-09-21,https://www.portalinmobiliario.com/MLC-4528544204-para-remodelar-metro-republica-inversion-_JM
"Torres San Borja , Venta Departamento  (181574)",3043.9,125000000.0,82.0,37.12,80.0,3.0,0.0,75000.0,Santiago,Barrio San Borja,2026-09-25,2026-09-24,https://www.portalinmobiliario.com/MLC-4513396458-torres-san-borja-venta-departamento-181574-_JM
Departamento En Venta 1d Bodega 7 Min Metro L2 Y L3,1450.0,59544801.0,39.0,37.18,75.0,1.0,0.0,60000.0,Santiago,Bulnes,2026-09-26,2026-09-25,https://www.portalinmobiliario.com/MLC-4515398828-departamento-en-venta-1d-bodega-7-min-metro-l2-y-l3-_JM
Parque Almagro Metros Moneda Y Toesca,1600.0,65704608.0,43.0,37.21,75.0,1.0,0.0,55000.0,Santiago,Parque Almagro,2026-09-25,2026-09-24,https://www.portalinmobiliario.com/MLC-2274117417-parque-almagro-metros-moneda-y-toesca-_JM
"Departamento Metro Moneda 3d,1b",1910.0,78434876.0,51.0,37.45,75.0,3.0,0.0,125000.0,Santiago,Parque Almagro,2026-09-24,2026-09-23,https://www.portalinmobiliario.com/MLC-4510794128-departamento-metro-moneda-3d1b-_JM
Dpto. En Venta Santiago Sur.  (184539),2100.0,86237298.0,56.0,37.5,54.0,2.0,0.0,70000.0,Santiago,San Diego,2026-10-01,2026-10-01,https://www.portalinmobiliario.com/MLC-4530121666-dpto-en-venta-santiago-sur-184539-_JM
Oportunidad Venta Santiago Centro,2100.0,86237298.0,56.0,37.5,47.0,2.0,0.0,95000.0,Santiago,Parque Los Reyes,2026-10-01,,https://www.portalinmobiliario.com/MLC-2285724943-oportunidad-venta-santiago-centro-_JM
Vive En General Bulnes Departamento 3d 1b Y Estacionamiento,2030.0,83362721.0,54.0,37.59,47.0,3.0,1.0,0.0,Santiago,Parque Los Reyes,2026-09-28,2026-09-27,https://www.portalinmobiliario.com/MLC-4522101724-vive-en-general-bulnes-departamento-3d-1b-y-estacionamiento-_JM
Depto Amplio 55m2 -1d Y 1b Edificio De Carabineros En Frente,2069.9,85000000.0,55.0,37.63,53.0,1.0,0.0,95000.0,Santiago,Centro Histórico De Santiago,2026-09-21,2026-09-21,https://www.portalinmobiliario.com/MLC-4499777104-depto-amplio-55m2-1d-y-1b-edificio-de-carabineros-en-frente-_JM
Especial Familia 2 Baños Con Niños,2069.9,85000000.0,55.0,37.63,61.0,3.0,0.0,75000.0,Santiago,Bogotá - Sierra Bella,2026-10-01,2026-09-18,https://www.portalinmobiliario.com/MLC-2283643323-especial-familia-2-banos-con-ninos-_JM
Venta Depto 1 Dormitorio Parque Ohiggins Stgo  (177047),1509.8,62000000.0,40.0,37.74,75.0,1.0,0.0,60000.0,Santiago,Santiago,2026-09-28,2026-09-27,https://www.portalinmobiliario.com/MLC-4520029526-venta-depto-1-dormitorio-parque-ohiggins-stgo-177047-_JM
Venta Depto 1d1b Santiago Metro Parque Ohiggins (177052),1509.8,62000000.0,40.0,37.74,75.0,1.0,0.0,60000.0,Santiago,Santiago,2026-09-28,2026-09-27,https://www.portalinmobiliario.com/MLC-2280138089-venta-depto-1d1b-santiago-metro-parque-ohiggins-177052-_JM
Oportunidad ¡departamento En Santiago Por Solo Uf.1270 !,1095.8,45000000.0,29.0,37.79,83.0,1.0,0.0,80000.0,Santiago,Santa Isabel,2026-10-01,2026-10-01,https://www.portalinmobiliario.com/MLC-4533907730-oportunidad-departamento-en-santiago-por-solo-uf1270--_JM
Departamento En Venta De 3 Dorm. En Santiago,1814.2,74500000.0,48.0,37.8,83.0,3.0,0.0,45000.0,Santiago,Bogotá - Sierra Bella,2026-10-01,,https://www.portalinmobiliario.com/MLC-2290628283-departamento-en-venta-de-3-dorm-en-santiago-_JM
"Se Aceptan Ofertas  Venta Departamento 2d , 1b",1363.7,56000000.0,36.0,37.88,75.0,2.0,0.0,0.0,Santiago,Parque O'Higgins,2026-09-27,2026-09-26,https://www.portalinmobiliario.com/MLC-4517589992-se-aceptan-ofertas-venta-departamento-2d-1b-_JM
Departamento En Venta De 2 Dorm. En Santiago,2500.0,102663450.0,66.0,37.88,53.0,2.0,0.0,0.0,Santiago,Centro Histórico De Santiago,2026-09-24,2026-09-23,https://www.portalinmobiliario.com/MLC-4510766172-departamento-en-venta-de-2-dorm-en-santiago-_JM
"Sin Gasto Comun, Amplios 2 Dor+estacionamiento (184347)",2199.0,90302771.0,58.0,37.91,65.0,2.0,1.0,10000.0,Santiago,Barrio Diez De Julio,2026-10-01,,https://www.portalinmobiliario.com/MLC-2285775725-sin-gasto-comun-amplios-2-dorestacionamiento-184347-_JM
Departamento Moneda Id: 7226,2200.0,90343836.0,58.0,37.93,53.0,2.0,0.0,120000.0,Santiago,Centro Histórico De Santiago,2026-09-28,2026-09-27,https://www.portalinmobiliario.com/MLC-4520041996-departamento-moneda-id-7226-_JM
Venta Departamento 2hab 1ba Santiago,2922.2,120000000.0,77.0,37.95,53.0,2.0,0.0,0.0,Santiago,Centro Histórico De Santiago,2026-09-23,2026-09-22,https://www.portalinmobiliario.com/MLC-2267398075-venta-departamento-2hab-1ba-santiago-_JM
"Oferta! Departamento Con Estacionamiento Y Bodega, Santiago",1899.4,78000000.0,50.0,37.99,74.0,2.0,1.0,60000.0,Santiago,Parque O'Higgins,2026-09-23,2026-09-22,https://www.portalinmobiliario.com/MLC-2268144429-oferta-departamento-con-estacionamiento-y-bodega-santiago-_JM
Lord Cochrane / Metro Moneda,1900.0,78024222.0,50.0,38.0,74.0,2.0,0.0,,Santiago,Bulnes,2026-09-21,2026-09-21,https://www.portalinmobiliario.com/MLC-4500846156-lord-cochrane-metro-moneda-_JM
Departamento En Santiago,2510.0,103074104.0,66.0,38.03,54.0,3.0,0.0,,Santiago,,2026-09-23,2026-09-22,https://www.portalinmobiliario.com/MLC-2267436931-departamento-en-santiago-_JM
Departamento En Santiago,2510.0,103074104.0,66.0,38.03,54.0,3.0,0.0,,Santiago,,2026-09-23,2026-09-22,https://www.portalinmobiliario.com/MLC-2267436899-departamento-en-santiago-_JM
"Dpto 2 Dormitorios,2 Baños, Metro Santa Ana (172571)",2435.1,100000000.0,64.0,38.05,47.0,2.0,0.0,100000.0,Santiago,Barrio Brasil,2026-09-26,2026-09-25,https://www.portalinmobiliario.com/MLC-2276119349-dpto-2-dormitorios2-banos-metro-santa-ana-172571-_JM
"Se Vende Departamento 2 H 1 B, Carmen Con Marcoleta",2362.1,97000000.0,62.0,38.1,68.0,2.0,0.0,35000.0,Santiago,Santa Isabel,2026-09-26,2026-09-25,https://www.portalinmobiliario.com/MLC-4514984940-se-vende-departamento-2-h-1-b-carmen-con-marcoleta-_JM
"Depto 2d/1b /estac En Venta, Santiago Centro",1795.0,73712357.0,47.0,38.19,72.0,2.0,1.0,95000.0,Santiago,Parque Los Reyes,2026-09-25,2026-09-24,https://www.portalinmobiliario.com/MLC-2274562549-depto-2d1b-estac-en-venta-santiago-centro-_JM
Venta Depto San Martín - M. Santa Ana 2d-1b-b,1490.0,61187416.0,39.0,38.21,,2.0,0.0,,Santiago,Centro Histórico De Santiago,2026-09-21,2026-09-21,https://www.portalinmobiliario.com/MLC-4497580702-venta-depto-san-martin-m-santa-ana-2d-1b-b-_JM
Venta Departamento 1hab 1ba Santiago,1339.3,55000000.0,35.0,38.27,75.0,1.0,0.0,47000.0,Santiago,Parque O'Higgins,2026-09-27,2026-09-26,https://www.portalinmobiliario.com/MLC-2278814669-venta-departamento-1hab-1ba-santiago-_JM
Vendemos Confortable Departamento En Calle Cóndor,1990.0,81720106.0,52.0,38.27,54.0,2.0,0.0,40000.0,Santiago,San Diego,2026-09-23,2026-09-22,https://www.portalinmobiliario.com/MLC-2268793199-vendemos-confortable-departamento-en-calle-condor-_JM
"Santa Elena Altura 1722, Santiago",2030.0,83362721.0,53.0,38.3,61.0,3.0,0.0,1.0,Santiago,Bogotá - Sierra Bella,2026-09-23,2026-09-22,https://www.portalinmobiliario.com/MLC-4509221054-santa-elena-altura-1722-santiago-_JM
"Departamento 1d En Av. España, Cercano A Metro Republica",1729.0,71000000.0,45.0,38.42,68.0,1.0,0.0,80000.0,Santiago,Barrio República,2026-09-23,2026-09-22,https://www.portalinmobiliario.com/MLC-4506286504-departamento-1d-en-av-espana-cercano-a-metro-republica-_JM
"Remodelado 3d 2b, 65 M2 Con Walk-in Clóset, Arrendado",2500.0,102663450.0,65.0,38.46,54.0,3.0,0.0,90000.0,Santiago,Parque Almagro,2026-10-01,2026-10-01,https://www.portalinmobiliario.com/MLC-4530699394-remodelado-3d-2b-65-m2-con-walk-in-closet-arrendado-_JM
Departamento Duplex,3311.8,136000000.0,86.0,38.51,49.0,3.0,0.0,90000.0,Santiago,Barrio República,2026-09-21,2026-09-21,https://www.portalinmobiliario.com/MLC-4499467838-departamento-duplex-_JM
"Se Vende Dpto., Cerca Metro Parque O¨higgins (99455)",2118.6,87000000.0,55.0,38.52,54.0,2.0,1.0,95000.0,Santiago,Parque Almagro,2026-10-01,2026-10-01,https://www.portalinmobiliario.com/MLC-4531645226-se-vende-dpto-cerca-metro-parque-ohiggins-99455-_JM
Depto Portada Antofagasta 1er Piso 2d+1b+terraza+patio+bodeg,2313.4,95000000.0,60.0,38.56,53.0,2.0,0.0,38000.0,Santiago,Santiago,2026-09-24,2026-09-23,https://www.portalinmobiliario.com/MLC-4510779444-depto-portada-antofagasta-1er-piso-2d1bterrazapatiobodeg-_JM
Depto. En Venta Barrio Brasil 4d 2b,4626.8,190000000.0,120.0,38.56,62.0,4.0,1.0,20000.0,Santiago,Barrio Brasil,2026-09-23,2026-09-22,https://www.portalinmobiliario.com/MLC-4509207840-depto-en-venta-barrio-brasil-4d-2b-_JM
Venta 2 Dormitorios 2 Baños Terraza Inversión,1700.0,69811146.0,44.0,38.64,72.0,2.0,0.0,80000.0,Santiago,Franklin - Biobío,2026-09-24,2026-09-23,https://www.portalinmobiliario.com/MLC-4510754690-venta-2-dormitorios-2-banos-terraza-inversion-_JM
Depto 2 Dormitorio 1 Baño Con Terraza Santa Rosa,2126.0,87304998.0,55.0,38.65,54.0,2.0,0.0,100000.0,Santiago,Bulnes,2026-10-01,2026-10-01,https://www.portalinmobiliario.com/MLC-4528542520-depto-2-dormitorio-1-bano-con-terraza-santa-rosa-_JM
Comodo Departamento En San Diego 1499,1550.0,63651339.0,40.0,38.75,72.0,2.0,0.0,74000.0,Santiago,Parque O'Higgins,2026-10-01,,https://www.portalinmobiliario.com/MLC-4526100934-comodo-departamento-en-san-diego-1499-_JM
¡vive En Santiago! Depto. Céntrico Por $78 Millones,1899.4,78000000.0,49.0,38.76,75.0,,0.0,,Santiago,Parque O'Higgins,2026-09-28,2026-09-27,https://www.portalinmobiliario.com/MLC-4520106698-vive-en-santiago-depto-centrico-por-78-millones-_JM
Departamento En Venta De 3 Dorm. En Santiago,1823.9,74900000.0,47.0,38.81,83.0,3.0,0.0,62000.0,Santiago,Bogotá - Sierra Bella,2026-10-01,,https://www.portalinmobiliario.com/MLC-4531690978-departamento-en-venta-de-3-dorm-en-santiago-_JM
Luminoso Depto. Con Gran Conectividad (184688),2600.0,106769988.0,67.0,38.81,54.0,2.0,0.0,70000.0,Santiago,Ejército - Toesca,2026-10-01,2026-10-01,https://www.portalinmobiliario.com/MLC-2290656109-luminoso-depto-con-gran-conectividad-184688-_JM
Departamento En Venta En Santiago Centro,1631.5,67000000.0,42.0,38.85,74.0,,0.0,75000.0,Santiago,Parque Almagro,2026-10-01,,https://www.portalinmobiliario.com/MLC-4531691052-departamento-en-venta-en-santiago-centro-_JM
Paseo Bulnes · Luminoso · Vista Oriente · Sin Contrib,1826.4,75000000.0,47.0,38.86,74.0,1.0,0.0,48000.0,Santiago,Parque Almagro,2026-09-23,2026-09-22,https://www.portalinmobiliario.com/MLC-4506399100-paseo-bulnes-luminoso-vista-oriente-sin-contrib-_JM
¡vive El Encanto Urbano En Santiago Centro!,1363.7,56000000.0,35.0,38.96,71.0,1.0,0.0,80000.0,Santiago,Centro Histórico De Santiago,2026-09-23,2026-09-22,https://www.portalinmobiliario.com/MLC-4505395422-vive-el-encanto-urbano-en-santiago-centro-_JM
Se Vende Departamento En Club Hípico,4450.0,182740941.0,114.0,39.04,64.0,3.0,0.0,120000.0,Santiago,Parque O'Higgins,2026-09-24,2026-09-23,https://www.portalinmobiliario.com/MLC-4509174286-se-vende-departamento-en-club-hipico-_JM
Amplio. Av. Manuel Rodríguez. Metro Santa Ana (172884),2390.0,98146258.0,61.0,39.18,51.0,2.0,0.0,140000.0,Santiago,Centro Histórico De Santiago,2026-09-27,2026-09-26,https://www.portalinmobiliario.com/MLC-4517626486-amplio-av-manuel-rodriguez-metro-santa-ana-172884-_JM
Departamento En Venta En Santiago Metro Cal Y Canto,1490.0,61187416.0,38.0,39.21,72.0,1.0,0.0,90000.0,Santiago,Centro Histórico De Santiago,2026-09-25,2026-09-24,https://www.portalinmobiliario.com/MLC-2274579093-departamento-en-venta-en-santiago-metro-cal-y-canto-_JM
Amplio Departamento 1 Dorm. Gral Mackenna/ Teatinos,1726.5,70900000.0,44.0,39.24,72.0,1.0,0.0,70000.0,Santiago,Centro Histórico De Santiago,2026-09-26,2026-09-25,https://www.portalinmobiliario.com/MLC-2275609083-amplio-departamento-1-dorm-gral-mackenna-teatinos-_JM
Metro Cal Y Canto 3d/ 1b/ Bodega,2244.0,92150713.0,57.0,39.37,51.0,3.0,0.0,100000.0,Santiago,Centro Histórico De Santiago,2026-09-22,2026-09-22,https://www.portalinmobiliario.com/MLC-2264536259-metro-cal-y-canto-3d-1b-bodega-_JM
Estilo Y Comodidad En Exclusiva Ubicación (184126),1655.9,68000000.0,42.0,39.43,75.0,,0.0,67000.0,Santiago,Bulnes,2026-09-27,2026-09-26,https://www.portalinmobiliario.com/MLC-4519049534-estilo-y-comodidad-en-exclusiva-ubicacion-184126-_JM
"3 Dorm, 1 Baño, Conexión Lavadora (80720)",1700.0,69811146.0,43.0,39.53,72.0,3.0,0.0,80000.0,Santiago,Parque O'Higgins,2026-10-01,2026-10-01,https://www.portalinmobiliario.com/MLC-4531684164-3-dorm-1-bano-conexion-lavadora-80720-_JM
¡oportunidad! Cerca Del Metro Matta  Y Hospital San Borja,1780.0,73096376.0,45.0,39.56,83.0,3.0,0.0,60000.0,Santiago,Bogotá - Sierra Bella,2026-09-25,2026-09-24,https://www.portalinmobiliario.com/MLC-4513402580-oportunidad-cerca-del-metro-matta-y-hospital-san-borja-_JM
Amplio Y Comodo Departamento Bien Ubicado (162889),3409.2,140000000.0,86.0,39.64,55.0,3.0,0.0,85000.0,Santiago,Parque Almagro,2026-10-01,2026-10-01,https://www.portalinmobiliario.com/MLC-2288281589-amplio-y-comodo-departamento-bien-ubicado-162889-_JM
Dpto Familiar Cercano A Metro L3 Y L2,2500.0,102663450.0,63.0,39.68,54.0,3.0,1.0,150000.0,Santiago,San Diego,2026-09-24,2026-09-23,https://www.portalinmobiliario.com/MLC-4510755234-dpto-familiar-cercano-a-metro-l3-y-l2-_JM
"Florianopolis, Brasil",2581.2,106000000.0,65.0,39.71,114.0,2.0,0.0,0.0,Las Condes,Estoril,2026-09-21,,https://www.portalinmobiliario.com/MLC-2262138017-florianopolis-brasil-_JM
Departamento Un Dormitorio Un Baño Arturo Oprat 1312,1590.0,65293954.0,40.0,39.75,74.0,1.0,0.0,77000.0,Santiago,Parque O'Higgins,2026-09-23,2026-09-22,https://www.portalinmobiliario.com/MLC-4506384736-departamento-un-dormitorio-un-bano-arturo-oprat-1312-_JM
Amplios Espacios Perfectamente Distribuidos,2386.4,98000000.0,60.0,39.77,54.0,3.0,0.0,70000.0,Santiago,San Diego,2026-09-24,2026-09-23,https://www.portalinmobiliario.com/MLC-4510794036-amplios-espacios-perfectamente-distribuidos-_JM
Departamento 1d 1b Santiago Centro Metro Parque Ohiggins,1193.2,49000000.0,30.0,39.77,72.0,1.0,0.0,45000.0,Santiago,Parque O'Higgins,2026-09-26,2026-09-25,https://www.portalinmobiliario.com/MLC-2275708297-departamento-1d-1b-santiago-centro-metro-parque-ohiggins-_JM
Presidente Balmaceda 2914 / Frente Parque De Los Reyes,1990.0,81720106.0,50.0,39.8,66.0,2.0,0.0,60000.0,Santiago,Parque Los Reyes,2026-09-25,2026-09-24,https://www.portalinmobiliario.com/MLC-2274581883-presidente-balmaceda-2914-frente-parque-de-los-reyes-_JM
Departamento En Venta | 2d 1 B + Bodega | Metro Los Héroes,1990.0,81720106.0,50.0,39.8,74.0,2.0,0.0,,Santiago,Centro Histórico De Santiago,2026-09-28,2026-09-27,https://www.portalinmobiliario.com/MLC-4519053484-departamento-en-venta-2d-1-b-bodega-metro-los-heroes-_JM
Dpto Con Hermosa Vista Interior - Eyzaguirre / San Diego,2556.9,105000000.0,64.0,39.95,54.0,3.0,1.0,100000.0,Santiago,Parque Almagro,2026-09-23,2026-09-22,https://www.portalinmobiliario.com/MLC-2268758043-dpto-con-hermosa-vista-interior-eyzaguirre-san-diego-_JM
Rosas (piso 2),2678.7,110000000.0,67.0,39.98,47.0,2.0,0.0,,Santiago,Barrio Yungay,2026-09-21,2026-09-21,https://www.portalinmobiliario.com/MLC-4500846152-rosas-piso-2-_JM
"Venta, Departamento, Santiago. 2d/1b",1600.0,65704608.0,40.0,40.0,75.0,2.0,0.0,45000.0,Santiago,Parque O'Higgins,2026-09-25,2026-09-24,https://www.portalinmobiliario.com/MLC-4515016994-venta-departamento-santiago-2d1b-_JM
Buena Ubicación. Excelente Calidad. Bajo Precio,3600.0,147835368.0,90.0,40.0,55.0,3.0,0.0,95000.0,Santiago,Barrio Brasil,2026-09-29,2026-09-28,https://www.portalinmobiliario.com/MLC-2282597433-buena-ubicacion-excelente-calidad-bajo-precio-_JM
Departamento En Venta De 2 Dorm. En Santiago,2200.0,90343836.0,55.0,40.0,47.0,2.0,1.0,80000.0,Santiago,Parque Los Reyes,2026-10-01,2026-10-01,https://www.portalinmobiliario.com/MLC-2290630139-departamento-en-venta-de-2-dorm-en-santiago-_JM
Inversión Segura En Área De Alta Demanda (184558),1840.0,75560299.0,46.0,40.0,74.0,1.0,0.0,70000.0,Santiago,Centro Histórico De Santiago,2026-10-01,2026-10-01,https://www.portalinmobiliario.com/MLC-4530722686-inversion-segura-en-area-de-alta-demanda-184558-_JM
Buen  Depto. Con Excelente Conectividad . (143943),1400.0,57491532.0,35.0,40.0,74.0,1.0,0.0,50000.0,Santiago,Bulnes,2026-10-01,2026-10-01,https://www.portalinmobiliario.com/MLC-4531670760-buen-depto-con-excelente-conectividad-143943-_JM
Venta Departamento 3hab 2ba Santiago,2400.0,98556912.0,60.0,40.0,54.0,3.0,0.0,70000.0,Santiago,San Diego,2026-09-24,2026-09-23,https://www.portalinmobiliario.com/MLC-4510755756-venta-departamento-3hab-2ba-santiago-_JM
Departamento Cerca Estación Mapocho (115726),3409.2,140000000.0,85.0,40.11,53.0,3.0,0.0,140000.0,Santiago,Centro Histórico De Santiago,2026-10-01,2026-10-01,https://www.portalinmobiliario.com/MLC-4531645160-departamento-cerca-estacion-mapocho-115726-_JM
¡vive En El Corazón De Santiago Con Estilo!,2206.0,90590228.0,55.0,40.11,65.0,2.0,0.0,130000.0,Santiago,Santa Isabel,2026-09-21,2026-09-21,https://www.portalinmobiliario.com/MLC-2264196301-vive-en-el-corazon-de-santiago-con-estilo-_JM
Departamento En Venta En Santiago,2408.4,98900000.0,60.0,40.14,47.0,2.0,0.0,0.0,Santiago,Barrio Yungay,2026-10-01,,https://www.portalinmobiliario.com/MLC-2290661055-departamento-en-venta-en-santiago-_JM
Venta Depto 2d2b Jardín Interior $2.250 Uf,2250.0,92397105.0,56.0,40.18,53.0,2.0,0.0,110000.0,Santiago,Centro Histórico De Santiago,2026-10-01,2026-10-01,https://www.portalinmobiliario.com/MLC-2288288739-venta-depto-2d2b-jardin-interior-2250-uf-_JM
Nuevo Precio!! Comodo Depto 2d (67284),1650.0,67757877.0,41.0,40.24,74.0,2.0,0.0,80000.0,Santiago,Parque O'Higgins,2026-09-24,2026-09-23,https://www.portalinmobiliario.com/MLC-4510341016-nuevo-precio-comodo-depto-2d-67284-_JM
Luminoso Hogar Estilo Contemporáneo (172044),1977.0,81186256.0,49.0,40.35,66.0,2.0,0.0,75000.0,Santiago,Parque Los Reyes,2026-09-23,2026-09-22,https://www.portalinmobiliario.com/MLC-4507146232-luminoso-hogar-estilo-contemporaneo-172044-_JM
Con 2 Estacionamientos Disponibles,1899.4,78000000.0,47.0,40.41,75.0,1.0,2.0,105000.0,Santiago,Bulnes,2026-09-26,2026-09-25,https://www.portalinmobiliario.com/MLC-2275602727-con-2-estacionamientos-disponibles-_JM
"Departamento San Isidro 435, Santiago",1900.0,78024222.0,47.0,40.43,83.0,1.0,0.0,50000.0,Santiago,Santa Isabel,2026-09-24,2026-09-23,https://www.portalinmobiliario.com/MLC-4510798842-departamento-san-isidro-435-santiago-_JM
Oportunidad Stgo Centro 2d 1b 70m2 Totales - Metro Sta Lucia,2264.7,93000000.0,56.0,40.44,54.0,2.0,0.0,0.0,Santiago,Bulnes,2026-09-24,2026-09-23,https://www.portalinmobiliario.com/MLC-4510774200-oportunidad-stgo-centro-2d-1b-70m2-totales-metro-sta-lucia-_JM
Bibilioteca Nacional Piso De Parquet,5350.0,219699783.0,132.0,40.53,62.0,3.0,0.0,140000.0,Santiago,Santa Isabel,2026-09-24,2026-09-23,https://www.portalinmobiliario.com/MLC-4510770102-bibilioteca-nacional-piso-de-parquet-_JM
Departamento Nueva San Martín Id: 82182,3650.0,149888637.0,90.0,40.56,55.0,1.0,1.0,120000.0,Santiago,Centro Histórico De Santiago,2026-10-01,2026-10-01,https://www.portalinmobiliario.com/MLC-4533907094-departamento-nueva-san-martin-id-82182-_JM
Lindo Departamento En Venta (63823),2800.0,114983064.0,69.0,40.58,47.0,3.0,1.0,120000.0,Santiago,Barrio Yungay,2026-09-26,2026-09-25,https://www.portalinmobiliario.com/MLC-2276119765-lindo-departamento-en-venta-63823-_JM
Próximo Metro Cumming,2800.0,114983064.0,69.0,40.58,53.0,2.0,0.0,,Santiago,Barrio Brasil,2026-09-21,2026-09-21,https://www.portalinmobiliario.com/MLC-2262135225-proximo-metro-cumming-_JM
Venta Depto Nataniel Victoria 3d 1b,1826.4,75000000.0,45.0,40.59,75.0,3.0,0.0,50000.0,Santiago,Parque O'Higgins,2026-09-27,2026-09-26,https://www.portalinmobiliario.com/MLC-4517627982-venta-depto-nataniel-victoria-3d-1b-_JM
Se Vende Comodo Dpto.2b-1b-nataniel Cox 1439-santiago Centro,1826.4,75000000.0,45.0,40.59,74.0,2.0,0.0,61000.0,Santiago,Parque O'Higgins,2026-09-22,2026-09-22,https://www.portalinmobiliario.com/MLC-2264202739-se-vende-comodo-dpto2b-1b-nataniel-cox-1439-santiago-centro-_JM
Venta Departamento Barrio Yungay,1461.1,60000000.0,36.0,40.59,66.0,1.0,0.0,63000.0,Santiago,Barrio Yungay,2026-09-22,2026-09-21,https://www.portalinmobiliario.com/MLC-2265322729-venta-departamento-barrio-yungay-_JM
3 Dorm. Remodelado | Metro Parque Ohiggins,2600.0,106769988.0,64.0,40.62,54.0,3.0,1.0,85000.0,Santiago,Parque Almagro,2026-09-23,2026-09-22,https://www.portalinmobiliario.com/MLC-2268758875-3-dorm-remodelado-metro-parque-ohiggins-_JM
Departamento Santiago Centro 3d 1b Barrio Yungay,2240.3,92000000.0,55.0,40.73,47.0,3.0,1.0,120000.0,Santiago,Barrio Yungay,2026-09-24,2026-09-23,https://www.portalinmobiliario.com/MLC-4510781634-departamento-santiago-centro-3d-1b-barrio-yungay-_JM
Departamento Avenida Presidente Balmaceda Id: 181097,1100.0,45171918.0,27.0,40.74,66.0,1.0,0.0,0.0,Santiago,Parque Los Reyes,2026-10-01,2026-10-01,https://www.portalinmobiliario.com/MLC-4528544980-departamento-avenida-presidente-balmaceda-id-181097-_JM
Depto En Centro Histórico Santiago Acepto Leasing Y Subsidio,1100.0,45171918.0,27.0,40.74,74.0,1.0,0.0,50000.0,Santiago,Centro Histórico De Santiago,2026-10-01,2026-10-01,https://www.portalinmobiliario.com/MLC-4533924784-depto-en-centro-historico-santiago-acepto-leasing-y-subsidio-_JM
Venta Departamento Cerca De Parques 3d 2b Santiago,2730.0,112108487.0,67.0,40.75,54.0,3.0,0.0,50000.0,Santiago,San Diego,2026-09-23,2026-09-22,https://www.portalinmobiliario.com/MLC-2268792929-venta-departamento-cerca-de-parques-3d-2b-santiago-_JM
Oportunidad Depto Cercano A Parque Lo Reyes,1550.0,63651339.0,38.0,40.79,66.0,1.0,0.0,80000.0,Santiago,Parque Los Reyes,2026-10-01,2026-10-01,https://www.portalinmobiliario.com/MLC-4530112466-oportunidad-depto-cercano-a-parque-lo-reyes-_JM
(172526),1550.0,63651339.0,38.0,40.79,75.0,2.0,1.0,0.0,Santiago,Parque O'Higgins,2026-09-26,2026-09-25,https://www.portalinmobiliario.com/MLC-2276131275-172526-_JM
"Metro Sta Lucía, Oportunidad Con Terraza",1631.5,67000000.0,40.0,40.79,73.0,2.0,0.0,55000.0,Santiago,Santa Isabel,2026-09-22,2026-09-22,https://www.portalinmobiliario.com/MLC-4502088548-metro-sta-lucia-oportunidad-con-terraza-_JM
"2 Dormitorios Amplios, 1 Baño, Estac Y Bodega, Santiago",1800.0,73917684.0,44.0,40.91,74.0,2.0,1.0,62000.0,Santiago,Parque O'Higgins,2026-09-21,2026-09-21,https://www.portalinmobiliario.com/MLC-2261633161-2-dormitorios-amplios-1-bano-estac-y-bodega-santiago-_JM
Departamento Antiguo - Providencia - Solo Venta Contado,4100.0,168368058.0,100.0,41.0,94.0,3.0,0.0,65000.0,Providencia,Salvador,2026-09-23,2026-09-22,https://www.portalinmobiliario.com/MLC-2268767547-departamento-antiguo-providencia-solo-venta-contado-_JM
Metro Santa Ana. San Martín 2d 1b,1890.0,77613568.0,46.0,41.09,71.0,2.0,0.0,0.0,Santiago,Centro Histórico De Santiago,2026-10-01,2026-10-01,https://www.portalinmobiliario.com/MLC-2290658233-metro-santa-ana-san-martin-2d-1b-_JM
"Vendo Dep, 3dor, 2bañ , Santiago Centro",3165.7,130000000.0,77.0,41.11,65.0,3.0,0.0,100000.0,Santiago,Santa Isabel,2026-09-24,2026-09-23,https://www.portalinmobiliario.com/MLC-4510755938-vendo-dep-3dor-2ban-santiago-centro-_JM
"Oportunidad Depto En Arturo Prat, Renovado! (159102)",3700.0,151941906.0,90.0,41.11,55.0,2.0,0.0,30000.0,Santiago,San Diego,2026-09-18,2026-09-18,https://www.portalinmobiliario.com/MLC-4491577120-oportunidad-depto-en-arturo-prat-renovado-159102-_JM
Vive El Confort En Pleno Centro (165650),2678.7,110000000.0,65.0,41.21,47.0,3.0,1.0,0.0,Santiago,Parque Los Reyes,2026-09-23,2026-09-22,https://www.portalinmobiliario.com/MLC-4507148682-vive-el-confort-en-pleno-centro-165650-_JM
Vende Depto 2hab 2 Baños 1 Est1 Bodega Barrio Yungay,4000.0,164261520.0,97.0,41.24,50.0,2.0,1.0,100000.0,Santiago,Barrio Yungay,2026-09-22,2026-09-21,https://www.portalinmobiliario.com/MLC-4505383248-vende-depto-2hab-2-banos-1-est1-bodega-barrio-yungay-_JM
Inversión Segura Con Excelente Conectividad (135112),2021.2,83000000.0,49.0,41.25,72.0,2.0,0.0,130000.0,Santiago,Centro Histórico De Santiago,2026-09-25,2026-09-24,https://www.portalinmobiliario.com/MLC-4513369784-inversion-segura-con-excelente-conectividad-135112-_JM
"Venta Depto 2h2b, Santiago Cercano A Metro Gran Inversión",2150.0,88290567.0,52.0,41.35,47.0,2.0,0.0,138000.0,Santiago,Barrio Brasil,2026-09-28,2026-09-27,https://www.portalinmobiliario.com/MLC-4519993044-venta-depto-2h2b-santiago-cercano-a-metro-gran-inversion-_JM
Venta Amplio Depto 3 D + 1 B,2400.0,98556912.0,58.0,41.38,53.0,3.0,0.0,60000.0,Santiago,Club Hípico,2026-09-23,2026-09-22,https://www.portalinmobiliario.com/MLC-2268156139-venta-amplio-depto-3-d-1-b-_JM
Departamento San Isidro Id: 157460,2980.0,122374832.0,72.0,41.39,65.0,3.0,0.0,130000.0,Santiago,Santa Isabel,2026-09-23,2026-09-22,https://www.portalinmobiliario.com/MLC-2268797623-departamento-san-isidro-id-157460-_JM
"Venta Departamento 1 Hab 1ba 1est Av Santa Isabel, Santiago",1655.9,68000000.0,40.0,41.4,75.0,1.0,1.0,80000.0,Santiago,San Diego,2026-09-24,2026-09-23,https://www.portalinmobiliario.com/MLC-4510800150-venta-departamento-1-hab-1ba-1est-av-santa-isabel-santiago-_JM
"Venta Departamento En Primer Piso, Barrio Yungay",1241.9,51000000.0,30.0,41.4,66.0,1.0,0.0,49000.0,Santiago,Barrio Yungay,2026-09-28,2026-09-27,https://www.portalinmobiliario.com/MLC-4522102026-venta-departamento-en-primer-piso-barrio-yungay-_JM
Nataniel Cox 599 Esq Eyzaguirre,1950.0,80077491.0,47.0,41.49,75.0,2.0,0.0,140000.0,Santiago,Parque Almagro,2026-09-26,2026-09-25,https://www.portalinmobiliario.com/MLC-2275608893-nataniel-cox-599-esq-eyzaguirre-_JM
¡tu Nuevo Hogar En Santiago Centro Espera!,2575.0,105743354.0,62.0,41.53,51.0,3.0,0.0,120000.0,Santiago,Parque Los Reyes,2026-09-23,2026-09-22,https://www.portalinmobiliario.com/MLC-2268754943-tu-nuevo-hogar-en-santiago-centro-espera-_JM
Luminoso Departamento De 51m² A Pasos De Metro Santa Lucía.,2118.6,87000000.0,51.0,41.54,74.0,1.0,0.0,117000.0,Santiago,Centro Histórico De Santiago,2026-09-29,2026-09-28,https://www.portalinmobiliario.com/MLC-2282628387-luminoso-departamento-de-51m-a-pasos-de-metro-santa-lucia-_JM
Departamento En Venta De 1 Dorm. En Santiago,1330.0,54616955.0,32.0,41.56,71.0,1.0,0.0,80000.0,Santiago,Centro Histórico De Santiago,2026-09-22,2026-09-21,https://www.portalinmobiliario.com/MLC-4505442956-departamento-en-venta-de-1-dorm-en-santiago-_JM
Santo Domingo / Mac Iver,1704.6,70000000.0,41.0,41.58,73.0,1.0,0.0,60000.0,Santiago,Centro Histórico De Santiago,2026-09-23,2026-09-22,https://www.portalinmobiliario.com/MLC-2267422825-santo-domingo-mac-iver-_JM
"Venta Amplio Dpto. Santiago Centro, Nataniel Cox (180555)",1790.0,73507030.0,43.0,41.63,75.0,1.0,0.0,120000.0,Santiago,Parque O'Higgins,2026-09-27,2026-09-26,https://www.portalinmobiliario.com/MLC-2277775053-venta-amplio-dpto-santiago-centro-nataniel-cox-180555-_JM
Departamento En Venta De 2 Dorm. En Santiago,1790.0,73507030.0,43.0,41.63,,2.0,1.0,,Santiago,Parque O'Higgins,2026-09-28,2026-09-28,https://www.portalinmobiliario.com/MLC-4522114938-departamento-en-venta-de-2-dorm-en-santiago-_JM
Departamento En Venta En Santiago,1582.8,65000000.0,38.0,41.65,71.0,1.0,0.0,60000.0,Santiago,Centro Histórico De Santiago,2026-09-18,2026-09-18,https://www.portalinmobiliario.com/MLC-4491448036-departamento-en-venta-en-santiago-_JM
Dpto Excelente Ubicacion Y Vista - Metro Sta Ana (184582),1875.0,76997588.0,45.0,41.67,74.0,1.0,1.0,55000.0,Santiago,Centro Histórico De Santiago,2026-10-01,2026-10-01,https://www.portalinmobiliario.com/MLC-2288566841-dpto-excelente-ubicacion-y-vista-metro-sta-ana-184582-_JM
Oportunidad 2d 2b + Estacionamiento Y Bodega,2000.0,82130760.0,48.0,41.67,83.0,2.0,1.0,100000.0,Santiago,Santa Isabel,2026-09-23,2026-09-22,https://www.portalinmobiliario.com/MLC-4509171086-oportunidad-2d-2b-estacionamiento-y-bodega-_JM
Departamento Placer Id: 142614,2000.0,82130760.0,48.0,41.67,72.0,3.0,0.0,90000.0,Santiago,Franklin - Biobío,2026-09-27,2026-09-26,https://www.portalinmobiliario.com/MLC-2277780389-departamento-placer-id-142614-_JM
Vendo Depto Centralisimo A. Ovalle Santiago (183271),2922.2,120000000.0,70.0,41.75,54.0,3.0,0.0,18000.0,Santiago,Bulnes,2026-09-21,2026-09-21,https://www.portalinmobiliario.com/MLC-2261623665-vendo-depto-centralisimo-a-ovalle-santiago-183271-_JM
Excelente Oportunidad De Inversión (172340),1670.0,68579185.0,40.0,41.75,75.0,1.0,0.0,90000.0,Santiago,Parque O'Higgins,2026-09-25,2026-09-24,https://www.portalinmobiliario.com/MLC-4513689950-excelente-oportunidad-de-inversion-172340-_JM
Se Vende Departamento En Barrio Brasil Santiago,2800.4,115000000.0,67.0,41.8,47.0,2.0,0.0,80000.0,Santiago,Parque Los Reyes,2026-09-24,2026-09-23,https://www.portalinmobiliario.com/MLC-2271030035-se-vende-departamento-en-barrio-brasil-santiago-_JM
Venta Departamento 2hab 2ba Santiago,1882.0,77285045.0,45.0,41.82,72.0,2.0,0.0,75000.0,Santiago,Franklin - Biobío,2026-10-01,2026-09-18,https://www.portalinmobiliario.com/MLC-2283603791-venta-departamento-2hab-2ba-santiago-_JM
Inversión Perfecta En Zona En Crecimiento (154425),1883.0,77326111.0,45.0,41.84,72.0,2.0,0.0,90000.0,Santiago,Centro Histórico De Santiago,2026-09-25,2026-09-24,https://www.portalinmobiliario.com/MLC-2274571219-inversion-perfecta-en-zona-en-crecimiento-154425-_JM
Cóndor 1068,1550.0,63651339.0,37.0,41.89,75.0,1.0,0.0,85000.0,Santiago,San Diego,2026-09-25,2026-09-24,https://www.portalinmobiliario.com/MLC-2274593907-condor-1068-_JM
"Se Vende Hermoso Departamento, Excelente Ubicación",2055.0,84389356.0,49.0,41.94,79.0,2.0,1.0,95000.0,Santiago,Franklin - Biobío,2026-10-01,2026-10-01,https://www.portalinmobiliario.com/MLC-4531694016-se-vende-hermoso-departamento-excelente-ubicacion-_JM
Venta Depto 2d1b Metro Universidad De Chile (177013),1680.2,69000000.0,40.0,42.0,74.0,2.0,0.0,65000.0,Santiago,Centro Histórico De Santiago,2026-09-28,2026-09-27,https://www.portalinmobiliario.com/MLC-4520105874-venta-depto-2d1b-metro-universidad-de-chile-177013-_JM
Inversión Segura En Santiago Centro Arriendo Garantizado,1470.0,60366109.0,35.0,42.0,75.0,1.0,0.0,60000.0,Santiago,Bulnes,2026-09-25,2026-09-24,https://www.portalinmobiliario.com/MLC-2274588079-inversion-segura-en-santiago-centro-arriendo-garantizado-_JM
¡departamento 3d 2 B En El Centro De Santiago! Venta,3490.0,143318176.0,83.0,42.05,73.0,3.0,0.0,150000.0,Santiago,Santa Isabel,2026-09-24,2026-09-23,https://www.portalinmobiliario.com/MLC-2270943069-departamento-3d-2-b-en-el-centro-de-santiago-venta-_JM
Departamento En Venta De 2 Dorm. En Santiago,2400.0,98556912.0,57.0,42.11,47.0,2.0,0.0,0.0,Santiago,Parque Los Reyes,2026-09-21,2026-09-21,https://www.portalinmobiliario.com/MLC-2262134215-departamento-en-venta-de-2-dorm-en-santiago-_JM
Venta Depto.  3 Habitaciones 2 Baños San Isidro (5331),2950.0,121142871.0,70.0,42.14,65.0,3.0,0.0,150000.0,Santiago,Santa Isabel,2026-10-01,,https://www.portalinmobiliario.com/MLC-4528519306-venta-depto-3-habitaciones-2-banos-san-isidro-5331-_JM
1d1b Con Gran Conectividad Y Precio Accesible,1520.0,62419378.0,36.0,42.22,74.0,1.0,0.0,65000.0,Santiago,Centro Histórico De Santiago,2026-09-27,2026-09-26,https://www.portalinmobiliario.com/MLC-2277776791-1d1b-con-gran-conectividad-y-precio-accesible-_JM
Oportunidad 3d2b En Chacabuco Alta Demanda Arriendo,2200.0,90343836.0,52.0,42.31,47.0,3.0,0.0,0.0,Santiago,Parque Los Reyes,2026-09-26,2026-09-25,https://www.portalinmobiliario.com/MLC-2276121139-oportunidad-3d2b-en-chacabuco-alta-demanda-arriendo-_JM
Venta Departamento Santiago Centro 2d2b Mas Bodega,2200.0,90343836.0,52.0,42.31,54.0,2.0,0.0,65000.0,Santiago,San Diego,2026-09-22,2026-09-21,https://www.portalinmobiliario.com/MLC-2265335939-venta-departamento-santiago-centro-2d2b-mas-bodega-_JM
"Depto. 1 D Metro Toesca / Parque Almagro, Excelente Estado",1695.0,69605819.0,40.0,42.38,74.0,1.0,0.0,60000.0,Santiago,Parque Almagro,2026-09-22,2026-09-21,https://www.portalinmobiliario.com/MLC-2265348771-depto-1-d-metro-toesca-parque-almagro-excelente-estado-_JM
Venta Depto. Centro De Santiago,3774.5,155000000.0,89.0,42.41,53.0,3.0,1.0,160000.0,Santiago,Centro Histórico De Santiago,2026-09-28,2026-09-25,https://www.portalinmobiliario.com/MLC-4522106396-venta-depto-centro-de-santiago-_JM
Oportunidad Venta Dpto 1 Dor Metro Santa Ana,1400.0,57491532.0,33.0,42.42,74.0,1.0,0.0,40000.0,Santiago,Centro Histórico De Santiago,2026-09-24,2026-09-23,https://www.portalinmobiliario.com/MLC-4510781938-oportunidad-venta-dpto-1-dor-metro-santa-ana-_JM
Oportunidad De Inversión En Sector Exclusivo (176108),1655.9,68000000.0,39.0,42.46,66.0,1.0,0.0,100000.0,Santiago,Parque Los Reyes,2026-09-24,2026-09-23,https://www.portalinmobiliario.com/MLC-4510302840-oportunidad-de-inversion-en-sector-exclusivo-176108-_JM
"2 Dor, 1 B //  Metro Parque Ohiggins , Metro Toesca",2125.0,87263932.0,50.0,42.5,74.0,2.0,0.0,80000.0,Santiago,Ejército - Toesca,2026-09-22,2026-09-22,https://www.portalinmobiliario.com/MLC-4501532740-2-dor-1-b-metro-parque-ohiggins-metro-toesca-_JM
Curicó Cocina Cerrada,2678.7,110000000.0,63.0,42.52,65.0,3.0,0.0,95000.0,Santiago,Santa Isabel,2026-09-22,2026-09-21,https://www.portalinmobiliario.com/MLC-2265338965-curico-cocina-cerrada-_JM
Departamento Amplio A Pasos Del Metro Diego De Almagro,3190.0,130998562.0,75.0,42.53,54.0,3.0,0.0,90000.0,Santiago,San Diego,2026-09-25,2026-09-24,https://www.portalinmobiliario.com/MLC-2274575071-departamento-amplio-a-pasos-del-metro-diego-de-almagro-_JM
"Moderno Depto 2d 2b, Morande, Santiago",2340.0,96092989.0,55.0,42.55,,2.0,0.0,,Santiago,Centro Histórico De Santiago,2026-09-26,2026-09-26,https://www.portalinmobiliario.com/MLC-4515240360-moderno-depto-2d-2b-morande-santiago-_JM
Inversión Ideal En Zona Con Alta Demanda (164484),1704.6,70000000.0,40.0,42.61,75.0,1.0,0.0,90000.0,Santiago,San Diego,2026-09-25,2026-09-24,https://www.portalinmobiliario.com/MLC-4513654240-inversion-ideal-en-zona-con-alta-demanda-164484-_JM
Departamento En Venta  Santiago Centro | Ideal Inversión,1704.6,70000000.0,40.0,42.61,73.0,1.0,0.0,70000.0,Santiago,Centro Histórico De Santiago,2026-09-23,2026-09-22,https://www.portalinmobiliario.com/MLC-4505367548-departamento-en-venta-santiago-centro-ideal-inversion-_JM
Departamento En Venta De 2 Dorm. En Santiago,1790.0,73507030.0,42.0,42.62,,2.0,1.0,,Santiago,Centro Histórico De Santiago,2026-10-01,2026-10-01,https://www.portalinmobiliario.com/MLC-4530713398-departamento-en-venta-de-2-dorm-en-santiago-_JM
"Se Vende Departamento De 2 Dormitorios, Santa Victoria",2556.9,105000000.0,60.0,42.62,65.0,2.0,0.0,90000.0,Santiago,Santa Isabel,2026-10-01,2026-09-18,https://www.portalinmobiliario.com/MLC-2283617427-se-vende-departamento-de-2-dormitorios-santa-victoria-_JM
"Metro Cumming, Departamento 3 Dorm. Con E Y B",2350.0,96503643.0,55.0,42.73,47.0,3.0,1.0,0.0,Santiago,Barrio Yungay,2026-09-21,2026-09-21,https://www.portalinmobiliario.com/MLC-4501522384-metro-cumming-departamento-3-dorm-con-e-y-b-_JM
Depto Amplio Familia 2 Banos Santiago Centro,2010.0,82541414.0,47.0,42.77,83.0,2.0,1.0,0.0,Santiago,Barrio Diez De Julio,2026-09-24,2026-09-23,https://www.portalinmobiliario.com/MLC-4510781676-depto-amplio-familia-2-banos-santiago-centro-_JM
Precio Rebajado Estudio Grande Oportunidad,1412.4,58000000.0,33.0,42.8,71.0,1.0,0.0,35000.0,Santiago,Centro Histórico De Santiago,2026-10-01,2026-09-18,https://www.portalinmobiliario.com/MLC-2283642841-precio-rebajado-estudio-grande-oportunidad-_JM
Departamento Oportunidad Unica En Santiago,2654.3,109000000.0,62.0,42.81,54.0,2.0,0.0,150000.0,Santiago,Bulnes,2026-10-01,2026-09-18,https://www.portalinmobiliario.com/MLC-2283643529-departamento-oportunidad-unica-en-santiago-_JM
Departamento En Venta De 3 Dorm. En Santiago,2999.0,123155075.0,70.0,42.84,54.0,3.0,1.0,100000.0,Santiago,San Diego,2026-09-23,2026-09-22,https://www.portalinmobiliario.com/MLC-4506282906-departamento-en-venta-de-3-dorm-en-santiago-_JM
"Depto 2 Dorm   Baños, Balcon  Santiago Centro",2313.4,95000000.0,54.0,42.84,54.0,2.0,0.0,95000.0,Santiago,Parque Almagro,2026-09-21,2026-09-21,https://www.portalinmobiliario.com/MLC-4499773798-depto-2-dorm-banos-balcon-santiago-centro-_JM
Oportunidad De Inversion 1d 1b En Pleno Centro Santiago,1500.0,61598070.0,35.0,42.86,74.0,1.0,12.0,55000.0,Santiago,Parque O'Higgins,2026-09-22,2026-09-21,https://www.portalinmobiliario.com/MLC-2265361035-oportunidad-de-inversion-1d-1b-en-pleno-centro-santiago-_JM
Metro Toesca Mariposa Terraza Y Bodega,2142.9,88000000.0,50.0,42.86,75.0,2.0,0.0,70000.0,Santiago,Parque Almagro,2026-09-24,2026-09-23,https://www.portalinmobiliario.com/MLC-4510797778-metro-toesca-mariposa-terraza-y-bodega-_JM
Depto 2d 2b Bod Tipo Mariposa Sin Estacionamiento Santiago,2790.0,114572410.0,65.0,42.92,65.0,2.0,0.0,150000.0,Santiago,Barrio Diez De Julio,2026-09-25,2026-09-24,https://www.portalinmobiliario.com/MLC-2274562041-depto-2d-2b-bod-tipo-mariposa-sin-estacionamiento-santiago-_JM
Comodo Departamento En Centro Civico (179449),1460.0,59955455.0,34.0,42.94,71.0,1.0,0.0,45000.0,Santiago,Centro Histórico De Santiago,2026-09-23,2026-09-22,https://www.portalinmobiliario.com/MLC-2267452015-comodo-departamento-en-centro-civico-179449-_JM
Departamento Mariposa En Santiago Centro,2362.1,97000000.0,55.0,42.95,53.0,2.0,0.0,90000.0,Santiago,Centro Histórico De Santiago,2026-09-22,2026-09-22,https://www.portalinmobiliario.com/MLC-4502771352-departamento-mariposa-en-santiago-centro-_JM
Parque Almagro | 60 M2 | 2d + 2b | Piso 14 Vista Despejada,2450.0,100610181.0,57.0,42.98,54.0,2.0,0.0,130000.0,Santiago,Parque Almagro,2026-09-24,2026-09-23,https://www.portalinmobiliario.com/MLC-2271045843-parque-almagro-60-m2-2d-2b-piso-14-vista-despejada-_JM
Estupendo Departamento En San Martín,2021.2,83000000.0,47.0,43.0,74.0,2.0,0.0,95000.0,Santiago,Centro Histórico De Santiago,2026-09-28,2026-09-27,https://www.portalinmobiliario.com/MLC-4522151616-estupendo-departamento-en-san-martin-_JM
Venta Impecable Departamento 1 Dormitorio En Suite,1550.0,63651339.0,36.0,43.06,75.0,1.0,0.0,0.0,Santiago,Bulnes,2026-09-26,2026-09-25,https://www.portalinmobiliario.com/MLC-4515243688-venta-impecable-departamento-1-dormitorio-en-suite-_JM
Departamento En Venta En Santiago,2325.0,95477008.0,54.0,43.06,65.0,2.0,0.0,80000.0,Santiago,Santa Isabel,2026-09-23,2026-09-22,https://www.portalinmobiliario.com/MLC-2268792799-departamento-en-venta-en-santiago-_JM
Santo Domingo Cocina Cerrada,2678.7,110000000.0,62.0,43.2,53.0,2.0,0.0,150000.0,Santiago,Centro Histórico De Santiago,2026-09-24,2026-09-23,https://www.portalinmobiliario.com/MLC-4510771056-santo-domingo-cocina-cerrada-_JM
Departamento En Venta - Santiago Centro 3d 2b,3200.0,131409216.0,74.0,43.24,65.0,3.0,0.0,,Santiago,Santiago,2026-09-28,2026-09-27,https://www.portalinmobiliario.com/MLC-2282580231-departamento-en-venta-santiago-centro-3d-2b-_JM
Departamento En Venta De 1dorm 1baño Y Bodega En Santiago,1600.0,65704608.0,37.0,43.24,83.0,1.0,0.0,120000.0,Santiago,Santa Isabel,2026-09-23,2026-09-22,https://www.portalinmobiliario.com/MLC-2268768317-departamento-en-venta-de-1dorm-1bano-y-bodega-en-santiago-_JM
"Amplio Departamento Remodelado, Santiago",1990.0,81720106.0,46.0,43.26,74.0,2.0,0.0,120000.0,Santiago,Centro Histórico De Santiago,2026-09-25,2026-09-24,https://www.portalinmobiliario.com/MLC-4513685740-amplio-departamento-remodelado-santiago-_JM
Departamento En Venta En Santiago,2294.1,94206788.0,53.0,43.28,53.0,2.0,0.0,60000.0,Santiago,Centro Histórico De Santiago,2026-09-23,2026-09-22,https://www.portalinmobiliario.com/MLC-2268767183-departamento-en-venta-en-santiago-_JM
"2d,1b,1est - Metro Ñuble",2078.0,85333860.0,48.0,43.29,79.0,2.0,1.0,110000.0,Santiago,Bogotá - Sierra Bella,2026-09-22,2026-09-21,https://www.portalinmobiliario.com/MLC-2265351855-2d1b1est-metro-nuble-_JM
Amplio 1 Dormirio 1 Baño Cocina Americana Bodega,1950.0,80077491.0,45.0,43.33,83.0,1.0,0.0,80000.0,Santiago,Santa Isabel,2026-09-21,2026-09-21,https://www.portalinmobiliario.com/MLC-4499777814-amplio-1-dormirio-1-bano-cocina-americana-bodega-_JM
"Depto 3d/2b Con Bodega Y Estac, Santiago",2385.0,97940931.0,55.0,43.36,47.0,3.0,1.0,85000.0,Santiago,Parque Los Reyes,2026-09-23,2026-09-22,https://www.portalinmobiliario.com/MLC-2268793375-depto-3d2b-con-bodega-y-estac-santiago-_JM
Depto Calle Lord Cochrane 2d 2b Santiago,2386.4,98000000.0,55.0,43.39,54.0,2.0,0.0,80000.0,Santiago,Bulnes,2026-09-25,2026-09-24,https://www.portalinmobiliario.com/MLC-4514087476-depto-calle-lord-cochrane-2d-2b-santiago-_JM
"Amunategui Con Rosas, Metro Moneda Y Santa Ana.",2300.0,94450374.0,53.0,43.4,53.0,2.0,0.0,130000.0,Santiago,Centro Histórico De Santiago,2026-09-25,2026-09-24,https://www.portalinmobiliario.com/MLC-4514953476-amunategui-con-rosas-metro-moneda-y-santa-ana-_JM
Departamrnto Metro Toesca // Metro Parque Ohiggins,2127.0,87346063.0,49.0,43.41,75.0,2.0,0.0,80000.0,Santiago,Parque O'Higgins,2026-09-24,2026-09-23,https://www.portalinmobiliario.com/MLC-4510781132-departamrnto-metro-toesca-metro-parque-ohiggins-_JM
"Venta Dpto. 3h, 2b Y Bodega Av. Portugal - Metro U. Católica",3043.9,125000000.0,70.0,43.48,68.0,3.0,0.0,80000.0,Santiago,Santa Isabel,2026-09-21,,https://www.portalinmobiliario.com/MLC-4499774502-venta-dpto-3h-2b-y-bodega-av-portugal-metro-u-catolica-_JM
Departamento De 2 Dormitorios En Venta Calle Zenteno,2000.0,82130760.0,46.0,43.48,74.0,2.0,0.0,125000.0,Santiago,San Diego,2026-09-23,2026-09-22,https://www.portalinmobiliario.com/MLC-2268779605-departamento-de-2-dormitorios-en-venta-calle-zenteno-_JM
Venta Departamento Metro Ñuble Condominio Sol Mundo,1826.4,75000000.0,42.0,43.49,79.0,2.0,0.0,65000.0,Santiago,Bogotá - Sierra Bella,2026-09-24,2026-09-23,https://www.portalinmobiliario.com/MLC-4510755298-venta-departamento-metro-nuble-condominio-sol-mundo-_JM
Venta Departamento 1hab 1ba Santiago,1959.0,80447079.0,45.0,43.53,66.0,1.0,0.0,100000.0,Santiago,,2026-09-23,2026-09-22,https://www.portalinmobiliario.com/MLC-2268097627-venta-departamento-1hab-1ba-santiago-_JM
Dpto En Gorbea Y Jose Miguel Carrera 2 Dorm Y 2 Baños,2440.0,100199527.0,56.0,43.57,54.0,2.0,0.0,120000.0,Santiago,Ejército - Toesca,2026-09-28,2026-09-27,https://www.portalinmobiliario.com/MLC-2282569469-dpto-en-gorbea-y-jose-miguel-carrera-2-dorm-y-2-banos-_JM
Dpto Bajo Valor Mercado (182319),1700.0,69811146.0,39.0,43.59,75.0,2.0,0.0,80000.0,Santiago,Bulnes,2026-09-25,2026-09-24,https://www.portalinmobiliario.com/MLC-2274108607-dpto-bajo-valor-mercado-182319-_JM
Se Vende Departamento En Santiago,1875.1,77000000.0,43.0,43.61,66.0,2.0,0.0,0.0,Santiago,Barrio Brasil,2026-09-22,2026-09-21,https://www.portalinmobiliario.com/MLC-2265348485-se-vende-departamento-en-santiago-_JM
"Blanco Encalada, Club Hípico, Impecable! (172008)",2094.2,86000000.0,48.0,43.63,74.0,2.0,0.0,90000.0,Santiago,Ejército - Toesca,2026-09-23,2026-09-22,https://www.portalinmobiliario.com/MLC-4507160232-blanco-encalada-club-hipico-impecable-172008-_JM
"Vendemos Hermoso Depto - Vicuña Mackenna 1725, Piso 4",1790.0,73507030.0,41.0,43.66,79.0,2.0,0.0,70000.0,Santiago,Bogotá - Sierra Bella,2026-09-23,2026-09-22,https://www.portalinmobiliario.com/MLC-2268767535-vendemos-hermoso-depto-vicuna-mackenna-1725-piso-4-_JM
Ce (182886),4018.0,165000000.0,92.0,43.67,80.0,3.0,0.0,0.0,Providencia,Barrio Italia,2026-10-01,2026-10-01,https://www.portalinmobiliario.com/MLC-4530723062-ce-182886-_JM
Liquidacion Bancaria 90% Financiamiento San Ignacio Santiago,2184.0,89686790.0,50.0,43.68,74.0,2.0,1.0,0.0,Santiago,Parque Almagro,2026-10-01,2026-10-01,https://www.portalinmobiliario.com/MLC-2290642817-liquidacion-bancaria-90-financiamiento-san-ignacio-santiago-_JM
Amplio Departamento En Santiago Centro | Lord Cochrane,3409.2,140000000.0,78.0,43.71,54.0,2.0,0.0,25000.0,Santiago,Parque Almagro,2026-09-24,2026-09-23,https://www.portalinmobiliario.com/MLC-4510772418-amplio-departamento-en-santiago-centro-lord-cochrane-_JM
Hermoso Departamento,2100.0,86237298.0,48.0,43.75,66.0,2.0,0.0,,Santiago,Barrio Yungay,2026-09-21,2026-09-21,https://www.portalinmobiliario.com/MLC-4497581658-hermoso-departamento-_JM
Lord Cochrane / Metro Moneda,2100.0,86237298.0,48.0,43.75,74.0,2.0,0.0,,Santiago,Bulnes,2026-09-21,2026-09-21,https://www.portalinmobiliario.com/MLC-4499773118-lord-cochrane-metro-moneda-_JM
Venta Departamento Central Santiago (176736),2800.0,114983064.0,64.0,43.75,48.0,3.0,1.0,70000.0,Santiago,Barrio República,2026-09-24,2026-09-23,https://www.portalinmobiliario.com/MLC-4510779570-venta-departamento-central-santiago-176736-_JM
Departamento En Venta De 2 Dorm. En Santiago,2100.0,86237298.0,48.0,43.75,66.0,2.0,0.0,62000.0,Santiago,Parque Los Reyes,2026-09-23,2026-09-22,https://www.portalinmobiliario.com/MLC-2268753633-departamento-en-venta-de-2-dorm-en-santiago-_JM
Departamento Duplex En Providencia 4d/2b,4990.0,204916246.0,114.0,43.77,79.0,4.0,0.0,80000.0,Providencia,Plaza Italia,2026-09-28,2026-09-27,https://www.portalinmobiliario.com/MLC-2282622019-departamento-duplex-en-providencia-4d2b-_JM
Santiago Centro - Depto En Venta 2d / 2b - 2.190 Uf,2190.0,89933182.0,50.0,43.8,74.0,2.0,0.0,140000.0,Santiago,Bulnes,2026-09-24,2026-09-23,https://www.portalinmobiliario.com/MLC-2270956239-santiago-centro-depto-en-venta-2d-2b-2190-uf-_JM
Departamento En Venta De 1 Dorm. En Santiago,1753.3,72000000.0,40.0,43.83,74.0,1.0,0.0,80000.0,Santiago,San Diego,2026-10-01,,https://www.portalinmobiliario.com/MLC-2285747593-departamento-en-venta-de-1-dorm-en-santiago-_JM
Acogedor Depto 1d+1b+ Bod. Cerca De Metro Parque Almagro,1753.3,72000000.0,40.0,43.83,75.0,1.0,0.0,70000.0,Santiago,Bulnes,2026-09-29,2026-09-28,https://www.portalinmobiliario.com/MLC-2282597587-acogedor-depto-1d1b-bod-cerca-de-metro-parque-almagro-_JM
Departamento En Venta De 1 Dorm. En Santiago,1753.3,72000000.0,40.0,43.83,,1.0,0.0,,Santiago,Barrio Yungay,2026-10-01,2026-09-19,https://www.portalinmobiliario.com/MLC-4526103470-departamento-en-venta-de-1-dorm-en-santiago-_JM
"Departamento Duplex A Pasos Estación Metro Toesca, Santiago",2191.6,90000000.0,50.0,43.83,74.0,2.0,0.0,,Santiago,Ejército - Toesca,2026-09-23,2026-09-22,https://www.portalinmobiliario.com/MLC-4507112976-departamento-duplex-a-pasos-estacion-metro-toesca-santiago-_JM
Depto.1 Dormitorio Cerca De Metro Parque Almagro,1753.3,72000000.0,40.0,43.83,74.0,1.0,0.0,70000.0,Santiago,Bulnes,2026-09-22,2026-09-21,https://www.portalinmobiliario.com/MLC-4505364374-depto1-dormitorio-cerca-de-metro-parque-almagro-_JM
Departamento En Venta En Santiago,5700.0,234072666.0,130.0,43.85,64.0,4.0,0.0,180000.0,Santiago,Ejército - Toesca,2026-09-26,2026-09-25,https://www.portalinmobiliario.com/MLC-2276108135-departamento-en-venta-en-santiago-_JM
Departamento En Venta En Santiago,5700.0,234072666.0,130.0,43.85,64.0,4.0,0.0,180000.0,Santiago,Ejército - Toesca,2026-09-23,2026-09-22,https://www.portalinmobiliario.com/MLC-2268792803-departamento-en-venta-en-santiago-_JM
Depto 2d/2b Con Estacionamiento Incluido  Santiago Centro,2850.0,117036333.0,65.0,43.85,47.0,2.0,1.0,100000.0,Santiago,Barrio Brasil,2026-09-22,2026-09-22,https://www.portalinmobiliario.com/MLC-2264468573-depto-2d2b-con-estacionamiento-incluido-santiago-centro-_JM
Oportunidad Dpto 2d+1b+ Dorm Y Baño Servicio,3990.0,163850866.0,91.0,43.85,,3.0,0.0,,Santiago,Centro Histórico De Santiago,2026-09-18,2026-09-18,https://www.portalinmobiliario.com/MLC-2253395671-oportunidad-dpto-2d1b-dorm-y-bano-servicio-_JM
Venta Dpto 1d/1b  Centrico A Pasos Metro,1580.0,64883300.0,36.0,43.89,83.0,1.0,0.0,45000.0,Santiago,Bogotá - Sierra Bella,2026-09-21,2026-09-21,https://www.portalinmobiliario.com/MLC-4502083938-venta-dpto-1d1b-centrico-a-pasos-metro-_JM
Vendo  Departamento Santiago Amunategui # 810  2d-2b-1bodega,2678.7,110000000.0,61.0,43.91,51.0,2.0,0.0,70000.0,Santiago,Centro Histórico De Santiago,2026-10-01,2026-09-18,https://www.portalinmobiliario.com/MLC-2283616777-vendo-departamento-santiago-amunategui-810-2d-2b-1bodega-_JM
2 Dormitorios 2 Baños En Pleno Corazón Urbano (171687),2678.7,110000000.0,61.0,43.91,53.0,2.0,0.0,165000.0,Santiago,Centro Histórico De Santiago,2026-09-23,2026-09-22,https://www.portalinmobiliario.com/MLC-2268758587-2-dormitorios-2-banos-en-pleno-corazon-urbano-171687-_JM
Excelente 2d1b Con Bodega En Santiago,1759.0,72234003.0,40.0,43.98,72.0,2.0,0.0,55000.0,Santiago,Parque O'Higgins,2026-09-27,2026-09-26,https://www.portalinmobiliario.com/MLC-2278418075-excelente-2d1b-con-bodega-en-santiago-_JM
Amplio Y Silencioso Depto Curicó Lira Santiago (184022),2200.0,90343836.0,50.0,44.0,83.0,2.0,0.0,30000.0,Santiago,Santa Isabel,2026-09-26,2026-09-25,https://www.portalinmobiliario.com/MLC-4515201678-amplio-y-silencioso-depto-curico-lira-santiago-184022-_JM
Venta Departamento 2 Habitaciones Serrano  (5320),2069.9,85000000.0,47.0,44.04,74.0,2.0,0.0,70000.0,Santiago,Bulnes,2026-10-01,,https://www.portalinmobiliario.com/MLC-4531653150-venta-departamento-2-habitaciones-serrano-5320-_JM
Sh Vende Depto 2 Dormitorios 1 Baño 1 Estac. Nataniel Cox,2069.9,85000000.0,47.0,44.04,74.0,2.0,1.0,90000.0,Santiago,Parque Almagro,2026-09-22,2026-09-21,https://www.portalinmobiliario.com/MLC-4505437384-sh-vende-depto-2-dormitorios-1-bano-1-estac-nataniel-cox-_JM
Venta Departamento 1850 Uf  2d + 1b,1850.0,75970953.0,42.0,44.05,83.0,2.0,0.0,80000.0,Santiago,Santa Isabel,2026-09-21,2026-09-21,https://www.portalinmobiliario.com/MLC-4501530276-venta-departamento-1850-uf-2d-1b-_JM
"Oportunidad En Santiago, Propiedad Frente A Torre Entel",2203.0,90467032.0,50.0,44.06,75.0,2.0,0.0,70000.0,Santiago,Bulnes,2026-09-27,2026-09-26,https://www.portalinmobiliario.com/MLC-2278418385-oportunidad-en-santiago-propiedad-frente-a-torre-entel-_JM
Carmen / Santa Isabel,2556.9,105000000.0,58.0,44.08,,2.0,1.0,,Santiago,Santa Isabel,2026-09-27,2026-09-27,https://www.portalinmobiliario.com/MLC-2278814765-carmen-santa-isabel-_JM
"Departamento  1d-1b, Santiago Centro, Oportunidad Única",1500.0,61598070.0,34.0,44.12,73.0,1.0,0.0,75000.0,Santiago,Centro Histórico De Santiago,2026-09-22,2026-09-21,https://www.portalinmobiliario.com/MLC-2265364501-departamento-1d-1b-santiago-centro-oportunidad-unica-_JM
Depto Cercano A Metro Moneda 2d 2b,2561.0,105168438.0,58.0,44.16,54.0,2.0,0.0,130000.0,Santiago,Bulnes,2026-09-27,2026-09-26,https://www.portalinmobiliario.com/MLC-4517616328-depto-cercano-a-metro-moneda-2d-2b-_JM
Centrico Depto A La Venta Ideal Para Matrimonio Joven,2650.0,108823257.0,60.0,44.17,53.0,2.0,0.0,0.0,Santiago,Centro Histórico De Santiago,2026-09-28,2026-09-27,https://www.portalinmobiliario.com/MLC-4520109756-centrico-depto-a-la-venta-ideal-para-matrimonio-joven-_JM
Departamento En Venta De 2 Dorm. En Santiago,2430.0,99788873.0,55.0,44.18,54.0,2.0,0.0,100000.0,Santiago,Bulnes,2026-10-01,2026-10-01,https://www.portalinmobiliario.com/MLC-4530117156-departamento-en-venta-de-2-dorm-en-santiago-_JM
Vivabien Vende Departamento Metro Moneda- Santiago,1900.0,78024222.0,43.0,44.19,74.0,2.0,0.0,80000.0,Santiago,Bulnes,2026-10-01,2026-10-01,https://www.portalinmobiliario.com/MLC-4533923152-vivabien-vende-departamento-metro-moneda-santiago-_JM
Depto 2d 1b Cercano Metro Toesca (96185),1900.0,78024222.0,43.0,44.19,74.0,2.0,0.0,55000.0,Santiago,Parque Almagro,2026-10-01,2026-09-23,https://www.portalinmobiliario.com/MLC-4524183774-depto-2d-1b-cercano-metro-toesca-96185-_JM
Venta  Amplio Depto Con Bodega 1 Dorm Alameda Santiago,2300.0,94450374.0,52.0,44.23,48.0,1.0,0.0,0.0,Santiago,Barrio Yungay,2026-09-25,2026-09-24,https://www.portalinmobiliario.com/MLC-4513694966-venta-amplio-depto-con-bodega-1-dorm-alameda-santiago-_JM
Departamento En Venta De 2 Dorm. En Santiago,2080.0,85415990.0,47.0,44.26,74.0,2.0,0.0,80000.0,Santiago,San Diego,2026-09-22,2026-09-21,https://www.portalinmobiliario.com/MLC-4505431748-departamento-en-venta-de-2-dorm-en-santiago-_JM
"Venta Departamento 2d 2b En Av. Santa Rosa, Santiago",2700.0,110876526.0,61.0,44.26,54.0,2.0,1.0,,Santiago,Bulnes,2026-09-24,2026-09-23,https://www.portalinmobiliario.com/MLC-4509177830-venta-departamento-2d-2b-en-av-santa-rosa-santiago-_JM
Deparatamento Ideal Matrimonio Sin Hijos,1461.1,60000000.0,33.0,44.28,66.0,1.0,0.0,80000.0,Santiago,Barrio Yungay,2026-09-25,2026-09-24,https://www.portalinmobiliario.com/MLC-4513367766-deparatamento-ideal-matrimonio-sin-hijos-_JM
Céntrico Departamento  3d/2b,3100.0,127302678.0,70.0,44.29,53.0,3.0,0.0,160000.0,Santiago,Centro Histórico De Santiago,2026-09-21,2026-09-21,https://www.portalinmobiliario.com/MLC-2262138223-centrico-departamento-3d2b-_JM
Condominio Espacio Nataniel - 1d Baño En Suite,1550.0,63651339.0,35.0,44.29,74.0,1.0,0.0,70000.0,Santiago,Parque Almagro,2026-09-22,2026-09-21,https://www.portalinmobiliario.com/MLC-2265326125-condominio-espacio-nataniel-1d-bano-en-suite-_JM
Moderno 1d1b Con Terraza En Santiago,1640.0,67347223.0,37.0,44.32,72.0,1.0,1.0,65000.0,Santiago,Franklin - Biobío,2026-09-27,2026-09-26,https://www.portalinmobiliario.com/MLC-2277779355-moderno-1d1b-con-terraza-en-santiago-_JM
"Departamento En San Martin Con San Pablo, Metro Santa Ana",2000.0,82130760.0,45.0,44.44,71.0,2.0,0.0,110000.0,Santiago,Centro Histórico De Santiago,2026-09-23,2026-09-22,https://www.portalinmobiliario.com/MLC-4506282766-departamento-en-san-martin-con-san-pablo-metro-santa-ana-_JM
Venta Inversion! Excelente Estado Depto-oportunidad,1600.0,65704608.0,36.0,44.44,72.0,1.0,0.0,75129.0,Santiago,Centro Histórico De Santiago,2026-09-25,2026-09-24,https://www.portalinmobiliario.com/MLC-2274563009-venta-inversion-excelente-estado-depto-oportunidad-_JM
Depto 2d En Venta Pleno Santiago Centro (183836),2666.5,109500000.0,60.0,44.44,53.0,2.0,0.0,70000.0,Santiago,Centro Histórico De Santiago,2026-09-25,2026-09-24,https://www.portalinmobiliario.com/MLC-4513362184-depto-2d-en-venta-pleno-santiago-centro-183836-_JM
Oportunidad De Inversion,2000.0,82130760.0,45.0,44.44,73.0,2.0,1.0,80000.0,Santiago,Centro Histórico De Santiago,2026-09-21,2026-09-21,https://www.portalinmobiliario.com/MLC-4499244620-oportunidad-de-inversion-_JM
Vive Cosmo Capital Y Disfruta Tu Vida En El Centro,2490.0,102252796.0,56.0,44.46,53.0,2.0,0.0,120000.0,Santiago,Centro Histórico De Santiago,2026-09-21,2026-09-21,https://www.portalinmobiliario.com/MLC-4501525874-vive-cosmo-capital-y-disfruta-tu-vida-en-el-centro-_JM
Se Vende Departamento. Santiago,1957.0,80364949.0,44.0,44.48,74.0,2.0,0.0,,Santiago,Centro Histórico De Santiago,2026-09-28,2026-09-27,https://www.portalinmobiliario.com/MLC-4519992676-se-vende-departamento-santiago-_JM
"Metro Los Héroes, Vergara. 110 M2 (171827)",4900.0,201220362.0,110.0,44.55,55.0,4.0,0.0,35000.0,Santiago,Ejército - Toesca,2026-09-22,2026-09-21,https://www.portalinmobiliario.com/MLC-2265329627-metro-los-heroes-vergara-110-m2-171827-_JM
Metro Universidad Católica / Diagonal Paraguay,2851.0,117077398.0,64.0,44.55,68.0,3.0,0.0,90000.0,Santiago,Barrio San Borja,2026-09-21,2026-09-21,https://www.portalinmobiliario.com/MLC-4501530048-metro-universidad-catolica-diagonal-paraguay-_JM
Portugal/ Santa Isabel 2dor. 2baños Estacionamiento-bodega,2900.0,119089602.0,65.0,44.62,65.0,2.0,1.0,80000.0,Santiago,Santa Isabel,2026-10-01,2026-10-01,https://www.portalinmobiliario.com/MLC-4530113936-portugal-santa-isabel-2dor-2banos-estacionamiento-bodega-_JM
"Departamento Venta De 2 Dormitorios - San Isidro, Santiago",2990.0,122785486.0,67.0,44.63,65.0,2.0,0.0,100000.0,Santiago,Barrio Diez De Julio,2026-09-18,2026-09-18,https://www.portalinmobiliario.com/MLC-4491577662-departamento-venta-de-2-dormitorios-san-isidro-santiago-_JM
"Venta Depto 2 Dormitorios 2 Baños + Bodega, Santiago Centro.",2500.0,102663450.0,56.0,44.64,54.0,2.0,0.0,100000.0,Santiago,San Diego,2026-09-26,2026-09-25,https://www.portalinmobiliario.com/MLC-2275701849-venta-depto-2-dormitorios-2-banos-bodega-santiago-centro-_JM
Se Vende Home Studio (119848),1339.3,55000000.0,30.0,44.64,83.0,1.0,0.0,70000.0,Santiago,Santa Isabel,2026-09-25,2026-09-24,https://www.portalinmobiliario.com/MLC-2274585485-se-vende-home-studio-119848-_JM
Venta Depto Uso Habitación Al Y Comercial Santiago Centro,3750.1,154000000.0,84.0,44.64,55.0,3.0,0.0,120000.0,Santiago,Centro Histórico De Santiago,2026-10-01,2026-09-18,https://www.portalinmobiliario.com/MLC-2283642795-venta-depto-uso-habitacion-al-y-comercial-santiago-centro-_JM
Gran Oportunidad De Inversión (144034),1339.3,55000000.0,30.0,44.64,74.0,1.0,0.0,60000.0,Santiago,San Diego,2026-10-01,2026-10-01,https://www.portalinmobiliario.com/MLC-4531657780-gran-oportunidad-de-inversion-144034-_JM
"3d/2b Con Gran Bodega De 15 M², Santiago",3400.0,139622292.0,76.0,44.74,54.0,3.0,1.0,150000.0,Santiago,San Diego,2026-09-28,2026-09-27,https://www.portalinmobiliario.com/MLC-4520100058-3d2b-con-gran-bodega-de-15-m-santiago-_JM
Barrio Universitario / Metro Republica / Club Hipico,3400.0,139622292.0,76.0,44.74,48.0,3.0,1.0,120000.0,Santiago,Barrio República,2026-09-22,2026-09-21,https://www.portalinmobiliario.com/MLC-2265364871-barrio-universitario-metro-republica-club-hipico-_JM
Venta Departamento 3 D + 2 B  En General Gana - Santiago,2908.0,119418125.0,65.0,44.74,53.0,3.0,0.0,140000.0,Santiago,Franklin - Biobío,2026-10-01,2026-10-01,https://www.portalinmobiliario.com/MLC-2290659505-venta-departamento-3-d-2-b-en-general-gana-santiago-_JM
"Se Vende Departaemnto 2 Dormitorios, 2 Baños",1880.0,77202914.0,42.0,44.76,66.0,2.0,0.0,,Santiago,Barrio Yungay,2026-09-23,2026-09-22,https://www.portalinmobiliario.com/MLC-2267455983-se-vende-departaemnto-2-dormitorios-2-banos-_JM
Departamento En Venta De 2 Dorm. En Santiago,1522.0,62500000.0,34.0,44.76,83.0,2.0,0.0,30000.0,Santiago,Bogotá - Sierra Bella,2026-10-01,2026-10-01,https://www.portalinmobiliario.com/MLC-4531673474-departamento-en-venta-de-2-dorm-en-santiago-_JM
"Dpto A 44 Uf/mt2, En La Zona A 85 Uf/mt2, Barrio Italia",4790.0,196703170.0,107.0,44.77,86.0,3.0,0.0,45000.0,Providencia,Barrio Italia,2026-09-26,2026-09-25,https://www.portalinmobiliario.com/MLC-4515019766-dpto-a-44-ufmt2-en-la-zona-a-85-ufmt2-barrio-italia-_JM
Venta Departamento 1hab 1ba Santiago,1388.0,56998747.0,31.0,44.77,73.0,1.0,0.0,90000.0,Santiago,Centro Histórico De Santiago,2026-09-23,2026-09-22,https://www.portalinmobiliario.com/MLC-2267441955-venta-departamento-1hab-1ba-santiago-_JM
Departamento De 1 Dorm. Santiago Centro,1120.2,46000000.0,25.0,44.81,74.0,1.0,0.0,350000.0,Santiago,Parque Almagro,2026-10-01,,https://www.portalinmobiliario.com/MLC-4531664716-departamento-de-1-dorm-santiago-centro-_JM
"Departamento En Venta, Increible Oportunidad",1660.0,68168531.0,37.0,44.86,75.0,1.0,0.0,110000.0,Santiago,San Diego,2026-09-26,2026-09-25,https://www.portalinmobiliario.com/MLC-2275599277-departamento-en-venta-increible-oportunidad-_JM
Se Vende Depto De 2d Y 1b Con Bodega En Vicuña Mackena 1207,1750.0,71864415.0,39.0,44.87,83.0,2.0,0.0,85000.0,Santiago,Bogotá - Sierra Bella,2026-09-22,2026-09-22,https://www.portalinmobiliario.com/MLC-4502092488-se-vende-depto-de-2d-y-1b-con-bodega-en-vicuna-mackena-1207-_JM
Herrera / San Pablo,1795.0,73712357.0,40.0,44.88,66.0,2.0,1.0,,Santiago,Barrio Yungay,2026-09-24,2026-09-23,https://www.portalinmobiliario.com/MLC-4509210424-herrera-san-pablo-_JM
"2d Con Bodega Y Estac Frente A Carabineros, Santa Isabel",2200.0,90343836.0,49.0,44.9,83.0,2.0,1.0,80000.0,Santiago,Santa Isabel,2026-09-26,2026-09-25,https://www.portalinmobiliario.com/MLC-2275515529-2d-con-bodega-y-estac-frente-a-carabineros-santa-isabel-_JM
Oportunidad Bajo Precio,1436.7,59000000.0,32.0,44.9,83.0,1.0,0.0,130000.0,Santiago,San Diego,2026-09-27,2026-09-26,https://www.portalinmobiliario.com/MLC-2276114209-oportunidad-bajo-precio-_JM
"San Francisco, Oportunidad",2021.2,83000000.0,45.0,44.92,75.0,2.0,0.0,65000.0,Santiago,Bulnes,2026-09-28,2026-09-27,https://www.portalinmobiliario.com/MLC-4522103344-san-francisco-oportunidad-_JM
"Depto. Frente A Metro Santa Ana, Vista Despejada 3d/2b",2919.7,119900000.0,65.0,44.92,53.0,3.0,0.0,100000.0,Santiago,Barrio Brasil,2026-10-01,,https://www.portalinmobiliario.com/MLC-2285729489-depto-frente-a-metro-santa-ana-vista-despejada-3d2b-_JM
"San Francisco, Oportunidad",2021.2,83000000.0,45.0,44.92,74.0,2.0,0.0,65000.0,Santiago,Bulnes,2026-10-01,2026-10-01,https://www.portalinmobiliario.com/MLC-2290640313-san-francisco-oportunidad-_JM
"Se Vende Lindo Departamento, 3d 2b, Santiago Centro",2922.2,120000000.0,65.0,44.96,54.0,3.0,1.0,150000.0,Santiago,San Diego,2026-09-28,2026-09-27,https://www.portalinmobiliario.com/MLC-4520106970-se-vende-lindo-departamento-3d-2b-santiago-centro-_JM
2699uf  Depto Cocina Separada  2d Grandes 2b 1estac.bodega,2699.0,110835461.0,60.0,44.98,54.0,2.0,1.0,110000.0,Santiago,Bulnes,2026-10-01,2026-10-01,https://www.portalinmobiliario.com/MLC-2288275923-2699uf-depto-cocina-separada-2d-grandes-2b-1estacbodega-_JM
"San Isidro Precioso Departamento, Ideal Para Inversionistas",2700.0,110876526.0,60.0,45.0,65.0,2.0,1.0,65000.0,Santiago,Santa Isabel,2026-09-21,2026-09-21,https://www.portalinmobiliario.com/MLC-2261829923-san-isidro-precioso-departamento-ideal-para-inversionistas-_JM
Hermoso Dpto En Primer Piso - Providencia,4505.0,185000000.0,100.0,45.05,80.0,2.0,0.0,66000.0,Providencia,Barrio Italia,2026-09-22,2026-09-22,https://www.portalinmobiliario.com/MLC-4502092788-hermoso-dpto-en-primer-piso-providencia-_JM
Gran Oportunidad!! Excelente Ubicación! Se Aceptan Ofertas!,2074.0,85169598.0,46.0,45.09,66.0,2.0,0.0,65000.0,Santiago,Barrio Brasil,2026-09-22,2026-09-21,https://www.portalinmobiliario.com/MLC-2265324647-gran-oportunidad-excelente-ubicacion-se-aceptan-ofertas-_JM
28m2 Departamento 2 Ambientes Vista Norte Despejada,1217.6,50000000.0,27.0,45.1,72.0,1.0,0.0,75000.0,Santiago,Parque O'Higgins,2026-09-23,2026-09-22,https://www.portalinmobiliario.com/MLC-2268779159-28m2-departamento-2-ambientes-vista-norte-despejada-_JM
San Diego (119597),1534.1,63000000.0,34.0,45.12,75.0,1.0,0.0,50000.0,Santiago,Parque Almagro,2026-09-24,2026-09-23,https://www.portalinmobiliario.com/MLC-4510793086-san-diego-119597-_JM
Matta/carmen 1d1b,1580.0,64883300.0,35.0,45.14,83.0,1.0,0.0,65000.0,Santiago,Bogotá - Sierra Bella,2026-10-01,,https://www.portalinmobiliario.com/MLC-4527523226-mattacarmen-1d1b-_JM
Bajó De Precio! Oportunidad En Barrio Brasil,1490.0,61187416.0,33.0,45.15,72.0,1.0,0.0,70000.0,Santiago,Parque Los Reyes,2026-09-23,2026-09-22,https://www.portalinmobiliario.com/MLC-2268752939-bajo-de-precio-oportunidad-en-barrio-brasil-_JM
"Metro La Moneda, Est Y Bod",2483.8,102000000.0,55.0,45.16,54.0,2.0,1.0,80000.0,Santiago,Bulnes,2026-09-22,2026-09-21,https://www.portalinmobiliario.com/MLC-4505357952-metro-la-moneda-est-y-bod-_JM
Venta Amplio Depto En Stgo | Metro B. Artes,6600.0,271031508.0,146.0,45.21,,3.0,0.0,,Santiago,Centro Histórico De Santiago,2026-09-28,2026-09-28,https://www.portalinmobiliario.com/MLC-4522106050-venta-amplio-depto-en-stgo-metro-b-artes-_JM
Se Vende En Eleuterio Ramirez 740 1 Dormitorio Con Bodega,1448.9,59500000.0,32.0,45.28,75.0,1.0,0.0,60000.0,Santiago,San Diego,2026-09-26,2026-09-25,https://www.portalinmobiliario.com/MLC-2276108647-se-vende-en-eleuterio-ramirez-740-1-dormitorio-con-bodega-_JM
"Impecable, Depto A Pasos De Metro Parque Almagro",1450.0,59544801.0,32.0,45.31,75.0,1.0,0.0,60000.0,Santiago,San Diego,2026-09-28,2026-09-27,https://www.portalinmobiliario.com/MLC-4522117028-impecable-depto-a-pasos-de-metro-parque-almagro-_JM
Departamento 3d 2b / Gran Ubicación Residencial-comercial.,3400.0,139622292.0,75.0,45.33,47.0,3.0,0.0,75000.0,Santiago,Barrio Yungay,2026-09-26,2026-09-25,https://www.portalinmobiliario.com/MLC-4515025424-departamento-3d-2b-gran-ubicacion-residencial-comercial-_JM
Departamento Recién Remodelado A Pasos Del Metro,1180.0,48457148.0,26.0,45.38,71.0,1.0,0.0,70000.0,Santiago,Centro Histórico De Santiago,2026-09-22,2026-09-21,https://www.portalinmobiliario.com/MLC-2265322769-departamento-recien-remodelado-a-pasos-del-metro-_JM
"Venta Depto 1d/1b/1b A Santiago Centro,metros L2, 3 Y 5",1590.0,65293954.0,35.0,45.43,74.0,1.0,0.0,60000.0,Santiago,Centro Histórico De Santiago,2026-09-25,2026-09-24,https://www.portalinmobiliario.com/MLC-4513401644-venta-depto-1d1b1b-a-santiago-centrometros-l2-3-y-5-_JM
"Venta De Departamento Lord Cochrane 1431, Santiago.",1590.0,65293954.0,35.0,45.43,72.0,1.0,0.0,,Santiago,Parque O'Higgins,2026-10-01,2026-10-01,https://www.portalinmobiliario.com/MLC-4531691650-venta-de-departamento-lord-cochrane-1431-santiago-_JM
Venta Departamento 1 Dorm Conexión Lavadora Terraza Santiago,1590.0,65293954.0,35.0,45.43,71.0,1.0,0.0,0.0,Santiago,Centro Histórico De Santiago,2026-09-19,2026-09-19,https://www.portalinmobiliario.com/MLC-2256962187-venta-departamento-1-dorm-conexion-lavadora-terraza-santiago-_JM
Vendo Departamento 2 Dormitoros 2 Baños Bod. Metro Santa Ana,2500.0,102663450.0,55.0,45.45,53.0,2.0,0.0,100000.0,Santiago,Centro Histórico De Santiago,2026-09-21,2026-09-21,https://www.portalinmobiliario.com/MLC-2262139345-vendo-departamento-2-dormitoros-2-banos-bod-metro-santa-ana-_JM
1 D 1 B Excelente Ubicacion Barrio Bellas Artes,1500.0,61598070.0,33.0,45.45,73.0,1.0,0.0,100000.0,Santiago,Centro Histórico De Santiago,2026-09-23,2026-09-22,https://www.portalinmobiliario.com/MLC-2267398161-1-d-1-b-excelente-ubicacion-barrio-bellas-artes-_JM
"Remodelado 3d 2b A 5 Min Del Metro Ñuble, Piso 18",2500.0,102663450.0,55.0,45.45,61.0,3.0,0.0,100000.0,Santiago,Bogotá - Sierra Bella,2026-10-01,2026-10-01,https://www.portalinmobiliario.com/MLC-4530699552-remodelado-3d-2b-a-5-min-del-metro-nuble-piso-18-_JM
Oportunidad Inversión-dpto. En Venta (arrendado) (172805),1230.0,50510417.0,27.0,45.56,72.0,1.0,0.0,60000.0,Santiago,Centro Histórico De Santiago,2026-09-27,2026-09-26,https://www.portalinmobiliario.com/MLC-4517588562-oportunidad-inversion-dpto-en-venta-arrendado-172805-_JM
Lord Cochrane / Padre Miguel De Olivares,1458.6,59900000.0,32.0,45.58,74.0,1.0,0.0,37000.0,Santiago,Bulnes,2026-09-21,2026-09-21,https://www.portalinmobiliario.com/MLC-4499772962-lord-cochrane-padre-miguel-de-olivares-_JM
Departamento En Venta M. Santa Ana 2d+2b (77066),2600.0,106769988.0,57.0,45.61,53.0,2.0,0.0,70000.0,Santiago,Centro Histórico De Santiago,2026-09-28,2026-09-27,https://www.portalinmobiliario.com/MLC-2280139363-departamento-en-venta-m-santa-ana-2d2b-77066-_JM
Departamento Rebajado + Estacionamiento ! (183631),2190.0,89933182.0,48.0,45.62,83.0,2.0,1.0,80000.0,Santiago,San Diego,2026-09-24,2026-09-23,https://www.portalinmobiliario.com/MLC-4509215918-departamento-rebajado-estacionamiento-183631-_JM
"Venta Departamento Calle Agustinas 1612, Santiago",3650.0,149888637.0,80.0,45.62,55.0,3.0,2.0,,Santiago,Centro Histórico De Santiago,2026-10-01,2026-10-01,https://www.portalinmobiliario.com/MLC-4530109656-venta-departamento-calle-agustinas-1612-santiago-_JM
"Avenida Santa Isabel 517, Santiago",1826.1,74990000.0,40.0,45.65,83.0,2.0,0.0,1.0,Santiago,Santa Isabel,2026-09-26,2026-09-25,https://www.portalinmobiliario.com/MLC-2275598087-avenida-santa-isabel-517-santiago-_JM
Hermoso  Dpto Completamente Renovadoen Santiago,1600.0,65704608.0,35.0,45.71,66.0,1.0,0.0,60000.0,Santiago,Parque Los Reyes,2026-09-24,2026-09-23,https://www.portalinmobiliario.com/MLC-4510775820-hermoso-dpto-completamente-renovadoen-santiago-_JM
Departamento Dúplex Libre En Portal Fernández Concha,2057.7,84500000.0,45.0,45.73,74.0,1.0,0.0,70000.0,Santiago,Centro Histórico De Santiago,2026-09-27,2026-09-26,https://www.portalinmobiliario.com/MLC-4517586286-departamento-duplex-libre-en-portal-fernandez-concha-_JM
Venta Dpto Venta 2d 1b Catedral Metro Santa Ana Stgo,2290.0,94039720.0,50.0,45.8,74.0,2.0,0.0,95000.0,Santiago,Centro Histórico De Santiago,2026-09-27,2026-09-26,https://www.portalinmobiliario.com/MLC-2277778851-venta-dpto-venta-2d-1b-catedral-metro-santa-ana-stgo-_JM
Excelente Oportunidad Departamento 2 Dormitorios 1 Baño,1970.0,80898799.0,43.0,45.81,74.0,2.0,0.0,130000.0,Santiago,Parque O'Higgins,2026-09-24,2026-09-23,https://www.portalinmobiliario.com/MLC-2271032531-excelente-oportunidad-departamento-2-dormitorios-1-bano-_JM
Liquidación Con Vista Panorámica! (180044),1650.0,67757877.0,36.0,45.83,75.0,1.0,0.0,35000.0,Santiago,Parque Almagro,2026-09-28,2026-09-27,https://www.portalinmobiliario.com/MLC-4520042062-liquidacion-con-vista-panoramica-180044-_JM
Departamento - Santiago - Eleuterio Ramírez,2200.0,90343836.0,48.0,45.83,74.0,2.0,0.0,80000.0,Santiago,San Diego,2026-09-23,2026-09-22,https://www.portalinmobiliario.com/MLC-4506405832-departamento-santiago-eleuterio-ramirez-_JM
Departamento En Venta En Centro Histórico De Santiago,1650.0,67757877.0,36.0,45.83,74.0,1.0,0.0,70000.0,Santiago,Centro Histórico De Santiago,2026-09-25,2026-09-24,https://www.portalinmobiliario.com/MLC-4513377896-departamento-en-venta-en-centro-historico-de-santiago-_JM
Se Vende Departamento En Centro De Santiago Calle Catedral,3896.2,160000000.0,85.0,45.84,55.0,3.0,1.0,,Santiago,Centro Histórico De Santiago,2026-09-22,2026-09-21,https://www.portalinmobiliario.com/MLC-4505362236-se-vende-departamento-en-centro-de-santiago-calle-catedral-_JM
Vendo Luminoso Departamento 2 Dormitorios San Isidro 151,2890.0,118678948.0,63.0,45.87,65.0,2.0,0.0,100000.0,Santiago,Santa Isabel,2026-09-21,2026-09-21,https://www.portalinmobiliario.com/MLC-4501916486-vendo-luminoso-departamento-2-dormitorios-san-isidro-151-_JM
Departamento Lado Metro Toesca,3350.0,137569023.0,73.0,45.89,54.0,3.0,1.0,160000.0,Santiago,Ejército - Toesca,2026-09-26,2026-09-25,https://www.portalinmobiliario.com/MLC-4515400258-departamento-lado-metro-toesca-_JM
Departamento Amplio En Venta De 2d/1b Cercano Metro,3350.0,137569023.0,73.0,45.89,68.0,2.0,0.0,55000.0,Santiago,Santa Isabel,2026-10-01,2026-10-01,https://www.portalinmobiliario.com/MLC-4531643180-departamento-amplio-en-venta-de-2d1b-cercano-metro-_JM
Oportunidad Dpto Lord Cocharane/eleuterio Ramirez,2386.4,98000000.0,52.0,45.89,54.0,2.0,0.0,120000.0,Santiago,Bulnes,2026-09-29,2026-09-18,https://www.portalinmobiliario.com/MLC-2282572765-oportunidad-dpto-lord-cocharaneeleuterio-ramirez-_JM
Departamento En Venta En Santiago,2800.4,115000000.0,61.0,45.91,51.0,2.0,1.0,60000.0,Santiago,Centro Histórico De Santiago,2026-09-23,2026-09-22,https://www.portalinmobiliario.com/MLC-2268767093-departamento-en-venta-en-santiago-_JM
Departamento Lira-curico,2849.1,117000000.0,62.0,45.95,65.0,2.0,1.0,140000.0,Santiago,Santa Isabel,2026-09-18,2026-09-18,https://www.portalinmobiliario.com/MLC-4490234794-departamento-lira-curico-_JM
Venta Departamento Santiago Portal Fernandez Concha,2069.9,85000000.0,45.0,46.0,74.0,1.0,0.0,60000.0,Santiago,Centro Histórico De Santiago,2026-09-23,2026-09-22,https://www.portalinmobiliario.com/MLC-2268767353-venta-departamento-santiago-portal-fernandez-concha-_JM
San Ignacio. Rondizzoni. Parque O´higgins (171819),2069.9,85000000.0,45.0,46.0,72.0,2.0,0.0,90000.0,Santiago,Parque O'Higgins,2026-09-22,2026-09-21,https://www.portalinmobiliario.com/MLC-2265342605-san-ignacio-rondizzoni-parque-ohiggins-171819-_JM
Venta Departamento San Martin 1 Dorm Y Bodega,1380.0,56670224.0,30.0,46.0,72.0,1.0,0.0,76000.0,Santiago,Centro Histórico De Santiago,2026-09-26,2026-09-25,https://www.portalinmobiliario.com/MLC-4515020042-venta-departamento-san-martin-1-dorm-y-bodega-_JM
Departamento En Venta De 2 Dorm. A Pasos Del Metro Santa Ana,2300.0,94450374.0,50.0,46.0,74.0,2.0,0.0,110000.0,Santiago,Centro Histórico De Santiago,2026-09-28,2026-09-27,https://www.portalinmobiliario.com/MLC-4522101536-departamento-en-venta-de-2-dorm-a-pasos-del-metro-santa-ana-_JM
Departamento Estupenda Locación 2habitaciones Un Baño,2300.0,94450374.0,50.0,46.0,72.0,2.0,0.0,110000.0,Santiago,Centro Histórico De Santiago,2026-09-25,2026-09-24,https://www.portalinmobiliario.com/MLC-4513395574-departamento-estupenda-locacion-2habitaciones-un-bano-_JM
Depto 1d Con Terraza A Pasos Del Metro Santa Ana,1380.0,56670224.0,30.0,46.0,73.0,1.0,0.0,78000.0,Santiago,Centro Histórico De Santiago,2026-09-20,2026-09-20,https://www.portalinmobiliario.com/MLC-4496592168-depto-1d-con-terraza-a-pasos-del-metro-santa-ana-_JM
Venta 3d+2b+escritorio. San Isidro/santa Isabel,2300.0,94450374.0,50.0,46.0,,3.0,0.0,,Santiago,Santa Isabel,2026-10-01,2026-10-01,https://www.portalinmobiliario.com/MLC-4530720348-venta-3d2bescritorio-san-isidrosanta-isabel-_JM
Departamento En Venta 2d 1b Con Vista A La Cordillera,2350.0,96503643.0,51.0,46.08,83.0,2.0,1.0,90000.0,Santiago,Santa Isabel,2026-09-26,2026-09-25,https://www.portalinmobiliario.com/MLC-2276107737-departamento-en-venta-2d-1b-con-vista-a-la-cordillera-_JM
Departamento Santa Isabel Id: 106751,2950.0,121142871.0,64.0,46.09,65.0,2.0,1.0,70000.0,Santiago,Santa Isabel,2026-09-28,2026-09-27,https://www.portalinmobiliario.com/MLC-4520042006-departamento-santa-isabel-id-106751-_JM
Oportunidad 2 Dormitorios Metro Diego Almagro/toesca,1890.0,77613568.0,41.0,46.1,75.0,2.0,0.0,90000.0,Santiago,Parque Almagro,2026-09-26,2026-09-25,https://www.portalinmobiliario.com/MLC-2275608691-oportunidad-2-dormitorios-metro-diego-almagrotoesca-_JM
Pasos Estación Metro Combinación L1 Y L5,1753.3,72000000.0,38.0,46.14,74.0,1.0,0.0,90000.0,Santiago,Centro Histórico De Santiago,2026-09-25,2026-09-24,https://www.portalinmobiliario.com/MLC-4513377082-pasos-estacion-metro-combinacion-l1-y-l5-_JM
Vendo Departamento R. Cumming Remodelado,2400.0,98556912.0,52.0,46.15,47.0,2.0,0.0,65000.0,Santiago,Barrio Brasil,2026-09-26,2026-09-25,https://www.portalinmobiliario.com/MLC-2275679295-vendo-departamento-r-cumming-remodelado-_JM
Depto 1d/1b En Santiago Por 1662 U.f. Eleuterio Ramirez,1662.0,68250662.0,36.0,46.17,74.0,1.0,0.0,60000.0,Santiago,San Diego,2026-10-01,,https://www.portalinmobiliario.com/MLC-4526074944-depto-1d1b-en-santiago-por-1662-uf-eleuterio-ramirez-_JM
Departamento En Venta De 3 Dorm. En Santiago,2678.7,110000000.0,58.0,46.18,68.0,3.0,0.0,140000.0,Santiago,Santa Isabel,2026-09-23,2026-09-22,https://www.portalinmobiliario.com/MLC-2268778923-departamento-en-venta-de-3-dorm-en-santiago-_JM
Gran Oportunidad Céntrico/av Portugal 981 (159839),2495.0,102458123.0,54.0,46.2,65.0,2.0,1.0,120000.0,Santiago,Barrio Diez De Julio,2026-09-25,2026-09-24,https://www.portalinmobiliario.com/MLC-4513383298-gran-oportunidad-centricoav-portugal-981-159839-_JM
Paris / Santa Rosa Especutacular,5500.0,225859590.0,119.0,46.22,62.0,4.0,0.0,90000.0,Santiago,Santa Isabel,2026-10-01,2026-10-01,https://www.portalinmobiliario.com/MLC-4533911682-paris-santa-rosa-especutacular-_JM
Departamento En Venta De 2 Dorm. En Santiago,2727.4,112000000.0,59.0,46.23,65.0,2.0,1.0,105000.0,Santiago,Santa Isabel,2026-10-01,,https://www.portalinmobiliario.com/MLC-4531655282-departamento-en-venta-de-2-dorm-en-santiago-_JM
Vendo Departamento 2d - 2b,2820.0,115804372.0,61.0,46.23,53.0,2.0,0.0,,Santiago,Centro Histórico De Santiago,2026-09-25,2026-09-24,https://www.portalinmobiliario.com/MLC-2274078193-vendo-departamento-2d-2b-_JM
Vendemos Depto Remodelado - 1 Dormitorio - Gorbea 2025,1850.0,75970953.0,40.0,46.25,75.0,1.0,0.0,73000.0,Santiago,Ejército - Toesca,2026-09-25,2026-09-24,https://www.portalinmobiliario.com/MLC-4514081098-vendemos-depto-remodelado-1-dormitorio-gorbea-2025-_JM
Depto En Venta Torre Cal Y Canto. General Mackenna 1138,1480.0,60776762.0,32.0,46.25,71.0,1.0,0.0,80000.0,Santiago,Centro Histórico De Santiago,2026-09-22,2026-09-22,https://www.portalinmobiliario.com/MLC-2264460159-depto-en-venta-torre-cal-y-canto-general-mackenna-1138-_JM
Oportunidad 2d+2b+1e+1b Santiago Centro,2590.0,106359334.0,56.0,46.25,54.0,2.0,1.0,130000.0,Santiago,Bulnes,2026-09-24,2026-09-23,https://www.portalinmobiliario.com/MLC-4510761394-oportunidad-2d2b1e1b-santiago-centro-_JM
Inmejorable Oportunidad 2d +2b Barrio Brasil,1990.0,81720106.0,43.0,46.28,66.0,2.0,0.0,,Santiago,Barrio Brasil,2026-09-18,2026-09-18,https://www.portalinmobiliario.com/MLC-4490282428-inmejorable-oportunidad-2d-2b-barrio-brasil-_JM
Inmejorable Oportunidad 2d +2b Barrio Brasil,1990.0,81720106.0,43.0,46.28,66.0,2.0,0.0,,Santiago,Barrio Brasil,2026-09-18,2026-09-18,https://www.portalinmobiliario.com/MLC-4490231932-inmejorable-oportunidad-2d-2b-barrio-brasil-_JM
Departamento En Venta En Santiago,1990.0,81720106.0,43.0,46.28,66.0,2.0,0.0,0.0,Santiago,Barrio Brasil,2026-09-21,2026-09-21,https://www.portalinmobiliario.com/MLC-4499775870-departamento-en-venta-en-santiago-_JM
Invierta En Santiago Centro | Departamento 2d/1b Con Alta De,1990.0,81720106.0,43.0,46.28,74.0,2.0,0.0,100000.0,Santiago,Bulnes,2026-09-21,2026-09-21,https://www.portalinmobiliario.com/MLC-4499776046-invierta-en-santiago-centro-departamento-2d1b-con-alta-de-_JM
Compañía De Jesús 1400 (piso 21),2500.0,102663450.0,54.0,46.3,53.0,2.0,0.0,,Santiago,Centro Histórico De Santiago,2026-09-21,2026-09-21,https://www.portalinmobiliario.com/MLC-2262135165-compania-de-jesus-1400-piso-21-_JM
Venta De Departamento Familiar Ubicado En El Centro De Santi,3890.0,159744328.0,84.0,46.31,53.0,3.0,1.0,180000.0,Santiago,Centro Histórico De Santiago,2026-10-01,2026-10-01,https://www.portalinmobiliario.com/MLC-4528507494-venta-de-departamento-familiar-ubicado-en-el-centro-de-santi-_JM
"Depto En Venta, Serrano 266, Santiago",1900.0,78024222.0,41.0,46.34,74.0,2.0,0.0,75000.0,Santiago,Bulnes,2026-10-01,2026-10-01,https://www.portalinmobiliario.com/MLC-4533919516-depto-en-venta-serrano-266-santiago-_JM
"A Pasos Parque O Higgins Y Metro Rondizzoni 1d, 1b, E Y Bd",1900.0,78024222.0,41.0,46.34,72.0,1.0,1.0,70000.0,Santiago,Parque O'Higgins,2026-10-01,2026-10-01,https://www.portalinmobiliario.com/MLC-2290657953-a-pasos-parque-o-higgins-y-metro-rondizzoni-1d-1b-e-y-bd-_JM
Dto En Venta Centro Histórico De Santiago Cod. 809,1670.0,68579185.0,36.0,46.39,74.0,1.0,0.0,80000.0,Santiago,Centro Histórico De Santiago,2026-10-01,,https://www.portalinmobiliario.com/MLC-2285742043-dto-en-venta-centro-historico-de-santiago-cod-809-_JM
Oportunidad Depto A Pasos Metro Rondizzoni,1950.0,80077491.0,42.0,46.43,72.0,2.0,0.0,90000.0,Santiago,Parque O'Higgins,2026-10-01,2026-10-01,https://www.portalinmobiliario.com/MLC-2288286507-oportunidad-depto-a-pasos-metro-rondizzoni-_JM
Depto Estudio En Barrio Republica Santiago,1254.1,51500000.0,27.0,46.45,68.0,1.0,0.0,70000.0,Santiago,Barrio República,2026-09-22,2026-09-21,https://www.portalinmobiliario.com/MLC-2265335887-depto-estudio-en-barrio-republica-santiago-_JM
"2d,2b - 48m2 Eleuterio Con Cochrane",2230.0,91575797.0,48.0,46.46,74.0,2.0,0.0,90000.0,Santiago,Parque Almagro,2026-09-23,2026-09-22,https://www.portalinmobiliario.com/MLC-4506282488-2d2b-48m2-eleuterio-con-cochrane-_JM
"Buscas Un Dpto. Totalmente Renovado, Moderno Y Listo?",2650.0,108823257.0,57.0,46.49,65.0,2.0,0.0,90000.0,Santiago,Santa Isabel,2026-09-22,2026-09-22,https://www.portalinmobiliario.com/MLC-4503070120-buscas-un-dpto-totalmente-renovado-moderno-y-listo-_JM
Departamento Santiago Centro 3d 2b,2556.9,105000000.0,55.0,46.49,61.0,3.0,0.0,0.0,Santiago,Bogotá - Sierra Bella,2026-10-01,2026-10-01,https://www.portalinmobiliario.com/MLC-4530716514-departamento-santiago-centro-3d-2b-_JM
Departamento En Venta En Santiago,2790.0,114572410.0,60.0,46.5,54.0,2.0,1.0,100000.0,Santiago,Parque Almagro,2026-09-23,2026-09-22,https://www.portalinmobiliario.com/MLC-2268792801-departamento-en-venta-en-santiago-_JM
Departamento 2d/2b En Venta Santiago Centro 2.000 Uf,2000.0,82130760.0,43.0,46.51,68.0,2.0,0.0,90000.0,Santiago,Barrio Yungay,2026-09-24,2026-09-23,https://www.portalinmobiliario.com/MLC-2271046993-departamento-2d2b-en-venta-santiago-centro-2000-uf-_JM
Vive En El Corazón De La Ciudad (153087),2000.0,82130760.0,43.0,46.51,73.0,2.0,0.0,90000.0,Santiago,Centro Histórico De Santiago,2026-09-18,2026-09-18,https://www.portalinmobiliario.com/MLC-4491460226-vive-en-el-corazon-de-la-ciudad-153087-_JM
Excelente Departamento Cercano Al Centro,1490.0,61187416.0,32.0,46.56,74.0,1.0,0.0,45000.0,Santiago,Bulnes,2026-10-01,2026-10-01,https://www.portalinmobiliario.com/MLC-4530722610-excelente-departamento-cercano-al-centro-_JM
Departamento En Venta De 4 Dorm. En Santiago,4895.0,201015035.0,105.0,46.62,55.0,4.0,1.0,0.0,Santiago,,2026-10-01,,https://www.portalinmobiliario.com/MLC-2285760167-departamento-en-venta-de-4-dorm-en-santiago-_JM
Depto 1d1b En Promoción Santiago M L5 (124930),1400.0,57491532.0,30.0,46.67,74.0,1.0,0.0,60000.0,Santiago,Centro Histórico De Santiago,2026-10-01,,https://www.portalinmobiliario.com/MLC-4526124690-depto-1d1b-en-promocion-santiago-m-l5-124930-_JM
"Venta Departamento 1 Dormitorio, Santiago Centro",1540.0,63240685.0,33.0,46.67,83.0,1.0,0.0,60000.0,Santiago,Santa Isabel,2026-09-23,2026-09-22,https://www.portalinmobiliario.com/MLC-2267422875-venta-departamento-1-dormitorio-santiago-centro-_JM
Se Vende Depto Metro Cal Y Canto (72881),1400.0,57491532.0,30.0,46.67,71.0,1.0,0.0,45000.0,Santiago,Centro Histórico De Santiago,2026-09-23,2026-09-22,https://www.portalinmobiliario.com/MLC-4505444748-se-vende-depto-metro-cal-y-canto-72881-_JM
"Departamento En Venta De 3d / 2 B, Santiago, Inversionista",2800.0,114983064.0,60.0,46.67,65.0,3.0,0.0,,Santiago,Barrio Diez De Julio,2026-09-21,2026-09-21,https://www.portalinmobiliario.com/MLC-4499773100-departamento-en-venta-de-3d-2-b-santiago-inversionista-_JM
"Diagonal Paraguay/uc, Metro Baquedano 45 Mts,1d/1b, Bod Dn",2100.0,86237298.0,45.0,46.67,83.0,1.0,0.0,70000.0,Santiago,Santa Isabel,2026-10-01,,https://www.portalinmobiliario.com/MLC-4526076170-diagonal-paraguayuc-metro-baquedano-45-mts1d1b-bod-dn-_JM
Departamento En Carmen (183039),2100.0,86237298.0,45.0,46.67,83.0,1.0,0.0,60000.0,Santiago,Barrio Diez De Julio,2026-09-25,2026-09-24,https://www.portalinmobiliario.com/MLC-2274565969-departamento-en-carmen-183039-_JM
"Oportunidad! 2 Dormitorios, 2 Baños, Santiago",1729.0,71000000.0,37.0,46.73,66.0,2.0,0.0,65000.0,Santiago,Parque Los Reyes,2026-09-21,2026-09-21,https://www.portalinmobiliario.com/MLC-2261633213-oportunidad-2-dormitorios-2-banos-santiago-_JM
Departamento Libertad Id: 151001,2150.0,88290567.0,46.0,46.74,66.0,2.0,0.0,56000.0,Santiago,Parque Los Reyes,2026-09-27,2026-09-26,https://www.portalinmobiliario.com/MLC-2278343861-departamento-libertad-id-151001-_JM
"¡vive En El Centro De Santiago, 2d/1b, 51m²!",2385.0,97940931.0,51.0,46.76,74.0,2.0,0.0,85000.0,Santiago,Bulnes,2026-10-01,2026-10-01,https://www.portalinmobiliario.com/MLC-4530710462-vive-en-el-centro-de-santiago-2d1b-51m-_JM
Venta Departamento 2d Y 1b. Vista Despejada,2198.0,90261705.0,47.0,46.77,,2.0,1.0,,Santiago,Parque Los Reyes,2026-09-23,2026-09-23,https://www.portalinmobiliario.com/MLC-4505433262-venta-departamento-2d-y-1b-vista-despejada-_JM
"Depto. 41 M2 En Santiago, 1d 1b San Ignacio",1731.0,71084173.0,37.0,46.78,74.0,1.0,0.0,60000.0,Santiago,Parque Almagro,2026-10-01,,https://www.portalinmobiliario.com/MLC-4526122420-depto-41-m2-en-santiago-1d-1b-san-ignacio-_JM
Departamento Con Ubicacion Privilegiada 2d/2b,2808.0,115311587.0,60.0,46.8,48.0,2.0,1.0,109000.0,Santiago,Barrio Yungay,2026-09-21,2026-09-21,https://www.portalinmobiliario.com/MLC-2263573247-departamento-con-ubicacion-privilegiada-2d2b-_JM
Departamento En Venta De 3 Dorm. En Las Condes,2995.2,123000000.0,64.0,46.8,85.0,3.0,0.0,0.0,Las Condes,Colón Oriente - Vital Apoquindo,2026-09-23,2026-09-22,https://www.portalinmobiliario.com/MLC-2268778579-departamento-en-venta-de-3-dorm-en-las-condes-_JM
Venta Departamento Espectacular,1826.4,75000000.0,39.0,46.83,74.0,1.0,0.0,120.0,Santiago,Centro Histórico De Santiago,2026-10-01,2026-10-01,https://www.portalinmobiliario.com/MLC-4530110450-venta-departamento-espectacular-_JM
Vendo Departamento Santiago 3hab 2 Bañ,3000.0,123196140.0,64.0,46.88,65.0,3.0,0.0,110000.0,Santiago,Santa Isabel,2026-09-26,2026-09-25,https://www.portalinmobiliario.com/MLC-2275706199-vendo-departamento-santiago-3hab-2-ban-_JM
"Estudio Remodelado, San Diego: Ideal Para Vivir O Invertir!!",937.5,38500000.0,20.0,46.88,72.0,1.0,0.0,40000.0,Santiago,Parque O'Higgins,2026-09-24,2026-09-23,https://www.portalinmobiliario.com/MLC-4509235838-estudio-remodelado-san-diego-ideal-para-vivir-o-invertir-_JM
Venta Departamento Santiago 2d 2b 1e (183368),2250.0,92397105.0,48.0,46.88,83.0,2.0,1.0,110000.0,Santiago,Santa Isabel,2026-09-22,2026-09-22,https://www.portalinmobiliario.com/MLC-4502088030-venta-departamento-santiago-2d-2b-1e-183368-_JM
2 Dorm. 2 Baños Remodelado Con Excelente Vista Y Luminosidad,2580.0,105948680.0,55.0,46.91,83.0,2.0,1.0,70000.0,Santiago,Bogotá - Sierra Bella,2026-10-01,,https://www.portalinmobiliario.com/MLC-4525964606-2-dorm-2-banos-remodelado-con-excelente-vista-y-luminosidad-_JM
"Departamento En Venta, 2 Dormitorios Y 1 Baño (2d-1b)",2300.0,94450374.0,49.0,46.94,74.0,2.0,0.0,75000.0,Santiago,San Diego,2026-09-23,2026-09-22,https://www.portalinmobiliario.com/MLC-2268779237-departamento-en-venta-2-dormitorios-y-1-bano-2d-1b-_JM
Departamento En Venta De 1 Dorm. En Santiago,1315.0,54000000.0,28.0,46.96,74.0,1.0,0.0,75000.0,Santiago,Centro Histórico De Santiago,2026-10-01,,https://www.portalinmobiliario.com/MLC-4526103892-departamento-en-venta-de-1-dorm-en-santiago-_JM
"1 Dormitorio, 1 Baño, Bodega, Sin Estacionamiento, Santiago",1315.0,54000000.0,28.0,46.96,72.0,1.0,0.0,55000.0,Santiago,Parque O'Higgins,2026-09-21,2026-09-21,https://www.portalinmobiliario.com/MLC-2261633181-1-dormitorio-1-bano-bodega-sin-estacionamiento-santiago-_JM
"2d,1b - Metro Ñuble",1785.0,73301703.0,38.0,46.97,79.0,2.0,0.0,80000.0,Santiago,Bogotá - Sierra Bella,2026-09-22,2026-09-21,https://www.portalinmobiliario.com/MLC-2265364831-2d1b-metro-nuble-_JM
Dpto 1h 1b 1e 1b Av España Santiago,2020.0,82952068.0,43.0,46.98,68.0,1.0,1.0,70000.0,Santiago,Barrio República,2026-09-22,2026-09-21,https://www.portalinmobiliario.com/MLC-2265335873-dpto-1h-1b-1e-1b-av-espana-santiago-_JM
Depto. Amplio Teatinos / San Pablo - Estac + Bodega,4139.7,170000000.0,88.0,47.04,53.0,3.0,1.0,165000.0,Santiago,Centro Histórico De Santiago,2026-09-25,2026-09-24,https://www.portalinmobiliario.com/MLC-4514977790-depto-amplio-teatinos-san-pablo-estac-bodega-_JM
"Total Conectividad, Cercano A Universidades, Institutos, Col",1600.0,65704608.0,34.0,47.06,74.0,1.0,0.0,57000.0,Santiago,Parque Almagro,2026-10-01,2026-09-18,https://www.portalinmobiliario.com/MLC-2283617319-total-conectividad-cercano-a-universidades-institutos-col-_JM
Departamento En Venta En Santiago,4000.0,164261520.0,85.0,47.06,55.0,3.0,0.0,100000.0,Santiago,Centro Histórico De Santiago,2026-09-23,2026-09-22,https://www.portalinmobiliario.com/MLC-2268792787-departamento-en-venta-en-santiago-_JM
Amplio Dpto 3d2b Metro Uchile Est Y Bod (177054),3531.0,145000000.0,75.0,47.08,54.0,3.0,1.0,140000.0,Santiago,Bulnes,2026-09-28,2026-09-27,https://www.portalinmobiliario.com/MLC-4520105862-amplio-dpto-3d2b-metro-uchile-est-y-bod-177054-_JM
Moderno Dpto. En Santiago 2d 1b 1e,2119.0,87017540.0,45.0,47.09,83.0,2.0,1.0,110000.0,Santiago,Santa Isabel,2026-09-24,2026-09-23,https://www.portalinmobiliario.com/MLC-4510327642-moderno-dpto-en-santiago-2d-1b-1e-_JM
"Mosqueto /metro Bellas Artes / Dep. Estudio, No Sirve Airbnb",1366.0,56095309.0,29.0,47.1,83.0,1.0,0.0,40000.0,Santiago,Centro Histórico De Santiago,2026-09-23,2026-09-22,https://www.portalinmobiliario.com/MLC-4505447070-mosqueto-metro-bellas-artes-dep-estudio-no-sirve-airbnb-_JM
2d 1b Vista Santiago Piso 16 (184652),2402.0,98639043.0,51.0,47.1,83.0,2.0,1.0,96000.0,Santiago,Bogotá - Sierra Bella,2026-10-01,2026-10-01,https://www.portalinmobiliario.com/MLC-2290637017-2d-1b-vista-santiago-piso-16-184652-_JM
Remodelado 2d 2b En Piso 20 Con Terraza Y Piscina,2450.0,100610181.0,52.0,47.12,65.0,2.0,0.0,75000.0,Santiago,Barrio Diez De Julio,2026-10-01,2026-10-01,https://www.portalinmobiliario.com/MLC-4530724778-remodelado-2d-2b-en-piso-20-con-terraza-y-piscina-_JM
"Hermoso Departamento, 3d, 2b, 1e, 1b,  San Franciso",2922.2,120000000.0,62.0,47.13,54.0,3.0,1.0,120000.0,Santiago,San Diego,2026-09-25,2026-09-24,https://www.portalinmobiliario.com/MLC-4514081400-hermoso-departamento-3d-2b-1e-1b-san-franciso-_JM
Venta Departamento 1 Dorm. En Quinta Normal,1650.0,67757877.0,35.0,47.14,66.0,1.0,0.0,40000.0,Santiago,Barrio Yungay,2026-09-23,2026-09-22,https://www.portalinmobiliario.com/MLC-4506403884-venta-departamento-1-dorm-en-quinta-normal-_JM
Vendo Amplio Departamento  (99625),3300.0,135515754.0,70.0,47.14,54.0,3.0,1.0,100000.0,Santiago,Bulnes,2026-10-01,2026-10-01,https://www.portalinmobiliario.com/MLC-4531645224-vendo-amplio-departamento-99625-_JM
A Pasos Del Metro Santa Isabel (132363),1699.0,69770081.0,36.0,47.19,83.0,1.0,0.0,50000.0,Santiago,Santa Isabel,2026-09-28,2026-09-27,https://www.portalinmobiliario.com/MLC-4520106164-a-pasos-del-metro-santa-isabel-132363-_JM
Venta Departamento A Pasos Plaza De Armas Y Metro,1699.0,69770081.0,36.0,47.19,74.0,1.0,0.0,58000.0,Santiago,Centro Histórico De Santiago,2026-09-25,2026-09-24,https://www.portalinmobiliario.com/MLC-2274563025-venta-departamento-a-pasos-plaza-de-armas-y-metro-_JM
Venta Departamento 2 Habitaciones 1 Baño - Santiago (5056),2313.4,95000000.0,49.0,47.21,83.0,2.0,0.0,60000.0,Santiago,Barrio Diez De Julio,2026-09-28,2026-09-27,https://www.portalinmobiliario.com/MLC-4522128446-venta-departamento-2-habitaciones-1-bano-santiago-5056-_JM
Cómodo Departamento De Un Dormitorio En Suite Con Baño,1700.0,69811146.0,36.0,47.22,83.0,1.0,0.0,70000.0,Santiago,Santa Isabel,2026-09-29,2026-09-28,https://www.portalinmobiliario.com/MLC-2282576047-comodo-departamento-de-un-dormitorio-en-suite-con-bano-_JM
Cómodo Depto Con Estacionamiento  (174322),1700.0,69811146.0,36.0,47.22,69.0,1.0,1.0,30000.0,Santiago,Club Hípico,2026-09-21,2026-09-21,https://www.portalinmobiliario.com/MLC-4499464412-comodo-depto-con-estacionamiento-174322-_JM
Departamento Nataniel Cox / Condc. Espec. Financiamiento,1890.0,77613568.0,40.0,47.25,74.0,2.0,0.0,,Santiago,,2026-09-24,2026-09-23,https://www.portalinmobiliario.com/MLC-4509238910-departamento-nataniel-cox-condc-espec-financiamiento-_JM
Departamento Familiar De 3h2b+e+b En Santiago,3450.0,141675561.0,73.0,47.26,54.0,3.0,1.0,140000.0,Santiago,Bulnes,2026-09-28,2026-09-27,https://www.portalinmobiliario.com/MLC-2280134681-departamento-familiar-de-3h2beb-en-santiago-_JM
Oportunidad Dpto. Remodelado A48uf/mt2 Y En Zona 53 Uf/mt2,2836.9,116500000.0,60.0,47.28,53.0,2.0,0.0,70000.0,Santiago,Centro Histórico De Santiago,2026-09-26,2026-09-25,https://www.portalinmobiliario.com/MLC-4514981712-oportunidad-dpto-remodelado-a48ufmt2-y-en-zona-53-ufmt2-_JM
"Depto 1 Dormitorio Con Estacionamiento, Cercano A Metro Matt",1750.0,71864415.0,37.0,47.3,74.0,1.0,1.0,70000.0,Santiago,Parque O'Higgins,2026-09-21,2026-09-21,https://www.portalinmobiliario.com/MLC-4502084210-depto-1-dormitorio-con-estacionamiento-cercano-a-metro-matt-_JM
Departamento 1 Dormitorio Y Bodega Santiago Centro,1750.0,71864415.0,37.0,47.3,75.0,1.0,0.0,45000.0,Santiago,Bulnes,2026-09-29,2026-09-28,https://www.portalinmobiliario.com/MLC-4524156534-departamento-1-dormitorio-y-bodega-santiago-centro-_JM
Vive En El Centro De Santiago! A Pasos De Universidad Chile,1750.0,71864415.0,37.0,47.3,74.0,1.0,0.0,70000.0,Santiago,Bulnes,2026-09-24,2026-09-23,https://www.portalinmobiliario.com/MLC-2271028325-vive-en-el-centro-de-santiago-a-pasos-de-universidad-chile-_JM
Gran Oportunidad Comercial Y De Inversión En Santiago Centro,1704.6,70000000.0,36.0,47.35,74.0,1.0,0.0,50000.0,Santiago,Santa Isabel,2026-09-25,2026-09-24,https://www.portalinmobiliario.com/MLC-2274110851-gran-oportunidad-comercial-y-de-inversion-en-santiago-centro-_JM
Moderno Depto De Un Ambiente Con Terraza (172191),1800.0,73917684.0,38.0,47.37,74.0,1.0,0.0,80000.0,Santiago,Centro Histórico De Santiago,2026-09-24,2026-09-23,https://www.portalinmobiliario.com/MLC-4510766768-moderno-depto-de-un-ambiente-con-terraza-172191-_JM
Inversión Segura En Propiedad Luminosa (184311),1990.0,81720106.0,42.0,47.38,83.0,2.0,0.0,95000.0,Santiago,Santa Isabel,2026-10-01,,https://www.portalinmobiliario.com/MLC-4526092338-inversion-segura-en-propiedad-luminosa-184311-_JM
Venta Dp.1d.como Nuevo Metro Toesca (126016),1753.3,72000000.0,37.0,47.39,75.0,1.0,0.0,60000.0,Santiago,Ejército - Toesca,2026-09-26,2026-09-25,https://www.portalinmobiliario.com/MLC-2275959615-venta-dp1dcomo-nuevo-metro-toesca-126016-_JM
Hermoso Dpto En Venta 3d-2b Santiago Centro,2750.0,112929795.0,58.0,47.41,51.0,3.0,1.0,100000.0,Santiago,Centro Histórico De Santiago,2026-09-22,2026-09-22,https://www.portalinmobiliario.com/MLC-2264460447-hermoso-dpto-en-venta-3d-2b-santiago-centro-_JM
Se Vende En San Isidro 250,2750.0,112929795.0,58.0,47.41,65.0,3.0,0.0,80000.0,Santiago,Santa Isabel,2026-09-26,2026-09-25,https://www.portalinmobiliario.com/MLC-2276108649-se-vende-en-san-isidro-250-_JM
Metro Santa Lucia / Cerro Santa Lucia / Colegio San Ignacio,2990.0,122785486.0,63.0,47.46,53.0,2.0,0.0,0.0,Santiago,Santa Isabel,2026-09-22,2026-09-21,https://www.portalinmobiliario.com/MLC-4505384304-metro-santa-lucia-cerro-santa-lucia-colegio-san-ignacio-_JM
Departamento 2 Dormitorio 1 Baño,1945.7,79900000.0,41.0,47.46,72.0,2.0,0.0,47000.0,Santiago,Parque Los Reyes,2026-09-24,2026-09-23,https://www.portalinmobiliario.com/MLC-4510755866-departamento-2-dormitorio-1-bano-_JM
Invierte En Departamento U Oficina En Santiago,3323.0,136460258.0,70.0,47.47,53.0,2.0,0.0,50000.0,Santiago,Centro Histórico De Santiago,2026-09-26,2026-09-25,https://www.portalinmobiliario.com/MLC-4515224438-invierte-en-departamento-u-oficina-en-santiago-_JM
Inversión Lista Para Arrendar 1d/1b/ Santiago Centro,1570.0,64472647.0,33.0,47.58,73.0,1.0,0.0,60000.0,Santiago,Centro Histórico De Santiago,2026-09-21,2026-09-21,https://www.portalinmobiliario.com/MLC-4498799028-inversion-lista-para-arrendar-1d1b-santiago-centro-_JM
Metro Rondizzoni 2 Dorm. No Paga Contribuciones Renta Corta,1999.0,82089695.0,42.0,47.6,72.0,2.0,0.0,68000.0,Santiago,Parque O'Higgins,2026-09-23,2026-09-22,https://www.portalinmobiliario.com/MLC-2268767701-metro-rondizzoni-2-dorm-no-paga-contribuciones-renta-corta-_JM
"Depto Mariposa Metro Cumming 2d, 2b, Bodega",2000.0,82130760.0,42.0,47.62,66.0,2.0,0.0,90000.0,Santiago,Barrio Yungay,2026-09-25,2026-09-24,https://www.portalinmobiliario.com/MLC-4514081102-depto-mariposa-metro-cumming-2d-2b-bodega-_JM
Departamento Catedral Id: 138061,2191.6,90000000.0,46.0,47.64,74.0,2.0,1.0,90000.0,Santiago,Centro Histórico De Santiago,2026-09-25,2026-09-24,https://www.portalinmobiliario.com/MLC-2274078125-departamento-catedral-id-138061-_JM
Venta Lindo Y Comodo Depa 1 Do 1 Ba,1430.0,58723493.0,30.0,47.67,75.0,1.0,0.0,0.0,Santiago,Bulnes,2026-09-28,2026-09-27,https://www.portalinmobiliario.com/MLC-2281474457-venta-lindo-y-comodo-depa-1-do-1-ba-_JM
Oportunidad Inversión 2 Dormitorios Estilo Mariposa,2290.0,94039720.0,48.0,47.71,74.0,2.0,0.0,0.0,Santiago,Bulnes,2026-09-21,2026-09-20,https://www.portalinmobiliario.com/MLC-2263574099-oportunidad-inversion-2-dormitorios-estilo-mariposa-_JM
Venta Depto. Eleuterio Ramirez. (64177),1480.0,60776762.0,31.0,47.74,75.0,1.0,0.0,65000.0,Santiago,San Diego,2026-09-27,2026-09-26,https://www.portalinmobiliario.com/MLC-4517563412-venta-depto-eleuterio-ramirez-64177-_JM
Excelente Ubicación 2 Dormitorios 2 Baños,2292.0,94121851.0,48.0,47.75,75.0,2.0,0.0,120000.0,Santiago,Dieciocho,2026-09-26,2026-09-25,https://www.portalinmobiliario.com/MLC-2275685261-excelente-ubicacion-2-dormitorios-2-banos-_JM
Depa 2d/2b San Pablo 1391 Ideal Inversionista (180049),3200.0,131409216.0,67.0,47.76,51.0,2.0,0.0,110000.0,Santiago,Centro Histórico De Santiago,2026-09-22,2026-09-21,https://www.portalinmobiliario.com/MLC-4503339658-depa-2d2b-san-pablo-1391-ideal-inversionista-180049-_JM
Venta Departamento Santiago 2 Dorm Estacionamiento Bodega,3200.0,131409216.0,67.0,47.76,54.0,2.0,1.0,120000.0,Santiago,Bulnes,2026-09-24,2026-09-23,https://www.portalinmobiliario.com/MLC-4509176936-venta-departamento-santiago-2-dorm-estacionamiento-bodega-_JM
Dpto A Pasos Del Metro Santa Ana 1d 1b 1e 1bod,2630.0,108001949.0,55.0,47.82,53.0,1.0,1.0,90000.0,Santiago,Centro Histórico De Santiago,2026-09-24,2026-09-23,https://www.portalinmobiliario.com/MLC-4510301660-dpto-a-pasos-del-metro-santa-ana-1d-1b-1e-1bod-_JM
Departamento En Venta De 1 Dorm. En Santiago,1339.3,55000000.0,28.0,47.83,74.0,1.0,0.0,75000.0,Santiago,Centro Histórico De Santiago,2026-10-01,,https://www.portalinmobiliario.com/MLC-4526077834-departamento-en-venta-de-1-dorm-en-santiago-_JM
Metro Ñuble 3d 2b Estacionamiento Y Bodega,2678.7,110000000.0,56.0,47.83,61.0,3.0,1.0,110000.0,Santiago,Bogotá - Sierra Bella,2026-09-26,2026-09-25,https://www.portalinmobiliario.com/MLC-2275658097-metro-nuble-3d-2b-estacionamiento-y-bodega-_JM
Excelente Ubicación 2d/2b+ Estacionamiento Y Bodega,2871.0,117900000.0,60.0,47.85,54.0,2.0,1.0,75000.0,Santiago,Ejército - Toesca,2026-09-23,2026-09-22,https://www.portalinmobiliario.com/MLC-2267440453-excelente-ubicacion-2d2b-estacionamiento-y-bodega-_JM
Departamento En Venta De 1 Dorm. En Santiago,3400.0,139622292.0,71.0,47.89,54.0,1.0,0.0,112000.0,Santiago,Parque Almagro,2026-10-01,2026-10-01,https://www.portalinmobiliario.com/MLC-4533926990-departamento-en-venta-de-1-dorm-en-santiago-_JM
Departamento 1d/1b A Pasos De Metro P.almagro (179452),1534.1,63000000.0,32.0,47.94,74.0,1.0,0.0,40000.0,Santiago,San Diego,2026-09-18,2026-09-18,https://www.portalinmobiliario.com/MLC-4491447072-departamento-1d1b-a-pasos-de-metro-palmagro-179452-_JM
Departamento Cercano A Metro Santa Lucía. 2d 1b Y Bodega,2350.0,96503643.0,49.0,47.96,75.0,2.0,0.0,80000.0,Santiago,San Diego,2026-09-26,2026-09-25,https://www.portalinmobiliario.com/MLC-2276123401-departamento-cercano-a-metro-santa-lucia-2d-1b-y-bodega-_JM
Departamento  Barrio Yungay Parque Portales,1582.8,65000000.0,33.0,47.96,66.0,1.0,0.0,,Santiago,Barrio Yungay,2026-09-20,2026-09-20,https://www.portalinmobiliario.com/MLC-4497576350-departamento-barrio-yungay-parque-portales-_JM
Departamento Rafael Sotomayor Id: 136770,3600.0,147835368.0,75.0,48.0,48.0,3.0,1.0,65000.0,Santiago,Barrio Yungay,2026-09-18,2026-09-18,https://www.portalinmobiliario.com/MLC-4491486004-departamento-rafael-sotomayor-id-136770-_JM
"Seminuevo Depto 2 Dorm 1 Baño, Barrio Yungay (171834)",2400.0,98556912.0,50.0,48.0,68.0,2.0,0.0,100000.0,Santiago,Barrio Yungay,2026-09-23,2026-09-22,https://www.portalinmobiliario.com/MLC-4507135488-seminuevo-depto-2-dorm-1-bano-barrio-yungay-171834-_JM
Vendo Con Precio Rebajado Departamento En Santiago Centro,1680.0,68989838.0,35.0,48.0,83.0,1.0,0.0,70000.0,Santiago,Santa Isabel,2026-10-01,2026-10-01,https://www.portalinmobiliario.com/MLC-4528532486-vendo-con-precio-rebajado-departamento-en-santiago-centro-_JM
Espectacular Departamento Santiago Centro Gran Oportunidad.,3600.0,147835368.0,75.0,48.0,65.0,3.0,0.0,50000.0,Santiago,Santa Isabel,2026-09-22,2026-09-22,https://www.portalinmobiliario.com/MLC-4502776980-espectacular-departamento-santiago-centro-gran-oportunidad-_JM
Departamento En Venta. 2 Dormitorios + 2 Baños . Santiago C,2400.0,98556912.0,50.0,48.0,74.0,2.0,0.0,97000.0,Santiago,San Diego,2026-09-21,2026-09-21,https://www.portalinmobiliario.com/MLC-4499235690-departamento-en-venta-2-dormitorios-2-banos-santiago-c-_JM
"Oportunidad! Santa Victoria 492,2d 2b | Sin Comisión | Estac",2690.0,110465872.0,56.0,48.04,65.0,2.0,1.0,130000.0,Santiago,Santa Isabel,2026-10-01,2026-10-01,https://www.portalinmobiliario.com/MLC-2290645651-oportunidad-santa-victoria-4922d-2b-sin-comision-estac-_JM
Vende Dueño Directo - Sin Comisión. Oportunidad Por Traslado,2067.4,84900000.0,43.0,48.08,83.0,2.0,1.0,85000.0,Santiago,Santa Isabel,2026-09-29,2026-09-23,https://www.portalinmobiliario.com/MLC-4506402148-vende-dueno-directo-sin-comision-oportunidad-por-traslado-_JM
Luminoso Departamento En Placer Con San Diego - Ba...,2260.0,92807759.0,47.0,48.09,,2.0,0.0,,Santiago,Santiago,2026-09-26,2026-09-26,https://www.portalinmobiliario.com/MLC-2276120631-luminoso-departamento-en-placer-con-san-diego-ba-_JM
En Venta Home Studio En Santiago Centro,1300.0,53384994.0,27.0,48.15,75.0,1.0,0.0,40000.0,Santiago,San Diego,2026-09-25,2026-09-24,https://www.portalinmobiliario.com/MLC-2274092119-en-venta-home-studio-en-santiago-centro-_JM
Inversionistas - Venta Depto. Alta Rentabilidad  / Metro Mat,1300.0,53384994.0,27.0,48.15,83.0,1.0,0.0,60000.0,Santiago,San Diego,2026-09-27,2026-09-26,https://www.portalinmobiliario.com/MLC-2278418099-inversionistas-venta-depto-alta-rentabilidad-metro-mat-_JM
"Ideal Para Inversión, Santiago Centro (184403)",2890.0,118678948.0,60.0,48.17,54.0,2.0,1.0,160000.0,Santiago,San Diego,2026-10-01,,https://www.portalinmobiliario.com/MLC-2285744423-ideal-para-inversion-santiago-centro-184403-_JM
Vive / Invierte En El Corazón De Santiago,1590.0,65293954.0,33.0,48.18,75.0,1.0,0.0,90000.0,Santiago,Bulnes,2026-09-24,2026-09-23,https://www.portalinmobiliario.com/MLC-4510764586-vive-invierte-en-el-corazon-de-santiago-_JM
Excelente 2d1b En Santiago Centro,1928.0,79174053.0,40.0,48.2,66.0,2.0,0.0,110000.0,Santiago,Barrio Yungay,2026-09-27,2026-09-26,https://www.portalinmobiliario.com/MLC-2278340369-excelente-2d1b-en-santiago-centro-_JM
Excelente 2d1b En Santiago Centro,1928.0,79174053.0,40.0,48.2,66.0,2.0,0.0,110000.0,Santiago,Barrio Yungay,2026-09-27,2026-09-26,https://www.portalinmobiliario.com/MLC-2277776753-excelente-2d1b-en-santiago-centro-_JM
Departamento En Venta De 2 Dorm. En Santiago,2313.4,95000000.0,48.0,48.2,72.0,2.0,1.0,60000.0,Santiago,Parque O'Higgins,2026-10-01,2026-10-01,https://www.portalinmobiliario.com/MLC-4530110524-departamento-en-venta-de-2-dorm-en-santiago-_JM
Oportunidad! Depto A Pasos De Metro Ñuble,1350.0,55438263.0,28.0,48.21,79.0,1.0,0.0,65000.0,Santiago,Bogotá - Sierra Bella,2026-09-21,2026-09-21,https://www.portalinmobiliario.com/MLC-4502083822-oportunidad-depto-a-pasos-de-metro-nuble-_JM
Excelente Depto 1d 1b Vicuña Mackenna Parque Bustamante,1592.0,65376085.0,33.0,48.24,83.0,1.0,0.0,0.0,Santiago,Santa Isabel,2026-09-23,2026-09-22,https://www.portalinmobiliario.com/MLC-4506384720-excelente-depto-1d-1b-vicuna-mackenna-parque-bustamante-_JM
"Venta Excelente Depto 2d, 2b, Estacionamiento, Bodega Metro",3090.0,126892024.0,64.0,48.28,54.0,2.0,1.0,0.0,Santiago,San Diego,2026-09-24,2026-09-23,https://www.portalinmobiliario.com/MLC-4510755764-venta-excelente-depto-2d-2b-estacionamiento-bodega-metro-_JM
Dpto 1 Dorm. Vista Despejada (silencioso) Moderno Edificio,1690.0,69400492.0,35.0,48.29,74.0,1.0,0.0,95000.0,Santiago,Centro Histórico De Santiago,2026-09-25,2026-09-24,https://www.portalinmobiliario.com/MLC-2274588417-dpto-1-dorm-vista-despejada-silencioso-moderno-edificio-_JM
Oporunidad $59.500.000 1 Dorm M Irarrazabal (172439),1448.9,59500000.0,30.0,48.3,83.0,1.0,0.0,60000.0,Santiago,Barrio Diez De Julio,2026-09-25,2026-09-24,https://www.portalinmobiliario.com/MLC-4513663690-oporunidad-59500000-1-dorm-m-irarrazabal-172439-_JM
Excelente Oportunidad Dueño Vende 3 Depto. En Este Edificio,2850.0,117036333.0,59.0,48.31,53.0,2.0,1.0,60000.0,Santiago,Parque O'Higgins,2026-09-29,2026-09-28,https://www.portalinmobiliario.com/MLC-2282577575-excelente-oportunidad-dueno-vende-3-depto-en-este-edificio-_JM
Departamento En Venta En Santiago,2850.0,117036333.0,59.0,48.31,83.0,2.0,0.0,120000.0,Santiago,Santa Isabel,2026-10-01,2026-10-01,https://www.portalinmobiliario.com/MLC-4531654924-departamento-en-venta-en-santiago-_JM
Departamento En Venta De 1 Dorm. En Santiago,1450.0,59544801.0,30.0,48.33,83.0,1.0,0.0,40000.0,Santiago,Santa Isabel,2026-09-28,2026-09-27,https://www.portalinmobiliario.com/MLC-4522103528-departamento-en-venta-de-1-dorm-en-santiago-_JM
Departamento Con Buena Conectividad,3045.0,125044082.0,63.0,48.33,54.0,3.0,1.0,110000.0,Santiago,San Diego,2026-10-01,2026-10-01,https://www.portalinmobiliario.com/MLC-4530727278-departamento-con-buena-conectividad-_JM
Venta Departamento 1hab 1ba Santiago,1450.0,59544801.0,30.0,48.33,72.0,1.0,0.0,55000.0,Santiago,Franklin - Biobío,2026-09-21,2026-09-21,https://www.portalinmobiliario.com/MLC-4501917174-venta-departamento-1hab-1ba-santiago-_JM
Metro Santa Ana,1500.0,61598070.0,31.0,48.39,74.0,1.0,1.0,50000.0,Santiago,Centro Histórico De Santiago,2026-09-23,2026-09-22,https://www.portalinmobiliario.com/MLC-4509233876-metro-santa-ana-_JM
Vendo Depto Stgo. 2d - 2b// Estacionamiento + Bodega,3050.0,125249409.0,63.0,48.41,65.0,2.0,1.0,1.0,Santiago,Santa Isabel,2026-09-25,2026-09-24,https://www.portalinmobiliario.com/MLC-2274091085-vendo-depto-stgo-2d-2b-estacionamiento-bodega-_JM
Venta De Departamento 1d-1b. Cercano A Parque O´higgins.stgo,1890.0,77613568.0,39.0,48.46,75.0,1.0,0.0,50000.0,Santiago,Parque O'Higgins,2026-09-25,2026-09-24,https://www.portalinmobiliario.com/MLC-4514951922-venta-de-departamento-1d-1b-cercano-a-parque-ohigginsstgo-_JM
"Depto 3d 2b Lord Cochrane, Barrio Bulnes",3250.0,133462485.0,67.0,48.51,54.0,3.0,0.0,160000.0,Santiago,Bulnes,2026-10-01,2026-10-01,https://www.portalinmobiliario.com/MLC-4533654532-depto-3d-2b-lord-cochrane-barrio-bulnes-_JM
"Depto 3d2b Remodelado, Lord Cochrane, Bulnes (130479)",3250.0,133462485.0,67.0,48.51,54.0,3.0,0.0,140000.0,Santiago,Bulnes,2026-09-28,2026-09-27,https://www.portalinmobiliario.com/MLC-4520036674-depto-3d2b-remodelado-lord-cochrane-bulnes-130479-_JM
Venta Departamento 2 Dorm 2 Baño C/est Y Bod  Santiago,3250.0,133462485.0,67.0,48.51,54.0,2.0,1.0,100000.0,Santiago,Bulnes,2026-09-24,2026-09-23,https://www.portalinmobiliario.com/MLC-2270943083-venta-departamento-2-dorm-2-bano-cest-y-bod-santiago-_JM
Departamento Dormitorio En Suite Y Terraza,1456.2,59800000.0,30.0,48.54,66.0,1.0,0.0,58000.0,Santiago,Parque Los Reyes,2026-09-23,2026-09-22,https://www.portalinmobiliario.com/MLC-2268753891-departamento-dormitorio-en-suite-y-terraza-_JM
8 Departamentos Ideal Para Inversión.  (63902),1750.0,71864415.0,36.0,48.61,75.0,2.0,1.0,75000.0,Santiago,Parque O'Higgins,2026-09-26,2026-09-25,https://www.portalinmobiliario.com/MLC-2276119755-8-departamentos-ideal-para-inversion-63902-_JM
"Venta Depto. 1d+1b+bod. En Mario Kreuzberguer, Santiago.",1410.0,57902186.0,29.0,48.62,74.0,1.0,0.0,70000.0,Santiago,Centro Histórico De Santiago,2026-09-24,2026-09-23,https://www.portalinmobiliario.com/MLC-4509229366-venta-depto-1d1bbod-en-mario-kreuzberguer-santiago-_JM
Depto 1d 1b + Bodega | Oriente | Metro Santa Ana,2190.0,89933182.0,45.0,48.67,74.0,1.0,0.0,68000.0,Santiago,Centro Histórico De Santiago,2026-09-24,2026-09-23,https://www.portalinmobiliario.com/MLC-4510302150-depto-1d-1b-bodega-oriente-metro-santa-ana-_JM
Departamento En Venta En Santiago,1850.0,75970953.0,38.0,48.68,74.0,1.0,0.0,40000.0,Santiago,Parque O'Higgins,2026-09-23,2026-09-22,https://www.portalinmobiliario.com/MLC-2268792789-departamento-en-venta-en-santiago-_JM
Departamento En Venta De 1 Dorm. En Santiago,1850.0,75970953.0,38.0,48.68,66.0,1.0,0.0,95000.0,Santiago,Barrio Yungay,2026-09-21,2026-09-21,https://www.portalinmobiliario.com/MLC-4499466294-departamento-en-venta-de-1-dorm-en-santiago-_JM
Liquidación Bancaria 90% Financiamiento 3 D 2 B Santiago,2970.0,121964179.0,61.0,48.69,65.0,3.0,1.0,0.0,Santiago,Bogotá - Sierra Bella,2026-10-01,2026-10-01,https://www.portalinmobiliario.com/MLC-2290632399-liquidacion-bancaria-90-financiamiento-3-d-2-b-santiago-_JM
Venta Metro Bellas Artes / 1d 1b 1bod (175991),1704.6,70000000.0,35.0,48.7,73.0,1.0,0.0,74000.0,Santiago,Centro Histórico De Santiago,2026-09-18,2026-09-18,https://www.portalinmobiliario.com/MLC-4491473120-venta-metro-bellas-artes-1d-1b-1bod-175991-_JM
Departamento Impecable Seguro Y Bien Ubicado 3 Dor 2 Baños,3604.0,148000000.0,74.0,48.7,53.0,3.0,0.0,110000.0,Santiago,Barrio Brasil,2026-09-25,2026-09-24,https://www.portalinmobiliario.com/MLC-4513640042-departamento-impecable-seguro-y-bien-ubicado-3-dor-2-banos-_JM
Metro Parque Almagro Studio Impecable,1412.4,58000000.0,29.0,48.7,74.0,1.0,0.0,75000.0,Santiago,Parque Almagro,2026-10-01,2026-10-01,https://www.portalinmobiliario.com/MLC-4528548510-metro-parque-almagro-studio-impecable-_JM
Se Vende Departamento Con 2 Dormitorios Y 2 Baños,2290.0,94039720.0,47.0,48.72,72.0,2.0,0.0,75000.0,Santiago,Franklin - Biobío,2026-09-28,2026-09-27,https://www.portalinmobiliario.com/MLC-2281514343-se-vende-departamento-con-2-dormitorios-y-2-banos-_JM
Venta Departamento 2hab 2ba Santiago,2290.0,94039720.0,47.0,48.72,72.0,2.0,0.0,0.0,Santiago,Franklin - Biobío,2026-09-24,2026-09-23,https://www.portalinmobiliario.com/MLC-4510770688-venta-departamento-2hab-2ba-santiago-_JM
Departamento En Santiago,2196.0,90179574.0,45.0,48.8,71.0,2.0,0.0,,Santiago,,2026-09-23,2026-09-22,https://www.portalinmobiliario.com/MLC-2267398293-departamento-en-santiago-_JM
Dpto 2d + 2b + Est + Bod | San Francisco 228 Santiago,2250.0,92397105.0,46.0,48.91,75.0,2.0,1.0,150000.0,Santiago,Bulnes,2026-09-28,2026-09-27,https://www.portalinmobiliario.com/MLC-4520107338-dpto-2d-2b-est-bod-san-francisco-228-santiago-_JM
Departamento 2 Dorm/2 Baños A Cuadra Y Media Proyecto Nido,2690.0,110465872.0,55.0,48.91,54.0,2.0,0.0,0.0,Santiago,Bulnes,2026-09-23,2026-09-22,https://www.portalinmobiliario.com/MLC-2268791685-departamento-2-dorm2-banos-a-cuadra-y-media-proyecto-nido-_JM
"Depto Arrendado 2d1b,san Francisco, Santiago (172420)",2400.0,98556912.0,49.0,48.98,75.0,2.0,1.0,120000.0,Santiago,Bulnes,2026-09-25,2026-09-24,https://www.portalinmobiliario.com/MLC-4513663902-depto-arrendado-2d1bsan-francisco-santiago-172420-_JM
Depto A Pasos Del Metro Toesca,2109.0,86606886.0,43.0,49.05,74.0,1.0,0.0,,Santiago,Parque Almagro,2026-10-01,2026-10-01,https://www.portalinmobiliario.com/MLC-4530720076-depto-a-pasos-del-metro-toesca-_JM
Departamento 67m2 3d 2b A 3 Min Metro Irarrazaval,3287.4,135000000.0,67.0,49.07,65.0,3.0,0.0,70000.0,Santiago,Santa Isabel,2026-09-24,2026-09-23,https://www.portalinmobiliario.com/MLC-4510339156-departamento-67m2-3d-2b-a-3-min-metro-irarrazaval-_JM
Departamento En Arriendo En Barrio Santa Isabel,2650.0,108823257.0,54.0,49.07,65.0,2.0,1.0,160000.0,Santiago,Santa Isabel,2026-10-01,2026-10-01,https://www.portalinmobiliario.com/MLC-2288302103-departamento-en-arriendo-en-barrio-santa-isabel-_JM
Departamento Lord Cochrane Id: 138102,2160.0,88701221.0,44.0,49.09,74.0,2.0,0.0,65000.0,Santiago,Bulnes,2026-09-23,2026-09-22,https://www.portalinmobiliario.com/MLC-4506284030-departamento-lord-cochrane-id-138102-_JM
Departamento En Venta De 2 Dorm. En Santiago,2850.0,117036333.0,58.0,49.14,,2.0,1.0,,Santiago,Parque O'Higgins,2026-09-19,2026-09-19,https://www.portalinmobiliario.com/MLC-2256984863-departamento-en-venta-de-2-dorm-en-santiago-_JM
Tarapacá - Paseo Bulnes,2900.0,119089602.0,59.0,49.15,54.0,2.0,1.0,95000.0,Santiago,Bulnes,2026-09-25,2026-09-24,https://www.portalinmobiliario.com/MLC-2274089707-tarapaca-paseo-bulnes-_JM
"Departamento 1d + 1b +1e, Renta Inmediata",1622.0,66608046.0,33.0,49.15,66.0,1.0,1.0,110000.0,Santiago,Barrio Yungay,2026-09-22,2026-09-21,https://www.portalinmobiliario.com/MLC-4505427478-departamento-1d-1b-1e-renta-inmediata-_JM
"Lindo Departamento De 3 Dormitorios En Metro Ñuble, Santiago",2556.9,105000000.0,52.0,49.17,61.0,3.0,1.0,50000.0,Santiago,Bogotá - Sierra Bella,2026-09-23,2026-09-22,https://www.portalinmobiliario.com/MLC-2268144691-lindo-departamento-de-3-dormitorios-en-metro-nuble-santiago-_JM
Oportunidad De Inversión  Valor Conversable!!,1969.0,80857733.0,40.0,49.22,83.0,2.0,0.0,95000.0,Santiago,Bogotá - Sierra Bella,2026-09-26,2026-09-25,https://www.portalinmobiliario.com/MLC-2276132575-oportunidad-de-inversion-valor-conversable-_JM
Departamento En Venta De 3d+2b+est + Bodega En Santiago,3300.0,135515754.0,67.0,49.25,53.0,3.0,1.0,120000.0,Santiago,Centro Histórico De Santiago,2026-09-25,2026-09-24,https://www.portalinmobiliario.com/MLC-2274567555-departamento-en-venta-de-3d2best-bodega-en-santiago-_JM
"Metro Sta Lucia, Terraza!",2118.6,87000000.0,43.0,49.27,73.0,2.0,0.0,60000.0,Santiago,Santa Isabel,2026-09-22,2026-09-21,https://www.portalinmobiliario.com/MLC-2265338999-metro-sta-lucia-terraza-_JM
Depto 3d 2b Amplio Y Bien Conectado Psj José Santiago Montt,4290.0,176170480.0,87.0,49.31,55.0,3.0,1.0,10000.0,Santiago,Ejército - Toesca,2026-09-24,2026-09-23,https://www.portalinmobiliario.com/MLC-4510325826-depto-3d-2b-amplio-y-bien-conectado-psj-jose-santiago-montt-_JM
Encanto Clasico + Confort Moderno Depto A Pasos M Los Heroes,4290.0,176170480.0,87.0,49.31,55.0,3.0,0.0,10000.0,Santiago,Ejército - Toesca,2026-10-01,,https://www.portalinmobiliario.com/MLC-2285741619-encanto-clasico-confort-moderno-depto-a-pasos-m-los-heroes-_JM
"Vendo 1d1b  Ideal Inversión, Metro Parque Almagro",1777.7,73000000.0,36.0,49.38,83.0,1.0,0.0,0.0,Santiago,Santa Isabel,2026-09-25,2026-09-24,https://www.portalinmobiliario.com/MLC-4514084206-vendo-1d1b-ideal-inversion-metro-parque-almagro-_JM
Departamento En Venta De 3 Dorm. En Providencia,4200.0,172474596.0,85.0,49.41,82.0,3.0,1.0,20000.0,Providencia,Inés De Suárez,2026-09-25,2026-09-24,https://www.portalinmobiliario.com/MLC-4513388226-departamento-en-venta-de-3-dorm-en-providencia-_JM
San Antonio- Santo Domingo / 3 Dormitorios 2 Baños,3409.2,140000000.0,69.0,49.41,53.0,3.0,0.0,100000.0,Santiago,Centro Histórico De Santiago,2026-09-23,2026-09-22,https://www.portalinmobiliario.com/MLC-2267427505-san-antonio-santo-domingo-3-dormitorios-2-banos-_JM
Departamento En Venta De 1 Dorm. En Santiago,1680.0,68989838.0,34.0,49.41,74.0,1.0,0.0,100000.0,Santiago,San Diego,2026-09-23,2026-09-22,https://www.portalinmobiliario.com/MLC-2268778989-departamento-en-venta-de-1-dorm-en-santiago-_JM
Depto En Venta 1+1b+1b Oportunidad De Compra! (165972),1730.0,71043107.0,35.0,49.43,75.0,1.0,0.0,80000.0,Santiago,Ejército - Toesca,2026-09-26,2026-09-25,https://www.portalinmobiliario.com/MLC-2276119549-depto-en-venta-11b1b-oportunidad-de-compra-165972-_JM
Amplio Departamento 3d2b En Santiago,2719.0,111656768.0,55.0,49.44,61.0,3.0,0.0,95000.0,Santiago,Bogotá - Sierra Bella,2026-09-21,2026-09-21,https://www.portalinmobiliario.com/MLC-2263573491-amplio-departamento-3d2b-en-santiago-_JM
Departamento 1er. Piso Con Amplio Patio Privado Santiago,3165.7,130000000.0,64.0,49.46,54.0,3.0,0.0,70000.0,Santiago,Parque Almagro,2026-09-23,2026-09-22,https://www.portalinmobiliario.com/MLC-4505447790-departamento-1er-piso-con-amplio-patio-privado-santiago-_JM
Metro Santa Isabel Con Terraza.,1582.8,65000000.0,32.0,49.46,83.0,1.0,0.0,90000.0,Santiago,Santa Isabel,2026-09-28,2026-09-27,https://www.portalinmobiliario.com/MLC-2282596513-metro-santa-isabel-con-terraza-_JM
"Departamento 2d 2b Con Terraza En Barrio Dieciocho, Santiago",2920.0,119910910.0,59.0,49.49,75.0,2.0,1.0,100000.0,Santiago,Bulnes,2026-09-26,2026-09-25,https://www.portalinmobiliario.com/MLC-4515659852-departamento-2d-2b-con-terraza-en-barrio-dieciocho-santiago-_JM
Inversión A Pasos De Metro L1 Y L3 En Santiago Centro,1685.0,69195165.0,34.0,49.56,83.0,1.0,0.0,55000.0,Santiago,Santa Isabel,2026-10-01,,https://www.portalinmobiliario.com/MLC-4525965864-inversion-a-pasos-de-metro-l1-y-l3-en-santiago-centro-_JM
Departamento Lira Id: 123041,2230.0,91575797.0,45.0,49.56,83.0,2.0,0.0,75000.0,Santiago,Santa Isabel,2026-09-21,2026-09-21,https://www.portalinmobiliario.com/MLC-4499464300-departamento-lira-id-123041-_JM
Departamento A Pasos De Estación De Metro Cummings,1290.6,53000000.0,26.0,49.64,66.0,1.0,0.0,55000.0,Santiago,Parque Los Reyes,2026-10-01,2026-10-01,https://www.portalinmobiliario.com/MLC-2286391041-departamento-a-pasos-de-estacion-de-metro-cummings-_JM
Departamento En Venta De 1 Dorm. En Santiago- Paque,1490.0,61187416.0,30.0,49.67,72.0,1.0,0.0,50000.0,Santiago,Centro Histórico De Santiago,2026-09-29,2026-09-22,https://www.portalinmobiliario.com/MLC-2282584413-departamento-en-venta-de-1-dorm-en-santiago-paque-_JM
"Se Vende Comodo Y Luminoso Dpto, En Edificio Plaza De Agua.",3131.9,128611060.0,63.0,49.71,65.0,2.0,1.0,100000.0,Santiago,Santa Isabel,2026-10-01,2026-10-01,https://www.portalinmobiliario.com/MLC-4527541890-se-vende-comodo-y-luminoso-dpto-en-edificio-plaza-de-agua-_JM
"2 Dormitorios 2 Baños A Minutos Del Metro, Pdi, Comercio",2386.4,98000000.0,48.0,49.72,72.0,2.0,0.0,110000.0,Santiago,Centro Histórico De Santiago,2026-09-24,2026-09-23,https://www.portalinmobiliario.com/MLC-4510755574-2-dormitorios-2-banos-a-minutos-del-metro-pdi-comercio-_JM
Rebajado Eleuterio Ramirez 1024 Gran Oportunidad 1d 1b,1790.0,73507030.0,36.0,49.72,74.0,1.0,0.0,59000.0,Santiago,San Diego,2026-09-21,2026-09-21,https://www.portalinmobiliario.com/MLC-4499772444-rebajado-eleuterio-ramirez-1024-gran-oportunidad-1d-1b-_JM
Departamento En Venta 1 Dormitorio Santiago Centro,1990.0,81720106.0,40.0,49.75,73.0,1.0,0.0,80000.0,Santiago,Centro Histórico De Santiago,2026-09-23,2026-09-22,https://www.portalinmobiliario.com/MLC-4506409970-departamento-en-venta-1-dormitorio-santiago-centro-_JM
Lira Sta Victoria Estacionamiento,2490.0,102252796.0,50.0,49.8,83.0,2.0,1.0,120000.0,Santiago,Santa Isabel,2026-09-25,2026-09-24,https://www.portalinmobiliario.com/MLC-4514085756-lira-sta-victoria-estacionamiento-_JM
"Oportunidad En Domeyko 2010, 2d 2b Mariposa | Sin Comisión",2590.0,106359334.0,52.0,49.81,54.0,2.0,0.0,100000.0,Santiago,Ejército - Toesca,2026-10-01,2026-10-01,https://www.portalinmobiliario.com/MLC-2290682337-oportunidad-en-domeyko-2010-2d-2b-mariposa-sin-comision-_JM
"Oportunidad ! 2 D , 2 B  Morande  , Metro P. Armas",2990.0,122785486.0,60.0,49.83,53.0,2.0,1.0,130000.0,Santiago,Centro Histórico De Santiago,2026-10-01,,https://www.portalinmobiliario.com/MLC-4526094182-oportunidad-2-d-2-b-morande-metro-p-armas-_JM
Hermoso Departamento En Venta En Santiago Centro,1948.1,80000000.0,39.0,49.95,75.0,2.0,0.0,80000.0,Santiago,Bulnes,2026-09-29,2026-09-28,https://www.portalinmobiliario.com/MLC-2282598963-hermoso-departamento-en-venta-en-santiago-centro-_JM
"Invierte En Tu Futuro! Depto En Bombero Ossa, Santiago",1548.7,63600000.0,31.0,49.96,74.0,1.0,0.0,75000.0,Santiago,Centro Histórico De Santiago,2026-10-01,2026-09-18,https://www.portalinmobiliario.com/MLC-2283604241-invierte-en-tu-futuro-depto-en-bombero-ossa-santiago-_JM
Blanco Encalada / Beaucheff / Depto 1 Dormitorio Venta,1599.0,65663543.0,32.0,49.97,68.0,1.0,0.0,55000.0,Santiago,Club Hípico,2026-09-22,2026-09-21,https://www.portalinmobiliario.com/MLC-2265361953-blanco-encalada-beaucheff-depto-1-dormitorio-venta-_JM
Departamento Venta 1 Dorm Metro Santa Ana Santiago,2499.0,102622385.0,50.0,49.98,74.0,1.0,0.0,70000.0,Santiago,Centro Histórico De Santiago,2026-09-24,2026-09-23,https://www.portalinmobiliario.com/MLC-4509178220-departamento-venta-1-dorm-metro-santa-ana-santiago-_JM
Excelente Departamento Dos Dormitorios Santiago,2949.0,121101806.0,59.0,49.98,53.0,2.0,1.0,0.0,Santiago,Centro Histórico De Santiago,2026-09-22,2026-09-21,https://www.portalinmobiliario.com/MLC-4505435708-excelente-departamento-dos-dormitorios-santiago-_JM
En Venta Depto. Calle Compañia De Jesus- Metro Santa Ana,1600.0,65704608.0,32.0,50.0,74.0,1.0,0.0,55000.0,Santiago,Centro Histórico De Santiago,2026-09-24,2026-09-23,https://www.portalinmobiliario.com/MLC-2271042937-en-venta-depto-calle-compania-de-jesus-metro-santa-ana-_JM
Dpto Amoblado 1d Santiago Centro,1550.0,63651339.0,31.0,50.0,74.0,1.0,0.0,50000.0,Santiago,Metro Almagro Y U. De Chile,2026-09-24,2026-09-23,https://www.portalinmobiliario.com/MLC-4509243314-dpto-amoblado-1d-santiago-centro-_JM
Departamento Lord Cochrane Id: 9371,1700.0,69811146.0,34.0,50.0,74.0,1.0,0.0,50000.0,Santiago,Bulnes,2026-09-20,2026-09-20,https://www.portalinmobiliario.com/MLC-4496618866-departamento-lord-cochrane-id-9371-_JM
En La Mejor Ubicación De Santiago (184610),2900.0,119089602.0,58.0,50.0,65.0,2.0,1.0,160000.0,Santiago,Santa Isabel,2026-10-01,,https://www.portalinmobiliario.com/MLC-4530701794-en-la-mejor-ubicacion-de-santiago-184610-_JM
Oportunidad En Santiago 44m² A Pasos Del Metro L1,2200.0,90343836.0,44.0,50.0,68.0,2.0,1.0,,Santiago,Barrio República,2026-09-18,2026-09-18,https://www.portalinmobiliario.com/MLC-4491448256-oportunidad-en-santiago-44m-a-pasos-del-metro-l1-_JM
Precioso Dpto 1d 1b Metro Sta Ana Piso Alto,1550.0,63651339.0,31.0,50.0,74.0,1.0,0.0,80000.0,Santiago,Centro Histórico De Santiago,2026-09-27,2026-09-26,https://www.portalinmobiliario.com/MLC-4519046540-precioso-dpto-1d-1b-metro-sta-ana-piso-alto-_JM
Departamento Amplio 1 Dormitorio Metro Santa Ana,2350.0,96503643.0,47.0,50.0,74.0,1.0,1.0,90000.0,Santiago,Centro Histórico De Santiago,2026-09-24,2026-09-23,https://www.portalinmobiliario.com/MLC-4510768870-departamento-amplio-1-dormitorio-metro-santa-ana-_JM
Oportunidad / Inversionistas / Parque De Los Reyes / 2d+2b,2250.0,92397105.0,45.0,50.0,66.0,2.0,0.0,,Santiago,Parque Los Reyes,2026-10-01,2026-10-01,https://www.portalinmobiliario.com/MLC-4531668662-oportunidad-inversionistas-parque-de-los-reyes-2d2b-_JM
Herrera (piso 15),4100.0,168368058.0,82.0,50.0,49.0,3.0,1.0,80000.0,Santiago,Barrio Yungay,2026-09-21,2026-09-21,https://www.portalinmobiliario.com/MLC-4499773016-herrera-piso-15-_JM
Venta Depto. San Martin (159826),1500.0,61598070.0,30.0,50.0,73.0,1.0,0.0,65000.0,Santiago,Centro Histórico De Santiago,2026-09-22,2026-09-21,https://www.portalinmobiliario.com/MLC-2265344559-venta-depto-san-martin-159826-_JM
Venta Departamento Parque Almagro,1350.0,55438263.0,27.0,50.0,74.0,1.0,0.0,0.0,Santiago,Parque O'Higgins,2026-09-22,2026-09-21,https://www.portalinmobiliario.com/MLC-4505435796-venta-departamento-parque-almagro-_JM
Amplio Depto / Oficina A Pasos Del Metro U Católica,4500.0,184794210.0,90.0,50.0,80.0,3.0,0.0,180000.0,Santiago,Barrio San Borja,2026-09-21,2026-09-21,https://www.portalinmobiliario.com/MLC-4502082876-amplio-depto-oficina-a-pasos-del-metro-u-catolica-_JM
Departamento 3 Dormitorios 2 Baños Bodega,3200.0,131409216.0,64.0,50.0,47.0,3.0,0.0,100000.0,Santiago,Parque Los Reyes,2026-09-21,2026-09-21,https://www.portalinmobiliario.com/MLC-4500847050-departamento-3-dormitorios-2-banos-bodega-_JM
Venta En San Isidro 2d2b Con Est Y Bodega,2700.0,110876526.0,54.0,50.0,65.0,2.0,1.0,60000.0,Santiago,Santa Isabel,2026-09-21,2026-09-21,https://www.portalinmobiliario.com/MLC-2262134893-venta-en-san-isidro-2d2b-con-est-y-bodega-_JM
"Depto Mariposa 2d2b En Piso 10, A Pasos De La Alameda",2500.0,102663450.0,50.0,50.0,74.0,2.0,0.0,0.0,Santiago,Bulnes,2026-10-01,,https://www.portalinmobiliario.com/MLC-2285769157-depto-mariposa-2d2b-en-piso-10-a-pasos-de-la-alameda-_JM
Depto Piso 2 A Pasos Metro Cementerio,1900.0,78024222.0,38.0,50.0,74.0,2.0,100.0,150000.0,Santiago,Parque Almagro,2026-10-01,2026-09-18,https://www.portalinmobiliario.com/MLC-2283642855-depto-piso-2-a-pasos-metro-cementerio-_JM
Departamento En Venta De 3 Dorm. 2b Estac. Santiago,3750.0,153995175.0,75.0,50.0,53.0,3.0,1.0,180000.0,Santiago,Centro Histórico De Santiago,2026-09-28,2026-09-27,https://www.portalinmobiliario.com/MLC-4522106906-departamento-en-venta-de-3-dorm-2b-estac-santiago-_JM
Venta Departamento Studio - Amunategui  Santiago (5107),1300.0,53384994.0,26.0,50.0,74.0,,0.0,50000.0,Santiago,Centro Histórico De Santiago,2026-09-28,2026-09-27,https://www.portalinmobiliario.com/MLC-4522102600-venta-departamento-studio-amunategui-santiago-5107-_JM
Libertad Blanco Encalada Lotes De 2 A 20 Departamentos,2500.0,102663450.0,50.0,50.0,68.0,,0.0,40000.0,Santiago,Barrio Yungay,2026-09-28,2026-09-27,https://www.portalinmobiliario.com/MLC-2278428377-libertad-blanco-encalada-lotes-de-2-a-20-departamentos-_JM
Se Vende Departamento En Santiago Centro Nataniel Cox 135,1600.0,65704608.0,32.0,50.0,75.0,1.0,0.0,56000.0,Santiago,Bulnes,2026-09-25,2026-09-24,https://www.portalinmobiliario.com/MLC-2273810955-se-vende-departamento-en-santiago-centro-nataniel-cox-135-_JM
Inversión Estudio Metro Rondizoni  (173920),1100.0,45171918.0,22.0,50.0,72.0,1.0,0.0,45000.0,Santiago,Parque O'Higgins,2026-10-01,2026-10-01,https://www.portalinmobiliario.com/MLC-4530708988-inversion-estudio-metro-rondizoni-173920-_JM
Conversable Depto San Francisco 4 Cuadras Alameda Metro,1500.0,61598070.0,30.0,50.0,75.0,1.0,0.0,80000.0,Santiago,Bulnes,2026-09-28,2026-09-27,https://www.portalinmobiliario.com/MLC-4522109404-conversable-depto-san-francisco-4-cuadras-alameda-metro-_JM
Loft1d 1b En Metro Irarrazaval 2 Pisos,1900.0,78024222.0,38.0,50.0,83.0,1.0,0.0,0.0,Santiago,Bogotá - Sierra Bella,2026-09-22,2026-09-21,https://www.portalinmobiliario.com/MLC-2265348541-loft1d-1b-en-metro-irarrazaval-2-pisos-_JM
Excelente 2d1b Con Terraza En Santiago,2252.0,92479236.0,45.0,50.04,75.0,2.0,1.0,80000.0,Santiago,San Diego,2026-09-27,2026-09-26,https://www.portalinmobiliario.com/MLC-2278342655-excelente-2d1b-con-terraza-en-santiago-_JM
Metro Pedro De Valdivia · Av. Providencia · Reacondicionado,4505.0,185000000.0,90.0,50.06,,4.0,0.0,,Providencia,Pedro De Valdivia,2026-09-25,2026-09-25,https://www.portalinmobiliario.com/MLC-4513678986-metro-pedro-de-valdivia-av-providencia-reacondicionado-_JM
Departamento En Venta De 1 Dorm. En Santiago,1753.3,72000000.0,35.0,50.09,74.0,1.0,8.0,80000.0,Santiago,San Diego,2026-10-01,,https://www.portalinmobiliario.com/MLC-2285773107-departamento-en-venta-de-1-dorm-en-santiago-_JM
Depto. Venta Excelente Estado 2 Dormitorios 2 Baños Santiago,2755.0,113135122.0,55.0,50.09,65.0,2.0,0.0,90000.0,Santiago,Santa Isabel,2026-09-26,2026-09-25,https://www.portalinmobiliario.com/MLC-2275676081-depto-venta-excelente-estado-2-dormitorios-2-banos-santiago-_JM
"Cercano A Metro, Comercios",2204.0,90508098.0,44.0,50.09,74.0,2.0,0.0,65000.0,Santiago,San Diego,2026-09-22,2026-09-22,https://www.portalinmobiliario.com/MLC-4502771886-cercano-a-metro-comercios-_JM
Depto Vta. A Pasos De Metro Toesca (barrio Universitario),3409.2,140000000.0,68.0,50.14,54.0,3.0,1.0,,Santiago,Ejército - Toesca,2026-09-21,2026-09-21,https://www.portalinmobiliario.com/MLC-4499467514-depto-vta-a-pasos-de-metro-toesca-barrio-universitario-_JM
Listo Para Habitar (154402),2509.0,103033038.0,50.0,50.18,66.0,3.0,1.0,120000.0,Santiago,Parque Los Reyes,2026-09-25,2026-09-24,https://www.portalinmobiliario.com/MLC-2274558853-listo-para-habitar-154402-_JM
Departamento 2d 1b Sector Carmen/matta,2010.0,82541414.0,40.0,50.25,83.0,2.0,0.0,80000.0,Santiago,Bogotá - Sierra Bella,2026-10-01,,https://www.portalinmobiliario.com/MLC-4526125252-departamento-2d-1b-sector-carmenmatta-_JM
Departamento Amplio 3 Dorm 2b   Bod Stgo Centro Santa Ana,3774.5,155000000.0,75.0,50.33,53.0,3.0,0.0,160000.0,Santiago,Centro Histórico De Santiago,2026-09-25,2026-09-24,https://www.portalinmobiliario.com/MLC-4513358374-departamento-amplio-3-dorm-2b-bod-stgo-centro-santa-ana-_JM
Departamento Bien Ubicado. (132246),2870.0,117857641.0,57.0,50.35,51.0,2.0,0.0,0.0,Santiago,Centro Histórico De Santiago,2026-09-27,2026-09-26,https://www.portalinmobiliario.com/MLC-4517563268-departamento-bien-ubicado-132246-_JM
"Se Vende Departamento En Santa Rosa, Santiago",2370.0,97324951.0,47.0,50.43,83.0,2.0,1.0,100000.0,Santiago,San Diego,2026-09-26,2026-09-25,https://www.portalinmobiliario.com/MLC-2275686635-se-vende-departamento-en-santa-rosa-santiago-_JM
Departamento En Venta De 2d 1b Cerca A Metro,2118.6,87000000.0,42.0,50.44,83.0,2.0,0.0,80000.0,Santiago,Santa Isabel,2026-09-26,2026-09-25,https://www.portalinmobiliario.com/MLC-2276120275-departamento-en-venta-de-2d-1b-cerca-a-metro-_JM
Departamento Eleuterio Ramírez Id: 158495,1668.1,68500000.0,33.0,50.55,74.0,1.0,0.0,80000.0,Santiago,Parque Almagro,2026-09-20,2026-09-20,https://www.portalinmobiliario.com/MLC-4496859140-departamento-eleuterio-ramirez-id-158495-_JM
Edificio Patrimonial/consulta Médica A Pasos Del Metro,3590.0,147424714.0,71.0,50.56,68.0,3.0,1.0,50000.0,Providencia,Plaza Italia,2026-09-29,2026-09-28,https://www.portalinmobiliario.com/MLC-2282585405-edificio-patrimonialconsulta-medica-a-pasos-del-metro-_JM
Gran Departamento A Media Cuadra De Santa Rosa,2680.0,110055218.0,53.0,50.57,54.0,2.0,1.0,120000.0,Santiago,San Diego,2026-09-21,2026-09-21,https://www.portalinmobiliario.com/MLC-2263572667-gran-departamento-a-media-cuadra-de-santa-rosa-_JM
Vendemos Departamento 01 Dormitorio,1620.0,66525916.0,32.0,50.62,83.0,1.0,0.0,60000.0,Santiago,Bogotá - Sierra Bella,2026-09-23,2026-09-22,https://www.portalinmobiliario.com/MLC-2268754501-vendemos-departamento-01-dormitorio-_JM
Vivir Con Estilo En El Corazón De La Ciudad (184553),1923.8,79000000.0,38.0,50.63,83.0,2.0,0.0,45000.0,Santiago,Bogotá - Sierra Bella,2026-10-01,2026-10-01,https://www.portalinmobiliario.com/MLC-4530722526-vivir-con-estilo-en-el-corazon-de-la-ciudad-184553-_JM
Departamento Lord Cochrane Id: 168386,2990.0,122785486.0,59.0,50.68,54.0,2.0,1.0,90000.0,Santiago,Parque Almagro,2026-09-21,2026-09-21,https://www.portalinmobiliario.com/MLC-2262132189-departamento-lord-cochrane-id-168386-_JM
"Depto. 2 D + 2 B Parque Almagro, Metro Toesca",3295.0,135310427.0,65.0,50.69,54.0,2.0,1.0,95000.0,Santiago,Parque Almagro,2026-09-22,2026-09-21,https://www.portalinmobiliario.com/MLC-2265361795-depto-2-d-2-b-parque-almagro-metro-toesca-_JM
Metro Uc  Oportunidad.,1522.0,62500000.0,30.0,50.73,83.0,1.0,0.0,50000.0,Santiago,Barrio San Borja,2026-09-21,2026-09-21,https://www.portalinmobiliario.com/MLC-4499779030-metro-uc-oportunidad-_JM
Santo Domingo 1457 2d 2b | Sin Comisión | Estac Y Bod,3450.0,141675561.0,68.0,50.74,53.0,2.0,1.0,150000.0,Santiago,Centro Histórico De Santiago,2026-09-25,2026-09-24,https://www.portalinmobiliario.com/MLC-2274568015-santo-domingo-1457-2d-2b-sin-comision-estac-y-bod-_JM
3d 2b + Bodega + Estac | Excelente Luz Oriente (184488),3400.0,139622292.0,67.0,50.75,54.0,3.0,1.0,165000.0,Santiago,Bulnes,2026-10-01,2026-10-01,https://www.portalinmobiliario.com/MLC-2288299317-3d-2b-bodega-estac-excelente-luz-oriente-184488-_JM
Departamento En Venta De 1 Dorm. En Santiago,2386.4,98000000.0,47.0,50.77,73.0,1.0,0.0,80000.0,Santiago,Centro Histórico De Santiago,2026-09-22,2026-09-22,https://www.portalinmobiliario.com/MLC-2264534249-departamento-en-venta-de-1-dorm-en-santiago-_JM
Departamento En Venta 2 Dorm.2 Baños Parque Almagro - Stgo,2590.0,106359334.0,51.0,50.78,75.0,2.0,0.0,65000.0,Santiago,Parque Almagro,2026-09-28,2026-09-27,https://www.portalinmobiliario.com/MLC-4522105486-departamento-en-venta-2-dorm2-banos-parque-almagro-stgo-_JM
Gran Oportunidad De Inversión! Metro Universidad Católica,2390.0,98146258.0,47.0,50.85,83.0,2.0,0.0,80000.0,Santiago,Santa Isabel,2026-09-23,2026-09-22,https://www.portalinmobiliario.com/MLC-2267424345-gran-oportunidad-de-inversion-metro-universidad-catolica-_JM
Departamento Tipo Mariposa De  3 Dorm  En Santiago,3153.5,129500000.0,62.0,50.86,65.0,2.0,1.0,130000.0,Santiago,Santa Isabel,2026-09-28,2026-09-27,https://www.portalinmobiliario.com/MLC-2281512669-departamento-tipo-mariposa-de-3-dorm-en-santiago-_JM
Depto. Mariposa 2d+2b 57m2 Santiago,2900.0,119089602.0,57.0,50.88,48.0,2.0,1.0,100000.0,Santiago,Barrio República,2026-10-01,2026-09-21,https://www.portalinmobiliario.com/MLC-4530708270-depto-mariposa-2d2b-57m2-santiago-_JM
Espacioso Hogar Para Disfrutar La Vida (173101),3409.2,140000000.0,67.0,50.88,53.0,3.0,,,Santiago,Centro Histórico De Santiago,2026-09-28,2026-09-27,https://www.portalinmobiliario.com/MLC-4520029584-espacioso-hogar-para-disfrutar-la-vida-173101-_JM
"Departamento 2d Bellas Artes, Terraza Y Piscina",2445.0,100404854.0,48.0,50.94,73.0,2.0,0.0,120000.0,Santiago,Centro Histórico De Santiago,2026-09-20,2026-09-20,https://www.portalinmobiliario.com/MLC-2259887389-departamento-2d-bellas-artes-terraza-y-piscina-_JM
Departamento En Venta De 1 Dorm. En Santiago,1530.0,62830031.0,30.0,51.0,71.0,1.0,0.0,70000.0,Santiago,Parque Los Reyes,2026-09-22,2026-09-21,https://www.portalinmobiliario.com/MLC-4505443982-departamento-en-venta-de-1-dorm-en-santiago-_JM
Oportunidad De Inversión En El Mejor Sector (172289),2550.0,104716719.0,50.0,51.0,75.0,2.0,1.0,100000.0,Santiago,Bulnes,2026-09-25,2026-09-24,https://www.portalinmobiliario.com/MLC-2274583073-oportunidad-de-inversion-en-el-mejor-sector-172289-_JM
"Depto 2 Dorm, Estc Y Bodega Se Vende Stgo Centro",1990.0,81720106.0,39.0,51.03,75.0,2.0,1.0,100000.0,Santiago,San Diego,2026-09-26,2026-09-25,https://www.portalinmobiliario.com/MLC-4515198004-depto-2-dorm-estc-y-bodega-se-vende-stgo-centro-_JM
"Se Vende Departamento Santiago, Metro Universidad De Chile",2450.0,100610181.0,48.0,51.04,75.0,2.0,2.0,140000.0,Santiago,Bulnes,2026-09-28,2026-09-27,https://www.portalinmobiliario.com/MLC-4519991018-se-vende-departamento-santiago-metro-universidad-de-chile-_JM
Departamento En Santiago (1d+1b) (97365),1940.0,79666837.0,38.0,51.05,68.0,1.0,1.0,65000.0,Santiago,Barrio Yungay,2026-09-19,2026-09-19,https://www.portalinmobiliario.com/MLC-2256972751-departamento-en-santiago-1d1b-97365-_JM
"Tipo Estudio, Amoblado, 1d+1b+bodega, Centro Histórico",1890.0,77613568.0,37.0,51.08,73.0,1.0,0.0,,Santiago,Centro Histórico De Santiago,2026-09-18,2026-09-18,https://www.portalinmobiliario.com/MLC-4490282316-tipo-estudio-amoblado-1d1bbodega-centro-historico-_JM
Departamento En Venta De 2 Dorm. En Santiago,2350.0,96503643.0,46.0,51.09,74.0,2.0,1.0,130000.0,Santiago,Bulnes,2026-10-01,2026-10-01,https://www.portalinmobiliario.com/MLC-4531687386-departamento-en-venta-de-2-dorm-en-santiago-_JM
Vendo Depto En Santiago Centro,2300.0,94450374.0,45.0,51.11,74.0,2.0,0.0,,Santiago,San Diego,2026-09-24,2026-09-23,https://www.portalinmobiliario.com/MLC-4509223390-vendo-depto-en-santiago-centro-_JM
Hermoso Departamento Oportunidad.,2250.0,92397105.0,44.0,51.14,66.0,2.0,1.0,81000.0,Santiago,Quinta Normal,2026-09-20,2026-09-20,https://www.portalinmobiliario.com/MLC-4496616102-hermoso-departamento-oportunidad-_JM
Nuevo Precio! Depto Remodelado! Depto Estudio (92953),1022.8,42000000.0,20.0,51.14,72.0,1.0,0.0,40000.0,Santiago,Parque O'Higgins,2026-09-23,2026-09-22,https://www.portalinmobiliario.com/MLC-2268786671-nuevo-precio-depto-remodelado-depto-estudio-92953-_JM
Departamento Tarapacá Id: 177135,2200.0,90343836.0,43.0,51.16,74.0,2.0,0.0,70000.0,Santiago,Bulnes,2026-09-24,2026-09-23,https://www.portalinmobiliario.com/MLC-4509178844-departamento-tarapaca-id-177135-_JM
"Amplio Departamento Oriente, Terraza Y Est. Metro",6500.0,266924970.0,127.0,51.18,91.0,3.0,1.0,170000.0,Providencia,Pedro De Valdivia,2026-10-01,2026-10-01,https://www.portalinmobiliario.com/MLC-4533927740-amplio-departamento-oriente-terraza-y-est-metro-_JM
Venta Quinta Normal - 2 Dormitorios Estacionamiento Bodega,2560.0,105127373.0,50.0,51.2,66.0,2.0,1.0,80000.0,Santiago,Parque Los Reyes,2026-10-01,,https://www.portalinmobiliario.com/MLC-2285771399-venta-quinta-normal-2-dormitorios-estacionamiento-bodega-_JM
"Martínez De Rozas 2375, 1d 1b | Sin Comisión | Estac",1690.0,69400492.0,33.0,51.21,66.0,1.0,1.0,83000.0,Santiago,Parque Los Reyes,2026-10-01,2026-10-01,https://www.portalinmobiliario.com/MLC-2290643009-martinez-de-rozas-2375-1d-1b-sin-comision-estac-_JM
Departamento 2d2b Con Excelente Distribucion En Santiago,2357.0,96791101.0,46.0,51.24,75.0,2.0,0.0,110000.0,Santiago,San Diego,2026-09-27,2026-09-26,https://www.portalinmobiliario.com/MLC-4517628050-departamento-2d2b-con-excelente-distribucion-en-santiago-_JM
Cómodo Y Práctico Departamento/ Nataniel Cox (113165),2050.0,84184029.0,40.0,51.25,74.0,2.0,0.0,45000.0,Santiago,Parque Almagro,2026-09-19,2026-09-19,https://www.portalinmobiliario.com/MLC-2256959727-comodo-y-practico-departamento-nataniel-cox-113165-_JM
"Vende Dpo 2d/1b, Estac.visitas, Gimnasio, San Diego/victoria",2000.0,82130760.0,39.0,51.28,74.0,2.0,1.0,70000.0,Santiago,Parque O'Higgins,2026-10-01,2026-10-01,https://www.portalinmobiliario.com/MLC-4530729036-vende-dpo-2d1b-estacvisitas-gimnasio-san-diegovictoria-_JM
Venta Departamento En Santiago Metro Irarrazaval,1590.0,65293954.0,31.0,51.29,83.0,1.0,0.0,70000.0,Santiago,Barrio Diez De Julio,2026-09-23,2026-09-22,https://www.portalinmobiliario.com/MLC-2268753425-venta-departamento-en-santiago-metro-irarrazaval-_JM
Atención Inversionistas! Departamento En Santiago,1950.0,80077491.0,38.0,51.32,75.0,1.0,0.0,80000.0,Santiago,Bulnes,2026-09-28,2026-09-27,https://www.portalinmobiliario.com/MLC-4519057532-atencion-inversionistas-departamento-en-santiago-_JM
"Espacioso, Iluminado Y Gran Conectividad (172052)",3490.0,143318176.0,68.0,51.32,54.0,3.0,1.0,130000.0,Santiago,Parque Almagro,2026-09-24,2026-09-23,https://www.portalinmobiliario.com/MLC-4510779800-espacioso-iluminado-y-gran-conectividad-172052-_JM
Se Vende Depto. 1 Dorm. 1 Baño,1900.0,78024222.0,37.0,51.35,75.0,1.0,0.0,90000.0,Santiago,San Diego,2026-09-25,2026-09-24,https://www.portalinmobiliario.com/MLC-2274085659-se-vende-depto-1-dorm-1-bano-_JM
1d Y 1b Con Bodega En Carmen  Ideal Para Inversión O Vivir,1900.0,78024222.0,37.0,51.35,83.0,1.0,0.0,100000.0,Santiago,Santa Isabel,2026-09-22,2026-09-21,https://www.portalinmobiliario.com/MLC-4505357416-1d-y-1b-con-bodega-en-carmen-ideal-para-inversion-o-vivir-_JM
Depto 1d 1b Piso9 Mtro Rondizoni Parque Ohiggins (176577),1490.0,61187416.0,29.0,51.38,72.0,1.0,0.0,56000.0,Santiago,Parque O'Higgins,2026-09-23,2026-09-22,https://www.portalinmobiliario.com/MLC-4507118558-depto-1d-1b-piso9-mtro-rondizoni-parque-ohiggins-176577-_JM
Oportunidad De Inversión Venta Departamento Santiago Centro,1850.0,75970953.0,36.0,51.39,83.0,2.0,0.0,60000.0,Santiago,Barrio Diez De Julio,2026-09-21,2026-09-21,https://www.portalinmobiliario.com/MLC-4501522978-oportunidad-de-inversion-venta-departamento-santiago-centro-_JM
Exclusivo 2 Ambtes Loft Harrington Ala Norte Palacio Cousiño,3650.0,149888637.0,71.0,51.41,54.0,1.0,0.0,130000.0,Santiago,Parque Almagro,2026-09-24,2026-09-23,https://www.portalinmobiliario.com/MLC-4510328610-exclusivo-2-ambtes-loft-harrington-ala-norte-palacio-cousino-_JM
Venta Departamento De 3d En Calle Gorbea / Edificio 2455,3600.0,147835368.0,70.0,51.43,48.0,3.0,1.0,100000.0,Santiago,Barrio República,2026-09-23,2026-09-22,https://www.portalinmobiliario.com/MLC-2268754459-venta-departamento-de-3d-en-calle-gorbea-edificio-2455-_JM
Se Vende Departamento Clásico Con Encanto Y Balcón 4d/2b,5400.0,221753052.0,105.0,51.43,,4.0,1.0,,Santiago,Barrio San Borja,2026-09-23,2026-09-23,https://www.portalinmobiliario.com/MLC-2268771777-se-vende-departamento-clasico-con-encanto-y-balcon-4d2b-_JM
Excelente Oportunidad Venta Departamento Santiago,1800.0,73917684.0,35.0,51.43,75.0,1.0,0.0,86000.0,Santiago,Ejército - Toesca,2026-09-28,2026-09-27,https://www.portalinmobiliario.com/MLC-4522140274-excelente-oportunidad-venta-departamento-santiago-_JM
"Vendo Departamento, Barrio Universitario Santiago",1800.0,73917684.0,35.0,51.43,75.0,1.0,0.0,86000.0,Santiago,Ejército - Toesca,2026-09-28,2026-09-27,https://www.portalinmobiliario.com/MLC-4522127266-vendo-departamento-barrio-universitario-santiago-_JM
Moderno Depto/av. Mapocho 1450/santiago Centr (152530),1800.0,73917684.0,35.0,51.43,72.0,1.0,0.0,60000.0,Santiago,Centro Histórico De Santiago,2026-09-25,2026-09-24,https://www.portalinmobiliario.com/MLC-4513395742-moderno-deptoav-mapocho-1450santiago-centr-152530-_JM
Valor Rebajado 1420 Uf Metro Santa Ana,1390.0,57080878.0,27.0,51.48,72.0,1.0,0.0,0.0,Santiago,Centro Histórico De Santiago,2026-09-28,2026-09-27,https://www.portalinmobiliario.com/MLC-4520043922-valor-rebajado-1420-uf-metro-santa-ana-_JM
Departamento En Venta De 1 Dorm. En Santiago,1700.0,69811146.0,33.0,51.52,72.0,1.0,0.0,60000.0,Santiago,Centro Histórico De Santiago,2026-09-27,2026-09-26,https://www.portalinmobiliario.com/MLC-4517589528-departamento-en-venta-de-1-dorm-en-santiago-_JM
"Venta Departamento Remodelado 2d/1b/1b, Barrio República",2990.0,122785486.0,58.0,51.55,48.0,2.0,0.0,90000.0,Santiago,Barrio República,2026-09-24,2026-09-23,https://www.portalinmobiliario.com/MLC-2270965945-venta-departamento-remodelado-2d1b1b-barrio-republica-_JM
Oportunidad 1d/1b Con Terraza | Santiago Centro | Uf 1.650,1650.0,67757877.0,32.0,51.56,74.0,1.0,0.0,55000.0,Santiago,Bulnes,2026-10-01,2026-10-01,https://www.portalinmobiliario.com/MLC-4531694886-oportunidad-1d1b-con-terraza-santiago-centro-uf-1650-_JM
Oportunidad 1d/1b Con Terraza | Santiago Centro | Uf 1.650,1650.0,67757877.0,32.0,51.56,74.0,1.0,0.0,55000.0,Santiago,Bulnes,2026-10-01,2026-10-01,https://www.portalinmobiliario.com/MLC-2290626231-oportunidad-1d1b-con-terraza-santiago-centro-uf-1650-_JM
En Venta Departamento En Calle Teatinos- Metro Santa Ana,1650.0,67757877.0,32.0,51.56,74.0,1.0,0.0,60000.0,Santiago,Centro Histórico De Santiago,2026-09-25,2026-09-24,https://www.portalinmobiliario.com/MLC-4513376504-en-venta-departamento-en-calle-teatinos-metro-santa-ana-_JM
Depto Estudio En Venta Oportunidad Con Fogaes Y Ds1,1290.0,52974340.0,25.0,51.6,74.0,1.0,0.0,35000.0,Santiago,Parque O'Higgins,2026-09-21,2026-09-21,https://www.portalinmobiliario.com/MLC-4499775636-depto-estudio-en-venta-oportunidad-con-fogaes-y-ds1-_JM
Oferta - 2dorm/2bañ / Estac. Y Bodega (173228),2890.0,118678948.0,56.0,51.61,65.0,2.0,1.0,85000.0,Santiago,Santa Isabel,2026-10-01,2026-10-01,https://www.portalinmobiliario.com/MLC-4531657598-oferta-2dorm2ban-estac-y-bodega-173228-_JM
Departamento En Venta De 2 Dorm. En Santiago,1910.0,78434876.0,37.0,51.62,72.0,2.0,1.0,75000.0,Santiago,Parque O'Higgins,2026-09-23,2026-09-22,https://www.portalinmobiliario.com/MLC-4505393046-departamento-en-venta-de-2-dorm-en-santiago-_JM
Venta Departamento 1hab 1ba Santiago,1550.0,63651339.0,30.0,51.67,66.0,1.0,0.0,50000.0,Santiago,Parque Los Reyes,2026-09-26,2026-09-25,https://www.portalinmobiliario.com/MLC-4514983724-venta-departamento-1hab-1ba-santiago-_JM
"1d Apto Oficina En Piso 24, Orientación Norte, Arrendado",1550.0,63651339.0,30.0,51.67,83.0,1.0,0.0,0.0,Santiago,Santa Isabel,2026-10-01,2026-10-01,https://www.portalinmobiliario.com/MLC-2288565987-1d-apto-oficina-en-piso-24-orientacion-norte-arrendado-_JM
Departamento Muy Bien Ubicado En Pleno Santiago,3100.0,127302678.0,60.0,51.67,54.0,2.0,0.0,100000.0,Santiago,San Diego,2026-09-22,2026-09-21,https://www.portalinmobiliario.com/MLC-2265348127-departamento-muy-bien-ubicado-en-pleno-santiago-_JM
"Amplio Y Comodo Con Buena Vista, Luminoso Y Refaccionado",3100.0,127302678.0,60.0,51.67,65.0,2.0,1.0,139000.0,Santiago,Santa Isabel,2026-09-25,2026-09-24,https://www.portalinmobiliario.com/MLC-2274078245-amplio-y-comodo-con-buena-vista-luminoso-y-refaccionado-_JM
Depto 1 Dorm En Venta - San Isidro 635 - Eyzaguirre,1550.0,63651339.0,30.0,51.67,83.0,1.0,0.0,65000.0,Santiago,Barrio Diez De Julio,2026-09-23,2026-09-22,https://www.portalinmobiliario.com/MLC-4506956574-depto-1-dorm-en-venta-san-isidro-635-eyzaguirre-_JM
Invierte En Conectividad-vida Urbana,3360.0,137979677.0,65.0,51.69,54.0,2.0,1.0,120000.0,Santiago,Bulnes,2026-09-24,2026-09-23,https://www.portalinmobiliario.com/MLC-4510794722-invierte-en-conectividad-vida-urbana-_JM
Departamento En Venta De 2 Dorm. En Santiago,2120.0,87058606.0,41.0,51.71,75.0,2.0,0.0,65000.0,Santiago,San Diego / Eleuterio Ramírez,2026-09-29,2026-09-28,https://www.portalinmobiliario.com/MLC-2282597515-departamento-en-venta-de-2-dorm-en-santiago-_JM
Departamento Enrique Mac Iver Id: 168715,2999.0,123155075.0,58.0,51.71,53.0,2.0,0.0,0.0,Santiago,Centro Histórico De Santiago,2026-10-01,,https://www.portalinmobiliario.com/MLC-2283616619-departamento-enrique-mac-iver-id-168715-_JM
Departamento En Venta  Cerca Metro Santa Lucia,1500.0,61598070.0,29.0,51.72,75.0,1.0,0.0,90.0,Santiago,Bulnes,2026-09-25,2026-09-24,https://www.portalinmobiliario.com/MLC-4514090724-departamento-en-venta-cerca-metro-santa-lucia-_JM
Se Vende Depto 2 Dormitorios 2 Baños En Santiago Centro,3000.0,123196140.0,58.0,51.72,54.0,2.0,1.0,100000.0,Santiago,Parque Almagro,2026-10-01,2026-10-01,https://www.portalinmobiliario.com/MLC-4530109392-se-vende-depto-2-dormitorios-2-banos-en-santiago-centro-_JM
"Oportunidad De Inversion, Metro Santa Lucia",1500.0,61598070.0,29.0,51.72,83.0,1.0,0.0,,Santiago,Santa Isabel,2026-09-21,2026-09-21,https://www.portalinmobiliario.com/MLC-2262135267-oportunidad-de-inversion-metro-santa-lucia-_JM
Departamento Estudio Con Balcon,1450.0,59544801.0,28.0,51.79,,1.0,0.0,,Santiago,Barrio Yungay,2026-09-21,2026-09-21,https://www.portalinmobiliario.com/MLC-2262137191-departamento-estudio-con-balcon-_JM
Departamento En Venta De 2 Dorm. En Santiago,2798.0,114900933.0,54.0,51.81,54.0,2.0,1.0,120000.0,Santiago,Ejército - Toesca,2026-09-23,2026-09-22,https://www.portalinmobiliario.com/MLC-2267394259-departamento-en-venta-de-2-dorm-en-santiago-_JM
Departamento En Venta En Santiago,2700.0,110876526.0,52.0,51.92,53.0,2.0,0.0,40000.0,Santiago,Centro Histórico De Santiago,2026-09-23,2026-09-22,https://www.portalinmobiliario.com/MLC-2268779815-departamento-en-venta-en-santiago-_JM
Elegancia Y Confort En Cada Rincón (178655),1820.0,74738992.0,35.0,52.0,75.0,1.0,0.0,80000.0,Santiago,Bulnes,2026-09-25,2026-09-24,https://www.portalinmobiliario.com/MLC-4513368310-elegancia-y-confort-en-cada-rincon-178655-_JM
Imperdible Oferta Venta -tasacion A La Vista,2184.0,89686790.0,42.0,52.0,74.0,2.0,0.0,105000.0,Santiago,Ejército - Toesca,2026-09-23,2026-09-22,https://www.portalinmobiliario.com/MLC-2267420193-imperdible-oferta-venta-tasacion-a-la-vista-_JM
Depto   De 2d-2b-1e-1b - Vista Despejada,2600.0,106769988.0,50.0,52.0,73.0,2.0,0.0,0.0,Santiago,Centro Histórico De Santiago,2026-09-21,2026-09-21,https://www.portalinmobiliario.com/MLC-2264198965-depto-de-2d-2b-1e-1b-vista-despejada-_JM
Venta  Departamento,2600.0,106769988.0,50.0,52.0,74.0,2.0,0.0,0.0,Santiago,Centro Histórico De Santiago,2026-10-01,2026-10-01,https://www.portalinmobiliario.com/MLC-2288290493-venta-departamento-_JM
Venta Familiar Depto 3d/2b/estac. Santiago.  (171015),3900.0,160154982.0,75.0,52.0,65.0,3.0,1.0,145000.0,Santiago,Santa Isabel,2026-09-18,2026-09-18,https://www.portalinmobiliario.com/MLC-4491473182-venta-familiar-depto-3d2bestac-santiago-171015-_JM
Vendo Departamento 2 Dormitorios 2 Baños - Santiago Centro,2550.0,104716719.0,49.0,52.04,83.0,2.0,1.0,1.0,Santiago,Santa Isabel,2026-09-25,2026-09-24,https://www.portalinmobiliario.com/MLC-2274116765-vendo-departamento-2-dormitorios-2-banos-santiago-centro-_JM
Venta Departamento 1d Y 1b 29m2  - Santiago Centro,1509.8,62000000.0,29.0,52.06,73.0,1.0,1.0,70000.0,Santiago,Centro Histórico De Santiago,2026-09-20,2026-09-20,https://www.portalinmobiliario.com/MLC-2256963787-venta-departamento-1d-y-1b-29m2-santiago-centro-_JM
Excelente 1d1b Con Terraza En Santiago,1823.0,74862188.0,35.0,52.09,75.0,1.0,0.0,50000.0,Santiago,Parque O'Higgins,2026-09-27,2026-09-26,https://www.portalinmobiliario.com/MLC-2278343083-excelente-1d1b-con-terraza-en-santiago-_JM
Impecable Y Comodo Departamento 2 Hab,2240.3,92000000.0,43.0,52.1,83.0,2.0,0.0,70000.0,Santiago,Barrio Diez De Julio,2026-09-27,2026-09-26,https://www.portalinmobiliario.com/MLC-2278347539-impecable-y-comodo-departamento-2-hab-_JM
Venta Depto. 2d-2b Metro República,2190.0,89933182.0,42.0,52.14,68.0,2.0,0.0,70000.0,Santiago,Barrio Yungay,2026-09-26,2026-09-25,https://www.portalinmobiliario.com/MLC-2276121095-venta-depto-2d-2b-metro-republica-_JM
"Departamento En Venta, Santiago Centro 2d, Piscina, Gym",2190.0,89933182.0,42.0,52.14,83.0,2.0,0.0,75000.0,Santiago,Santa Isabel,2026-10-01,2026-10-01,https://www.portalinmobiliario.com/MLC-4530697900-departamento-en-venta-santiago-centro-2d-piscina-gym-_JM
Departamento Club Hípico Id: 157255,3548.0,145699968.0,68.0,52.18,54.0,3.0,1.0,160000.0,Santiago,Parque O'Higgins,2026-09-23,2026-09-22,https://www.portalinmobiliario.com/MLC-4506386504-departamento-club-hipico-id-157255-_JM
San Martin / Moneda,1095.8,45000000.0,21.0,52.18,74.0,1.0,0.0,25000.0,Santiago,Centro Histórico De Santiago,2026-09-24,2026-09-23,https://www.portalinmobiliario.com/MLC-4509171446-san-martin-moneda-_JM
Depto Remodelado Metro U Chile 2d 1b,2558.0,105045242.0,49.0,52.2,74.0,2.0,0.0,0.0,Santiago,Bulnes,2026-10-01,2026-10-01,https://www.portalinmobiliario.com/MLC-2288303055-depto-remodelado-metro-u-chile-2d-1b-_JM
Departamento En Venta En Santa Isabel,3550.0,145782099.0,68.0,52.21,54.0,3.0,1.0,,Santiago,San Diego,2026-09-21,2026-09-21,https://www.portalinmobiliario.com/MLC-4499773108-departamento-en-venta-en-santa-isabel-_JM
Oportunidad 2.350 Uf | Invierte A Pasos De Metro Santa Lucía,2350.0,96503643.0,45.0,52.22,74.0,2.0,0.0,95000.0,Santiago,San Diego,2026-10-01,2026-10-01,https://www.portalinmobiliario.com/MLC-4530724812-oportunidad-2350-uf-invierte-a-pasos-de-metro-santa-lucia-_JM
Ubicación Estratégica - Pleno Centro Santiago,2350.0,96503643.0,45.0,52.22,,2.0,0.0,,Santiago,Centro Histórico De Santiago,2026-10-01,2026-10-01,https://www.portalinmobiliario.com/MLC-2290629985-ubicacion-estrategica-pleno-centro-santiago-_JM
2d 2b Con Estac | Carmen | Piso 16 (171582),2350.0,96503643.0,45.0,52.22,83.0,2.0,1.0,120000.0,Santiago,Santa Isabel,2026-09-25,2026-09-24,https://www.portalinmobiliario.com/MLC-4513698790-2d-2b-con-estac-carmen-piso-16-171582-_JM
Departamento En Venta En Santiago,1463.0,60078651.0,28.0,52.25,75.0,,0.0,75000.0,Santiago,Bulnes,2026-09-26,2026-09-25,https://www.portalinmobiliario.com/MLC-4515395022-departamento-en-venta-en-santiago-_JM
Excelente 2d1b Con Terraza En Santiago,2352.0,96585774.0,45.0,52.27,75.0,2.0,0.0,90000.0,Santiago,San Diego,2026-09-27,2026-09-26,https://www.portalinmobiliario.com/MLC-2278342583-excelente-2d1b-con-terraza-en-santiago-_JM
Excelente Conectividad Y Entorno Verde (130874),1150.0,47225187.0,22.0,52.27,83.0,1.0,0.0,60000.0,Santiago,Santa Isabel,2026-09-20,2026-09-20,https://www.portalinmobiliario.com/MLC-4496619430-excelente-conectividad-y-entorno-verde-130874-_JM
Departamento En Venta En Santiago,3450.0,141675561.0,66.0,52.27,65.0,2.0,0.0,120000.0,Santiago,Santa Isabel,2026-09-23,2026-09-22,https://www.portalinmobiliario.com/MLC-2268778825-departamento-en-venta-en-santiago-_JM
Dp 1 Dormitorio Metro Santa Lucía,1412.4,58000000.0,27.0,52.31,83.0,1.0,0.0,70000.0,Santiago,Santa Isabel,2026-09-25,2026-09-24,https://www.portalinmobiliario.com/MLC-2274091615-dp-1-dormitorio-metro-santa-lucia-_JM
Estupendo Depto En Santiago Centro,2250.0,92397105.0,43.0,52.33,71.0,2.0,0.0,120000.0,Santiago,Centro Histórico De Santiago,2026-09-21,2026-09-21,https://www.portalinmobiliario.com/MLC-4500847064-estupendo-depto-en-santiago-centro-_JM
Santo Domingo 1 D/ Con Box Y Bodega Oriente (176549),1990.0,81720106.0,38.0,52.37,74.0,1.0,1.0,90000.0,Santiago,Centro Histórico De Santiago,2026-09-23,2026-09-22,https://www.portalinmobiliario.com/MLC-4507145094-santo-domingo-1-d-con-box-y-bodega-oriente-176549-_JM
Venta Departamento Semi Amoblado Plaza Brasil  (183626),2200.0,90343836.0,42.0,52.38,66.0,1.0,0.0,130000.0,Santiago,Barrio Yungay,2026-09-24,2026-09-23,https://www.portalinmobiliario.com/MLC-4509240054-venta-departamento-semi-amoblado-plaza-brasil-183626-_JM
Venta Departamento Santiago,2620.0,107591296.0,50.0,52.4,75.0,2.0,0.0,70000.0,Santiago,Parque Almagro,2026-09-24,2026-09-23,https://www.portalinmobiliario.com/MLC-4510757172-venta-departamento-santiago-_JM
"Duplex Florianopolis, Brasil",3409.2,140000000.0,65.0,52.45,114.0,2.0,0.0,0.0,Las Condes,Estoril,2026-09-21,,https://www.portalinmobiliario.com/MLC-2262138327-duplex-florianopolis-brasil-_JM
En Venta Departamento En Calle Teatinos- Metro Santa Ana,1680.0,68989838.0,32.0,52.5,74.0,1.0,0.0,60000.0,Santiago,Centro Histórico De Santiago,2026-09-25,2026-09-24,https://www.portalinmobiliario.com/MLC-4513375136-en-venta-departamento-en-calle-teatinos-metro-santa-ana-_JM
"Hermosa Vista Despejada, 1 Dormitorio, 1 Baño, Piso 24",1995.0,81925433.0,38.0,52.5,74.0,1.0,0.0,65000.0,Santiago,Centro Histórico De Santiago,2026-09-28,2026-09-27,https://www.portalinmobiliario.com/MLC-4522115046-hermosa-vista-despejada-1-dormitorio-1-bano-piso-24-_JM
"A 5 Minutos De Metro Cumming, Con Estacionamiento Y Bodega",2100.0,86237298.0,40.0,52.5,66.0,2.0,1.0,0.0,Santiago,Barrio Brasil,2026-09-24,2026-09-23,https://www.portalinmobiliario.com/MLC-4509210780-a-5-minutos-de-metro-cumming-con-estacionamiento-y-bodega-_JM
Departamento En Venta De 3 Dorm. En Santiago,4100.0,168368058.0,78.0,52.56,65.0,3.0,0.0,130000.0,Santiago,Santa Isabel,2026-09-25,2026-09-24,https://www.portalinmobiliario.com/MLC-4513681308-departamento-en-venta-de-3-dorm-en-santiago-_JM
Departamento En Venta De 1 Dormitorio Barrio Franklin,1578.0,64801170.0,30.0,52.6,72.0,1.0,0.0,60000.0,Santiago,Franklin - Biobío,2026-09-26,2026-09-25,https://www.portalinmobiliario.com/MLC-2276120569-departamento-en-venta-de-1-dormitorio-barrio-franklin-_JM
Lindo Departamento Residencial Buen Sector De Santiago,5000.0,205326900.0,95.0,52.63,55.0,4.0,1.0,200000.0,Santiago,Parque O'Higgins,2026-09-18,2026-09-18,https://www.portalinmobiliario.com/MLC-4490528186-lindo-departamento-residencial-buen-sector-de-santiago-_JM
Oportunidad Inversión Metro Los Héroes - 1d 1b 1b,2000.0,82130760.0,38.0,52.63,74.0,1.0,0.0,95000.0,Santiago,Centro Histórico De Santiago,2026-09-25,2026-09-24,https://www.portalinmobiliario.com/MLC-4513389074-oportunidad-inversion-metro-los-heroes-1d-1b-1b-_JM
Departamento En Venta - Santiago Centro,3000.0,123196140.0,57.0,52.63,48.0,2.0,1.0,,Santiago,Santiago,2026-09-24,2026-09-23,https://www.portalinmobiliario.com/MLC-4510770992-departamento-en-venta-santiago-centro-_JM
Oportunidad Depto 2d+2b Vista Despejada,2790.0,114572410.0,53.0,52.64,65.0,2.0,1.0,160000.0,Santiago,Barrio Diez De Julio,2026-09-24,2026-09-23,https://www.portalinmobiliario.com/MLC-2273803335-oportunidad-depto-2d2b-vista-despejada-_JM
Luminoso. Eyzaguirre. Metro Parque Almagro (173088),1790.0,73507030.0,34.0,52.65,75.0,2.0,0.0,70000.0,Santiago,San Diego,2026-09-28,2026-09-27,https://www.portalinmobiliario.com/MLC-4520042300-luminoso-eyzaguirre-metro-parque-almagro-173088-_JM
Metro Rondizzoni 1 Dorm. No Paga Contribuciones Renta Corta,1790.0,73507030.0,34.0,52.65,72.0,1.0,0.0,55000.0,Santiago,Parque O'Higgins,2026-09-23,2026-09-22,https://www.portalinmobiliario.com/MLC-2268793397-metro-rondizzoni-1-dorm-no-paga-contribuciones-renta-corta-_JM
Depto 2d 2b 1e Santiago,2950.0,121142871.0,56.0,52.68,51.0,2.0,1.0,80000.0,Santiago,Centro Histórico De Santiago,2026-09-24,2026-09-23,https://www.portalinmobiliario.com/MLC-4510787474-depto-2d-2b-1e-santiago-_JM
Depto 3 Dormitorios En Oferta Santo Domingo,3531.0,145000000.0,67.0,52.7,,3.0,1.0,,Santiago,Centro Histórico De Santiago,2026-10-01,2026-09-19,https://www.portalinmobiliario.com/MLC-4525971626-depto-3-dormitorios-en-oferta-santo-domingo-_JM
Moderno 3d En Suite Y Estacionamiento,2690.0,110465872.0,51.0,52.75,,3.0,1.0,,Santiago,Barrio Yungay,2026-09-21,2026-09-21,https://www.portalinmobiliario.com/MLC-4501528062-moderno-3d-en-suite-y-estacionamiento-_JM
Espacioso Departamento Ideal Para Inversión (153949),2690.0,110465872.0,51.0,52.75,74.0,2.0,1.0,100000.0,Santiago,Bulnes,2026-09-23,2026-09-22,https://www.portalinmobiliario.com/MLC-4507162992-espacioso-departamento-ideal-para-inversion-153949-_JM
Departamento En Venta En Santiago,1582.8,65000000.0,30.0,52.76,83.0,1.0,0.0,40000.0,Santiago,Bogotá - Sierra Bella,2026-09-23,2026-09-22,https://www.portalinmobiliario.com/MLC-2268779811-departamento-en-venta-en-santiago-_JM
Teatinos Con Terraza,2850.0,117036333.0,54.0,52.78,53.0,2.0,0.0,130000.0,Santiago,Centro Histórico De Santiago,2026-10-01,2026-10-01,https://www.portalinmobiliario.com/MLC-2290654153-teatinos-con-terraza-_JM
Depto Privilegiada Ubicacion Cercano Al Centro,3433.5,141000000.0,65.0,52.82,65.0,3.0,1.0,0.0,Santiago,Santa Isabel,2026-09-28,2026-09-27,https://www.portalinmobiliario.com/MLC-4522127248-depto-privilegiada-ubicacion-cercano-al-centro-_JM
Metro Ñuble - Maule,2800.0,114983064.0,53.0,52.83,65.0,2.0,1.0,110000.0,Santiago,Bogotá - Sierra Bella,2026-09-23,2026-09-22,https://www.portalinmobiliario.com/MLC-2268792751-metro-nuble-maule-_JM
Departamento En Santiago,2167.0,88988678.0,41.0,52.85,83.0,1.0,0.0,,Santiago,Santa Isabel,2026-10-01,2026-10-01,https://www.portalinmobiliario.com/MLC-4531693090-departamento-en-santiago-_JM
Depto 1dorm/ 1baño Y Varias Áreas Comunes,1850.0,75970953.0,35.0,52.86,68.0,1.0,0.0,88000.0,Santiago,Barrio República,2026-09-21,2026-09-21,https://www.portalinmobiliario.com/MLC-2262138113-depto-1dorm-1bano-y-varias-areas-comunes-_JM
Departamento En Venta De 3d 2b 2e 1b. En Santiago,3700.0,151941906.0,70.0,52.86,53.0,3.0,2.0,170000.0,Santiago,Centro Histórico De Santiago,2026-10-01,2026-10-01,https://www.portalinmobiliario.com/MLC-2288292001-departamento-en-venta-de-3d-2b-2e-1b-en-santiago-_JM
Atencion Inversionistas 2 Deptos Mariposa Santiago,2590.0,106359334.0,49.0,52.86,,2.0,0.0,,Santiago,Santa Isabel,2026-09-28,2026-09-28,https://www.portalinmobiliario.com/MLC-2282622021-atencion-inversionistas-2-deptos-mariposa-santiago-_JM
"Vendo Dpto Amoblado 1d/1b En Suite,  Pasos De Parque Almagro",1850.0,75970953.0,35.0,52.86,75.0,1.0,0.0,65000.0,Santiago,Santiago,2026-09-28,2026-09-27,https://www.portalinmobiliario.com/MLC-4520039960-vendo-dpto-amoblado-1d1b-en-suite-pasos-de-parque-almagro-_JM
Departamento En Venta De 3 Dorm. En Santiago,3915.0,160770963.0,74.0,52.91,68.0,3.0,0.0,170000.0,Santiago,Barrio Lastarria,2026-09-28,2026-09-27,https://www.portalinmobiliario.com/MLC-4522120836-departamento-en-venta-de-3-dorm-en-santiago-_JM
"Departamento, Amplio, Estacionamiento, Bodega",2751.7,113000000.0,52.0,52.92,,1.0,1.0,,Santiago,Centro Histórico De Santiago,2026-10-01,2026-10-01,https://www.portalinmobiliario.com/MLC-2288308205-departamento-amplio-estacionamiento-bodega-_JM
Departamento En Venta De 1 Dorm. En Santiago,1588.0,65211823.0,30.0,52.93,75.0,1.0,0.0,78000.0,Santiago,San Diego,2026-09-26,2026-09-25,https://www.portalinmobiliario.com/MLC-2275960037-departamento-en-venta-de-1-dorm-en-santiago-_JM
Espectacular Departamento Remodelado Con Vista Al Parque ...,4500.0,184794210.0,85.0,52.94,53.0,3.0,1.0,0.0,Santiago,Centro Histórico De Santiago,2026-10-01,2026-10-01,https://www.portalinmobiliario.com/MLC-2290637149-espectacular-departamento-remodelado-con-vista-al-parque--_JM
Oportunidad 2d+2b+1e+1b,2435.1,100000000.0,46.0,52.94,74.0,2.0,1.0,65000.0,Santiago,Bulnes,2026-10-01,2026-10-01,https://www.portalinmobiliario.com/MLC-4530709324-oportunidad-2d2b1e1b-_JM
Cercano Matro Santa Isabel Y U. De Chile (179617),1853.0,76094149.0,35.0,52.94,83.0,1.0,0.0,0.0,Santiago,Santa Isabel,2026-09-23,2026-09-22,https://www.portalinmobiliario.com/MLC-2267399511-cercano-matro-santa-isabel-y-u-de-chile-179617-_JM
"Departamento Excelente Oportunidad, 1/d 1/b",1800.0,73917684.0,34.0,52.94,83.0,1.0,0.0,80000.0,Santiago,Santa Isabel,2026-10-01,2026-09-18,https://www.portalinmobiliario.com/MLC-2283617357-departamento-excelente-oportunidad-1d-1b-_JM
Oferta De Departamento En Venta/carmen Alt. 300-400-santiago,1748.0,71782284.0,33.0,52.97,83.0,1.0,0.0,1.0,Santiago,Santa Isabel,2026-10-01,,https://www.portalinmobiliario.com/MLC-4526125438-oferta-de-departamento-en-ventacarmen-alt-300-400-santiago-_JM
Metro Moneda Depto 2d 1b Terraza  Piso 12 Vista Norte,2490.0,102252796.0,47.0,52.98,74.0,2.0,0.0,95000.0,Santiago,Bulnes,2026-10-01,2026-09-19,https://www.portalinmobiliario.com/MLC-4528515988-metro-moneda-depto-2d-1b-terraza-piso-12-vista-norte-_JM
Departamento En Venta De 2 Dorm. En Santiago,2490.0,102252796.0,47.0,52.98,,2.0,1.0,,Santiago,Barrio Diez De Julio,2026-09-28,2026-09-28,https://www.portalinmobiliario.com/MLC-4522140942-departamento-en-venta-de-2-dorm-en-santiago-_JM
Oportunidad Vendo Amplio Departament Santgo Centro 2d 2b Bod,3180.0,130587908.0,60.0,53.0,65.0,2.0,0.0,140000.0,Santiago,Barrio Diez De Julio,2026-10-01,2026-10-01,https://www.portalinmobiliario.com/MLC-4533927328-oportunidad-vendo-amplio-departament-santgo-centro-2d-2b-bod-_JM
Departamento En Venta De 2 Dorm. En Santiago,2280.0,93629066.0,43.0,53.02,83.0,2.0,1.0,150000.0,Santiago,Santa Isabel,2026-09-22,2026-09-21,https://www.portalinmobiliario.com/MLC-4505366056-departamento-en-venta-de-2-dorm-en-santiago-_JM
Departamento 1d 1b Metro Santa Ana,1700.0,69811146.0,32.0,53.12,,1.0,0.0,,Santiago,Centro Histórico De Santiago,2026-10-01,2026-10-01,https://www.portalinmobiliario.com/MLC-2290641759-departamento-1d-1b-metro-santa-ana-_JM
Venta Con 2 Bodegas Y 1 Estacionamiento Precio Insuperable,2550.0,104716719.0,48.0,53.12,74.0,2.0,1.0,100000.0,Santiago,San Diego,2026-09-21,2026-09-21,https://www.portalinmobiliario.com/MLC-2262135153-venta-con-2-bodegas-y-1-estacionamiento-precio-insuperable-_JM
Moderno Dpto. Iluminado Y En Perfecto Estado. 1d/1b.,1700.0,69811146.0,32.0,53.12,74.0,1.0,0.0,65000.0,Santiago,Bulnes,2026-09-23,2026-09-22,https://www.portalinmobiliario.com/MLC-2267436631-moderno-dpto-iluminado-y-en-perfecto-estado-1d1b-_JM
Excelente Depto Para Inversion En  Sector Centrico Sntiago,2500.0,102663450.0,47.0,53.19,83.0,2.0,1.0,0.0,Santiago,Santa Isabel,2026-09-28,2026-09-27,https://www.portalinmobiliario.com/MLC-4522127822-excelente-depto-para-inversion-en-sector-centrico-sntiago-_JM
Oportunidad Venta Dpto Sta Rosa Dpto 2d+2b+e  (176718),2500.0,102663450.0,47.0,53.19,75.0,2.0,1.0,100000.0,Santiago,Bulnes,2026-09-24,2026-09-23,https://www.portalinmobiliario.com/MLC-4510753704-oportunidad-venta-dpto-sta-rosa-dpto-2d2be-176718-_JM
Departamento En Venta De 1 Dorm. En Santiago,1490.0,61187416.0,28.0,53.21,74.0,1.0,0.0,45000.0,Santiago,San Diego Esquina Eleuterio Ramírez,2026-10-01,,https://www.portalinmobiliario.com/MLC-2285749383-departamento-en-venta-de-1-dorm-en-santiago-_JM
Muy Buen Departamento Para Inversion,1436.7,59000000.0,27.0,53.21,72.0,1.0,0.0,55000.0,Santiago,Centro Histórico De Santiago,2026-09-24,2026-09-23,https://www.portalinmobiliario.com/MLC-4510768024-muy-buen-departamento-para-inversion-_JM
Dpto 1d Y 1b Cerca Parque Almagro (171626),1490.0,61187416.0,28.0,53.21,74.0,1.0,0.0,100000.0,Santiago,San Diego,2026-09-21,2026-09-21,https://www.portalinmobiliario.com/MLC-4499770696-dpto-1d-y-1b-cerca-parque-almagro-171626-_JM
Vendemos  Excelente Departamento En Calle Catedral,1650.0,67757877.0,31.0,53.23,74.0,2.0,0.0,54000.0,Santiago,Centro Histórico De Santiago,2026-09-23,2026-09-22,https://www.portalinmobiliario.com/MLC-2268754497-vendemos-excelente-departamento-en-calle-catedral-_JM
Vendo Hermoso Departamento Santiago Centro Vicuña Mackena...,3300.0,135515754.0,62.0,53.23,65.0,3.0,0.0,110000.0,Santiago,Santa Isabel,2026-10-01,2026-10-01,https://www.portalinmobiliario.com/MLC-4528545686-vendo-hermoso-departamento-santiago-centro-vicuna-mackena-_JM
Departamento En Venta En Santiago,3300.0,135515754.0,62.0,53.23,48.0,2.0,0.0,97000.0,Santiago,Barrio República,2026-09-26,2026-09-25,https://www.portalinmobiliario.com/MLC-2275960097-departamento-en-venta-en-santiago-_JM
Departamento San Diego Id: 139513,1970.0,80898799.0,37.0,53.24,72.0,2.0,0.0,0.0,Santiago,Parque O'Higgins,2026-09-25,2026-09-24,https://www.portalinmobiliario.com/MLC-2274112973-departamento-san-diego-id-139513-_JM
Depto 1 Dormitorio Metro Sta Ana (no Estudio) (76357),1600.0,65704608.0,30.0,53.33,72.0,1.0,0.0,60000.0,Santiago,Centro Histórico De Santiago,2026-09-27,2026-09-26,https://www.portalinmobiliario.com/MLC-4517563392-depto-1-dormitorio-metro-sta-ana-no-estudio-76357-_JM
"A Pasos Del Metro Parque O´higgins, Excelente Inversión",1600.0,65704608.0,30.0,53.33,74.0,1.0,0.0,66000.0,Santiago,Parque Almagro,2026-10-01,,https://www.portalinmobiliario.com/MLC-2283604247-a-pasos-del-metro-parque-ohiggins-excelente-inversion-_JM
San Isidro (piso 23),1600.0,65704608.0,30.0,53.33,83.0,1.0,0.0,,Santiago,Santa Isabel,2026-09-21,2026-09-21,https://www.portalinmobiliario.com/MLC-4499467408-san-isidro-piso-23-_JM
Barrio Brasil (74804),1600.0,65704608.0,30.0,53.33,66.0,1.0,0.0,80000.0,Santiago,Parque Los Reyes,2026-09-21,2026-09-21,https://www.portalinmobiliario.com/MLC-2261826553-barrio-brasil-74804-_JM
"1d Amplio De 45 M2 Con Terraza, Estacionamiento Y Bodega",2400.0,98556912.0,45.0,53.33,71.0,1.0,1.0,75000.0,Santiago,Centro Histórico De Santiago,2026-10-01,2026-10-01,https://www.portalinmobiliario.com/MLC-2288566051-1d-amplio-de-45-m2-con-terraza-estacionamiento-y-bodega-_JM
Departamento D.paraguay Y V. Mackenna 1d Precio Oportunidad,1600.0,65704608.0,30.0,53.33,83.0,1.0,0.0,100000.0,Santiago,Santa Isabel,2026-09-28,2026-09-27,https://www.portalinmobiliario.com/MLC-4522104280-departamento-dparaguay-y-v-mackenna-1d-precio-oportunidad-_JM
Excelente 2d1b Con Terraza En Santiago,2352.0,96585774.0,44.0,53.45,75.0,2.0,1.0,85000.0,Santiago,San Diego,2026-09-27,2026-09-26,https://www.portalinmobiliario.com/MLC-2278342635-excelente-2d1b-con-terraza-en-santiago-_JM
Excelente 2d1b Con Terraza En Santiago,2352.0,96585774.0,44.0,53.45,75.0,2.0,1.0,85000.0,Santiago,San Diego,2026-09-27,2026-09-26,https://www.portalinmobiliario.com/MLC-2278809273-excelente-2d1b-con-terraza-en-santiago-_JM
"Oportunidad , Buena Inversión Y Plusvalía.",1550.0,63651339.0,29.0,53.45,83.0,1.0,0.0,70000.0,Santiago,Bogotá - Sierra Bella,2026-09-25,2026-09-24,https://www.portalinmobiliario.com/MLC-2274111355-oportunidad-buena-inversion-y-plusvalia-_JM
Parque O´higgins (119902),1550.0,63651339.0,29.0,53.45,72.0,1.0,0.0,50000.0,Santiago,Parque O'Higgins,2026-09-25,2026-09-24,https://www.portalinmobiliario.com/MLC-2274572807-parque-ohiggins-119902-_JM
Venta Departamento Santiago 2 Dormitorios 2 Baños,2191.6,90000000.0,41.0,53.45,83.0,2.0,0.0,115000.0,Santiago,Santa Isabel,2026-09-22,2026-09-21,https://www.portalinmobiliario.com/MLC-2265361071-venta-departamento-santiago-2-dormitorios-2-banos-_JM
"Remodelado 3d 2b, 72 M2, Con Estacionamiento Y Bodega",3850.0,158101713.0,72.0,53.47,65.0,3.0,1.0,130000.0,Santiago,Santa Isabel,2026-10-01,2026-10-01,https://www.portalinmobiliario.com/MLC-4530711614-remodelado-3d-2b-72-m2-con-estacionamiento-y-bodega-_JM
Dpto Tipo Estudio En Venta  1 Baño Santiago,1230.0,50510417.0,23.0,53.48,83.0,1.0,0.0,57000.0,Santiago,Barrio Diez De Julio,2026-09-22,2026-09-21,https://www.portalinmobiliario.com/MLC-4505357566-dpto-tipo-estudio-en-venta-1-bano-santiago-_JM
Venta Departamento En Catedral 1310,2300.0,94450374.0,43.0,53.49,73.0,1.0,0.0,65000.0,Santiago,Centro Histórico De Santiago,2026-09-18,2026-09-18,https://www.portalinmobiliario.com/MLC-4491018548-venta-departamento-en-catedral-1310-_JM
Vive Cerca De Todo Sin Renunciar Al Espacio 3d 2b 1e 1b,4018.0,165000000.0,75.0,53.57,51.0,3.0,1.0,100000.0,Santiago,Centro Histórico De Santiago,2026-09-23,2026-09-22,https://www.portalinmobiliario.com/MLC-2267455543-vive-cerca-de-todo-sin-renunciar-al-espacio-3d-2b-1e-1b-_JM
Amplio Departamento Con Parque Privados Condominio Cerrado,5250.0,215593245.0,98.0,53.57,94.0,4.0,1.0,130000.0,Providencia,Pedro De Valdivia,2026-10-01,2026-10-01,https://www.portalinmobiliario.com/MLC-4530110030-amplio-departamento-con-parque-privados-condominio-cerrado-_JM
Venta Depto. Con Excelente Conectividad  (154552),2250.0,92397105.0,42.0,53.57,75.0,2.0,1.0,100000.0,Santiago,Bulnes,2026-09-26,2026-09-25,https://www.portalinmobiliario.com/MLC-2276131523-venta-depto-con-excelente-conectividad-154552-_JM
Oferta $88.000.00 Pago En Efectivo.  2 Dorm / Santiago,2142.9,88000000.0,40.0,53.57,83.0,2.0,0.0,80000.0,Santiago,Santa Isabel,2026-10-01,2026-10-01,https://www.portalinmobiliario.com/MLC-4533649392-oferta-8800000-pago-en-efectivo-2-dorm-santiago-_JM
"Uf 1.500 Vendo Depto 28m2, Vista Oriente Metro Sta Isabel.",1500.0,61598070.0,28.0,53.57,83.0,1.0,0.0,50000.0,Santiago,Santa Isabel,2026-10-01,2026-09-22,https://www.portalinmobiliario.com/MLC-2288279805-uf-1500-vendo-depto-28m2-vista-oriente-metro-sta-isabel-_JM
Santa Victoria 492 Oportunidda A 2250 Uf,2250.0,92397105.0,42.0,53.57,83.0,1.0,1.0,100000.0,Santiago,Santa Isabel,2026-09-24,2026-09-23,https://www.portalinmobiliario.com/MLC-4510781890-santa-victoria-492-oportunidda-a-2250-uf-_JM
Se Venda Depto Muy Bien Ubicado,1500.0,61598070.0,28.0,53.57,74.0,1.0,0.0,40000.0,Santiago,Parque O'Higgins,2026-09-21,2026-09-21,https://www.portalinmobiliario.com/MLC-4498794902-se-venda-depto-muy-bien-ubicado-_JM
Departamento En Venta 2 Dormitorios 2 Baños Metro Sta Isabel,2680.0,110055218.0,50.0,53.6,83.0,2.0,0.0,95000.0,Santiago,Santa Isabel,2026-09-28,2026-09-27,https://www.portalinmobiliario.com/MLC-2282593965-departamento-en-venta-2-dormitorios-2-banos-metro-sta-isabel-_JM
"Vendo Acogedor Departamento, Excelente Ubicación, Santiago",2198.0,90261705.0,41.0,53.61,74.0,1.0,1.0,110000.0,Santiago,Parque Almagro,2026-10-01,,https://www.portalinmobiliario.com/MLC-4527535124-vendo-acogedor-departamento-excelente-ubicacion-santiago-_JM
Venta Departamento Santiago,2790.0,114572410.0,52.0,53.65,51.0,2.0,1.0,96000.0,Santiago,Centro Histórico De Santiago,2026-09-24,2026-09-23,https://www.portalinmobiliario.com/MLC-4510757186-venta-departamento-santiago-_JM
Departamento En Venta De 2 Dorm. En Santiago,2200.0,90343836.0,41.0,53.66,72.0,2.0,1.0,76000.0,Santiago,Centro Histórico De Santiago,2026-09-27,2026-09-26,https://www.portalinmobiliario.com/MLC-4517627454-departamento-en-venta-de-2-dorm-en-santiago-_JM
Departamento 2d2b En Santiago Con Excelente Conectividad,2845.0,116831006.0,53.0,53.68,65.0,2.0,0.0,80000.0,Santiago,Santa Isabel,2026-10-01,2026-09-20,https://www.portalinmobiliario.com/MLC-4531686852-departamento-2d2b-en-santiago-con-excelente-conectividad-_JM
Depto Vta Barrio Yungay Con Patio,4456.3,183000000.0,83.0,53.69,50.0,3.0,1.0,,Santiago,Barrio Yungay,2026-09-21,2026-09-21,https://www.portalinmobiliario.com/MLC-4499467548-depto-vta-barrio-yungay-con-patio-_JM
Por 1450 Uf Estudio En Santiago Centro Con Alta Demanda,1450.0,59544801.0,27.0,53.7,74.0,1.0,0.0,0.0,Santiago,Bulnes,2026-09-22,2026-09-21,https://www.portalinmobiliario.com/MLC-4505440918-por-1450-uf-estudio-en-santiago-centro-con-alta-demanda-_JM
¡oportunidad De Inversión En Santiago Centro!,1826.4,75000000.0,34.0,53.72,74.0,1.0,0.0,45000.0,Santiago,Centro Histórico De Santiago,2026-09-28,2026-09-27,https://www.portalinmobiliario.com/MLC-2280137689-oportunidad-de-inversion-en-santiago-centro-_JM
Departamento En Venta De 3 Dormitorios Amoblado,3652.7,150000000.0,68.0,53.72,,3.0,1.0,,Santiago,Centro Histórico De Santiago,2026-10-01,2026-09-19,https://www.portalinmobiliario.com/MLC-4525973114-departamento-en-venta-de-3-dormitorios-amoblado-_JM
Venta Departamento 1hab 1ba 1e Santiago,1720.0,70632454.0,32.0,53.75,68.0,1.0,1.0,85000.0,Santiago,Barrio República,2026-09-26,2026-09-25,https://www.portalinmobiliario.com/MLC-2276108701-venta-departamento-1hab-1ba-1e-santiago-_JM
Depto 2d 2b Y Bodega Barrio República,2688.0,110383741.0,50.0,53.76,68.0,2.0,0.0,95000.0,Santiago,Barrio República,2026-10-01,2026-09-18,https://www.portalinmobiliario.com/MLC-2283643307-depto-2d-2b-y-bodega-barrio-republica-_JM
"Santo Domingo 1d,estacionamiento,metro  (178340)",1990.0,81720106.0,37.0,53.78,73.0,1.0,1.0,70000.0,Santiago,Centro Histórico De Santiago,2026-09-21,2026-09-21,https://www.portalinmobiliario.com/MLC-2263574173-santo-domingo-1destacionamientometro-178340-_JM
Tu Nuevo Hogar En Santiago Centro 2d 1b 1e,2315.0,95066355.0,43.0,53.84,74.0,2.0,1.0,95000.0,Santiago,Centro Histórico De Santiago,2026-09-24,2026-09-23,https://www.portalinmobiliario.com/MLC-4510327508-tu-nuevo-hogar-en-santiago-centro-2d-1b-1e-_JM
Departamento En Venta En Las Condes,2800.4,115000000.0,52.0,53.85,159.0,3.0,1.0,0.0,Las Condes,El Remanso,2026-10-01,,https://www.portalinmobiliario.com/MLC-2290642683-departamento-en-venta-en-las-condes-_JM
Vergara | 42m2 | 1d+1b | Metro Toesca | Bodega | Climatizado,2100.0,86237298.0,39.0,53.85,74.0,1.0,0.0,100000.0,Santiago,Ejército - Toesca,2026-10-01,2026-10-01,https://www.portalinmobiliario.com/MLC-2288300253-vergara-42m2-1d1b-metro-toesca-bodega-climatizado-_JM
Departamento En Venta De 2 Dorm. En Santiago,2800.0,114983064.0,52.0,53.85,61.0,2.0,0.0,80000.0,Santiago,Bogotá - Sierra Bella,2026-09-19,2026-09-19,https://www.portalinmobiliario.com/MLC-2256945347-departamento-en-venta-de-2-dorm-en-santiago-_JM
Oportunidad/2d Y Bodega/metro Republica,2800.4,115000000.0,52.0,53.85,54.0,2.0,0.0,70000.0,Santiago,Ejército - Toesca,2026-09-22,2026-09-21,https://www.portalinmobiliario.com/MLC-2265361445-oportunidad2d-y-bodegametro-republica-_JM
Luminoso Y Práctico Departamento 2d 2b (172234),2749.0,112888730.0,51.0,53.9,75.0,2.0,0.0,120000.0,Santiago,Ejército - Toesca,2026-09-24,2026-09-23,https://www.portalinmobiliario.com/MLC-4510779702-luminoso-y-practico-departamento-2d-2b-172234-_JM
"Venta Bello Depto. 2d, 2b, 1e, 1bod. Santiago",3290.0,135105100.0,61.0,53.93,54.0,2.0,1.0,80000.0,Santiago,Parque Almagro,2026-09-23,2026-09-22,https://www.portalinmobiliario.com/MLC-2268768151-venta-bello-depto-2d-2b-1e-1bod-santiago-_JM
Vendemos Departamento Dúplex En Providencia,5400.0,221753052.0,100.0,54.0,94.0,3.0,0.0,130000.0,Providencia,Pedro De Valdivia,2026-09-23,2026-09-22,https://www.portalinmobiliario.com/MLC-2268793195-vendemos-departamento-duplex-en-providencia-_JM
Oportunidad Precio Parque 2 Dormitorios 1 B 1 Est,2700.0,110876526.0,50.0,54.0,66.0,2.0,1.0,100000.0,Santiago,Parque Los Reyes,2026-09-23,2026-09-22,https://www.portalinmobiliario.com/MLC-2268793847-oportunidad-precio-parque-2-dormitorios-1-b-1-est-_JM
"Se Vende Departamento Santiago, Metro Ñuble",2700.0,110876526.0,50.0,54.0,79.0,2.0,1.0,95000.0,Santiago,Bogotá - Sierra Bella,2026-09-28,2026-09-24,https://www.portalinmobiliario.com/MLC-4522118724-se-vende-departamento-santiago-metro-nuble-_JM
Oportunidad Santiago Centro | Estudio 25 M² | Metro Santa A,1350.0,55438263.0,25.0,54.0,73.0,1.0,0.0,60000.0,Santiago,Centro Histórico De Santiago,2026-09-21,2026-09-21,https://www.portalinmobiliario.com/MLC-4501523838-oportunidad-santiago-centro-estudio-25-m-metro-santa-a-_JM
Deptos.nuevos 2d+2b Desde Uf 2646 Compra Sin Iva!,2646.0,108658995.0,49.0,54.0,74.0,2.0,0.0,70000.0,Santiago,Centro Histórico De Santiago,2026-10-01,,https://www.portalinmobiliario.com/MLC-4526076948-deptosnuevos-2d2b-desde-uf-2646-compra-sin-iva-_JM
"Dpto En Venta, Metro U. De Chile, Estacionamiento",2216.0,91000000.0,41.0,54.05,,2.0,1.0,,Santiago,Bulnes,2026-10-01,2026-10-01,https://www.portalinmobiliario.com/MLC-2288308203-dpto-en-venta-metro-u-de-chile-estacionamiento-_JM
Av. Santa Isabel - Av. Portugal,3300.0,135515754.0,61.0,54.1,65.0,2.0,1.0,100000.0,Santiago,Santa Isabel,2026-09-26,2026-09-25,https://www.portalinmobiliario.com/MLC-2275659955-av-santa-isabel-av-portugal-_JM
Departamento En Venta En Santiago,2435.1,100000000.0,45.0,54.11,83.0,1.0,1.0,40000.0,Santiago,Santa Isabel,2026-09-23,2026-09-22,https://www.portalinmobiliario.com/MLC-2268767189-departamento-en-venta-en-santiago-_JM
"Excelente Ubicacion, Muy Buena Oport. Inversion",3409.2,140000000.0,63.0,54.11,54.0,2.0,1.0,140000.0,Santiago,San Diego,2026-09-28,2026-09-27,https://www.portalinmobiliario.com/MLC-4522150694-excelente-ubicacion-muy-buena-oport-inversion-_JM
Curico 372 1d/1b,1950.0,80077491.0,36.0,54.17,83.0,1.0,0.0,70000.0,Santiago,Santa Isabel,2026-09-29,2026-09-28,https://www.portalinmobiliario.com/MLC-2282597629-curico-372-1d1b-_JM
En Barrio Yungay Alta Demanda De Arriendo Y Conectividad,2600.0,106769988.0,48.0,54.17,66.0,2.0,0.0,120000.0,Santiago,Barrio Yungay,2026-09-24,2026-09-23,https://www.portalinmobiliario.com/MLC-4510783742-en-barrio-yungay-alta-demanda-de-arriendo-y-conectividad-_JM
Departamento En Santiago,2927.0,120198367.0,54.0,54.2,54.0,2.0,0.0,,Santiago,,2026-09-23,2026-09-22,https://www.portalinmobiliario.com/MLC-2267449307-departamento-en-santiago-_JM
Venta Luminoso Departamento En Barrio Civico Santiago,1790.0,73507030.0,33.0,54.24,74.0,1.0,0.0,70000.0,Santiago,Centro Histórico De Santiago,2026-10-01,2026-10-01,https://www.portalinmobiliario.com/MLC-4528512610-venta-luminoso-departamento-en-barrio-civico-santiago-_JM
Amunategui Esquina General Mackenna / Metro Cal Y Canto,1790.0,73507030.0,33.0,54.24,71.0,1.0,0.0,77000.0,Santiago,Centro Histórico De Santiago,2026-10-01,,https://www.portalinmobiliario.com/MLC-4526073908-amunategui-esquina-general-mackenna-metro-cal-y-canto-_JM
"Funcional, Cómodo Y Bien Conectado (l1 Y L3) (116092)",2550.0,104716719.0,47.0,54.26,75.0,2.0,1.0,120000.0,Santiago,San Diego,2026-09-24,2026-09-23,https://www.portalinmobiliario.com/MLC-4510753628-funcional-comodo-y-bien-conectado-l1-y-l3-116092-_JM
Oportunidad! Invierte A Pasos De Centro Médico Uc,1520.0,62419378.0,28.0,54.29,83.0,1.0,0.0,60000.0,Santiago,Santa Isabel,2026-09-21,2026-09-21,https://www.portalinmobiliario.com/MLC-4501913424-oportunidad-invierte-a-pasos-de-centro-medico-uc-_JM
"Estupendo Depto 1 Dormitorio, Metro Baquedano",1900.0,78024222.0,35.0,54.29,83.0,1.0,0.0,120000.0,Santiago,Barrio San Borja,2026-09-23,2026-09-22,https://www.portalinmobiliario.com/MLC-4505395116-estupendo-depto-1-dormitorio-metro-baquedano-_JM
Deptos.nuevos 2d+1b Desde Uf 2389 Compra Sin Iva!,2389.0,98105193.0,44.0,54.3,74.0,2.0,0.0,60000.0,Santiago,Centro Histórico De Santiago,2026-10-01,,https://www.portalinmobiliario.com/MLC-4525970978-deptosnuevos-2d1b-desde-uf-2389-compra-sin-iva-_JM
Departamento En Venta | 2d + Bodega | Santiago,2499.0,102622385.0,46.0,54.33,66.0,2.0,0.0,79000.0,Santiago,Parque Los Reyes,2026-09-24,2026-09-23,https://www.portalinmobiliario.com/MLC-4509176888-departamento-en-venta-2d-bodega-santiago-_JM
Departamento En Venta De 2 Dorm. En Santiago,2500.0,102663450.0,46.0,54.35,83.0,2.0,1.0,125000.0,Santiago,Barrio Diez De Julio,2026-10-01,2026-10-01,https://www.portalinmobiliario.com/MLC-2288282373-departamento-en-venta-de-2-dorm-en-santiago-_JM
Solo 7 Pisos : Tranquilidad Y Calidad De Vida  (179921),2990.0,122785486.0,55.0,54.36,65.0,2.0,1.0,120000.0,Santiago,Santa Isabel,2026-09-21,2026-09-21,https://www.portalinmobiliario.com/MLC-2262132371-solo-7-pisos-tranquilidad-y-calidad-de-vida-179921-_JM
"2 Dorms 55 M2 Estacionamiento, Bodega Metro Santa Ana",2990.0,122785486.0,55.0,54.36,53.0,2.0,1.0,80000.0,Santiago,Centro Histórico De Santiago,2026-09-21,2026-09-21,https://www.portalinmobiliario.com/MLC-2261624133-2-dorms-55-m2-estacionamiento-bodega-metro-santa-ana-_JM
"Metro Santa Ana, 2 Dorms 55 M2 Estacionamiento Y Bodega",2990.0,122785486.0,55.0,54.36,53.0,2.0,1.0,80000.0,Santiago,Centro Histórico De Santiago,2026-09-21,2026-09-21,https://www.portalinmobiliario.com/MLC-2261228169-metro-santa-ana-2-dorms-55-m2-estacionamiento-y-bodega-_JM
Departamento En Venta De 1d En Barrio Franklin,1522.0,62501508.0,28.0,54.36,72.0,1.0,0.0,70000.0,Santiago,Franklin - Biobío,2026-09-26,2026-09-25,https://www.portalinmobiliario.com/MLC-2275960433-departamento-en-venta-de-1d-en-barrio-franklin-_JM
Vendo Amplio Departamento En Providencia  A Pasos Del Met...,6200.0,254605356.0,114.0,54.39,91.0,4.0,0.0,260000.0,Providencia,Manuel Montt,2026-09-22,2026-09-22,https://www.portalinmobiliario.com/MLC-4502093202-vendo-amplio-departamento-en-providencia-a-pasos-del-met-_JM
Amplio Departamento En Venta - Santiago Centro,2556.9,105000000.0,47.0,54.4,75.0,2.0,0.0,60000.0,Santiago,San Diego,2026-09-25,2026-09-24,https://www.portalinmobiliario.com/MLC-4514087710-amplio-departamento-en-venta-santiago-centro-_JM
Venta Departamento 1hab 1ba / Metro Irarrazabal,1850.0,75970953.0,34.0,54.41,83.0,1.0,0.0,0.0,Santiago,Barrio Diez De Julio,2026-09-28,2026-09-27,https://www.portalinmobiliario.com/MLC-2282570321-venta-departamento-1hab-1ba-metro-irarrazabal-_JM
Depto Venta De 1 Dorm. En Santiago Barrio Brasil Inversión,1690.0,69400492.0,31.0,54.52,66.0,1.0,0.0,60000.0,Santiago,Barrio Brasil,2026-09-23,2026-09-22,https://www.portalinmobiliario.com/MLC-2267420741-depto-venta-de-1-dorm-en-santiago-barrio-brasil-inversion-_JM
Departamento Con Estacionamiento Y Bodega. Metro Rondizzoni.,1799.6,73900000.0,33.0,54.53,72.0,2.0,1.0,100000.0,Santiago,Parque O'Higgins,2026-10-01,,https://www.portalinmobiliario.com/MLC-2285773547-departamento-con-estacionamiento-y-bodega-metro-rondizzoni-_JM
Excelente Inversión Hospital Uc Christus,1800.0,73917684.0,33.0,54.55,83.0,1.0,0.0,70000.0,Santiago,Santa Isabel,2026-09-22,2026-09-21,https://www.portalinmobiliario.com/MLC-4505389886-excelente-inversion-hospital-uc-christus-_JM
Venta Departamento Estudio Con Bodega Santiago Centro,1200.0,49278456.0,22.0,54.55,72.0,1.0,0.0,55000.0,Santiago,Centro Histórico De Santiago,2026-09-26,2026-09-25,https://www.portalinmobiliario.com/MLC-4515644262-venta-departamento-estudio-con-bodega-santiago-centro-_JM
Departamento Cerca De Metro Diego De Almagro,2400.0,98556912.0,44.0,54.55,74.0,2.0,1.0,60000.0,Santiago,Bulnes,2026-09-22,2026-09-21,https://www.portalinmobiliario.com/MLC-2265348347-departamento-cerca-de-metro-diego-de-almagro-_JM
"Amplio Departamento En Venta, Ubicado En José Miguel Carrera",4200.0,172474596.0,77.0,54.55,54.0,3.0,0.0,200000.0,Santiago,Ejército - Toesca,2026-09-24,2026-09-23,https://www.portalinmobiliario.com/MLC-4510769828-amplio-departamento-en-venta-ubicado-en-jose-miguel-carrera-_JM
"Argomedo 11, 2dormitorios 1baño 1bodega",3000.0,123196140.0,55.0,54.55,65.0,2.0,0.0,182000.0,Santiago,Santa Isabel,2026-09-24,2026-09-23,https://www.portalinmobiliario.com/MLC-4509178990-argomedo-11-2dormitorios-1bano-1bodega-_JM
Venta Departamento 1 Habitación San Francisco (5174),1582.8,65000000.0,29.0,54.58,74.0,1.0,0.0,60000.0,Santiago,Bulnes,2026-10-01,,https://www.portalinmobiliario.com/MLC-4526093152-venta-departamento-1-habitacion-san-francisco-5174-_JM
Vende Depto 2dormitorios 1 Baño Santo Doingo,2731.0,112149553.0,50.0,54.62,74.0,2.0,1.0,,Santiago,Centro Histórico De Santiago,2026-09-24,2026-09-23,https://www.portalinmobiliario.com/MLC-4510756218-vende-depto-2dormitorios-1-bano-santo-doingo-_JM
Oportunidad Dueña Vende Impecable  Depto Familiar,2021.2,83000000.0,37.0,54.63,83.0,2.0,0.0,66000.0,Santiago,Barrio Diez De Julio,2026-09-25,2026-09-24,https://www.portalinmobiliario.com/MLC-2274580019-oportunidad-duena-vende-impecable-depto-familiar-_JM
Oportunidad Junto Al Metro Toesca 2d 2b Y Estacionamiento,2350.0,96503643.0,43.0,54.65,75.0,2.0,1.0,130000.0,Santiago,Ejército - Toesca,2026-09-26,2026-09-25,https://www.portalinmobiliario.com/MLC-4516303348-oportunidad-junto-al-metro-toesca-2d-2b-y-estacionamiento-_JM
Hermoso Deparamento En Metro Toesca (66078),4100.0,168368058.0,75.0,54.67,54.0,3.0,1.0,130000.0,Santiago,Ejército - Toesca,2026-10-01,2026-10-01,https://www.portalinmobiliario.com/MLC-4531684186-hermoso-deparamento-en-metro-toesca-66078-_JM
"Oportunidad, Remodelado, Santa Victoria, Lira (172887)",2300.0,94450374.0,42.0,54.76,83.0,1.0,0.0,95000.0,Santiago,Santa Isabel,2026-09-27,2026-09-26,https://www.portalinmobiliario.com/MLC-2277775217-oportunidad-remodelado-santa-victoria-lira-172887-_JM
Venta Depto. 2d-1b Metro Santa Ana,2300.0,94450374.0,42.0,54.76,71.0,2.0,0.0,80000.0,Santiago,Centro Histórico De Santiago,2026-09-18,2026-09-18,https://www.portalinmobiliario.com/MLC-4491578266-venta-depto-2d-1b-metro-santa-ana-_JM
Se Vende Departamento En Av. España 397 (153073),4000.0,164261520.0,73.0,54.79,48.0,3.0,1.0,0.0,Santiago,Barrio República,2026-09-25,2026-09-24,https://www.portalinmobiliario.com/MLC-4513357292-se-vende-departamento-en-av-espana-397-153073-_JM
Departamento En Venta De 2 Dorm. En Las Condes,3287.4,135000000.0,60.0,54.79,85.0,2.0,0.0,17000.0,Las Condes,El Remanso,2026-10-01,2026-10-01,https://www.portalinmobiliario.com/MLC-4528548296-departamento-en-venta-de-2-dorm-en-las-condes-_JM
Especial Credito Leasing Subsidio,2191.6,90000000.0,40.0,54.79,83.0,2.0,0.0,55000.0,Santiago,Barrio Diez De Julio,2026-09-22,2026-09-21,https://www.portalinmobiliario.com/MLC-2265326009-especial-credito-leasing-subsidio-_JM
Departamento En Calle Santo Domingo Esquina Amunategui,2850.0,117036333.0,52.0,54.81,53.0,2.0,1.0,135000.0,Santiago,Centro Histórico De Santiago,2026-09-24,2026-09-23,https://www.portalinmobiliario.com/MLC-2271035629-departamento-en-calle-santo-domingo-esquina-amunategui-_JM
Tu Hogar En Carmen Con Portugal A Pasos Santa Lucia,1590.0,65293954.0,29.0,54.83,83.0,1.0,0.0,70000.0,Santiago,Santa Isabel,2026-09-27,2026-09-26,https://www.portalinmobiliario.com/MLC-2278343271-tu-hogar-en-carmen-con-portugal-a-pasos-santa-lucia-_JM
Oportunidad 2d-2b Con Estacionamiento Y Bodega,2690.0,110465872.0,49.0,54.9,74.0,2.0,1.0,0.0,Santiago,Parque Almagro,2026-09-22,2026-09-21,https://www.portalinmobiliario.com/MLC-2265348561-oportunidad-2d-2b-con-estacionamiento-y-bodega-_JM
Hermoso Dpto 3dor+serv+bd Metro Manuel Montt,5490.0,225448936.0,100.0,54.9,94.0,4.0,0.0,,Providencia,Manuel Montt,2026-09-21,2026-09-21,https://www.portalinmobiliario.com/MLC-4501917338-hermoso-dpto-3dorservbd-metro-manuel-montt-_JM
Venta Depto Santa Victoria 2dor 2baños,2690.0,110465872.0,49.0,54.9,83.0,2.0,0.0,0.0,Santiago,Santa Isabel,2026-09-25,2026-09-24,https://www.portalinmobiliario.com/MLC-4513398394-venta-depto-santa-victoria-2dor-2banos-_JM
Departamento En Venta En Santiago,2800.0,114983064.0,51.0,54.9,74.0,2.0,0.0,0.0,Santiago,Parque Almagro,2026-10-01,,https://www.portalinmobiliario.com/MLC-2290640241-departamento-en-venta-en-santiago-_JM
"2d 2b Orientación Norte, Piso 12, Estacionamiento Y Bodega",2800.0,114983064.0,51.0,54.9,74.0,2.0,1.0,120000.0,Santiago,Centro Histórico De Santiago,2026-10-01,2026-10-01,https://www.portalinmobiliario.com/MLC-2288565887-2d-2b-orientacion-norte-piso-12-estacionamiento-y-bodega-_JM
Venta 2 Dormit. Amplios  M. Irarrázaval,2800.4,115000000.0,51.0,54.91,,2.0,1.0,,Santiago,Bogotá - Sierra Bella,2026-09-22,2026-09-22,https://www.portalinmobiliario.com/MLC-2264466809-venta-2-dormit-amplios-m-irarrazaval-_JM
Depto En Venta En Calle Eleuterio Ramírez,3350.0,137569023.0,61.0,54.92,54.0,2.0,1.0,100000.0,Santiago,San Diego,2026-09-21,2026-09-21,https://www.portalinmobiliario.com/MLC-4499467420-depto-en-venta-en-calle-eleuterio-ramirez-_JM
Amplio 2d2b Con Terraza En Santiago,4068.0,167053966.0,74.0,54.97,61.0,2.0,0.0,115000.0,Santiago,Bogotá - Sierra Bella,2026-09-25,2026-09-24,https://www.portalinmobiliario.com/MLC-2274588067-amplio-2d2b-con-terraza-en-santiago-_JM
Oportunidad Única: Inversión Segura Y Rentabl (179910),1704.6,70000000.0,31.0,54.99,73.0,1.0,0.0,54000.0,Santiago,Barrio Brasil,2026-09-21,2026-09-21,https://www.portalinmobiliario.com/MLC-2261827459-oportunidad-unica-inversion-segura-y-rentabl-179910-_JM
"Studio Arrendado En Piso 17, Rentabilidad Bruta 6,6%",1100.0,45171918.0,20.0,55.0,71.0,1.0,0.0,0.0,Santiago,Centro Histórico De Santiago,2026-10-01,2026-10-01,https://www.portalinmobiliario.com/MLC-4530711932-studio-arrendado-en-piso-17-rentabilidad-bruta-66-_JM
Remodelado Y A Pasos Del Metro  Plaza Cumming,1650.0,67757877.0,30.0,55.0,66.0,1.0,0.0,50000.0,Santiago,Parque Los Reyes,2026-10-01,,https://www.portalinmobiliario.com/MLC-4526126600-remodelado-y-a-pasos-del-metro-plaza-cumming-_JM
Home Studio En Venta  Ideal Para Inversión  40 M² 2.250 Uf,2200.0,90343836.0,40.0,55.0,74.0,1.0,1.0,100000.0,Santiago,Ejército - Toesca,2026-10-01,2026-10-01,https://www.portalinmobiliario.com/MLC-2290689929-home-studio-en-venta-ideal-para-inversion-40-m-2250-uf-_JM
Venta Depto 1 Dorm En Santiago,2200.0,90343836.0,40.0,55.0,74.0,1.0,0.0,0.0,Santiago,Centro Histórico De Santiago,2026-09-24,2026-09-23,https://www.portalinmobiliario.com/MLC-4510785808-venta-depto-1-dorm-en-santiago-_JM
Angamos / Marín / Depto 2d-2b-1e,3300.0,135515754.0,60.0,55.0,65.0,2.0,1.0,170000.0,Santiago,Santa Isabel,2026-09-21,2026-09-21,https://www.portalinmobiliario.com/MLC-4499779428-angamos-marin-depto-2d-2b-1e-_JM
Se Vende Hermoso Dpro -1d-1b .bodega - Santa Victoria 210-sa,2200.0,90343836.0,40.0,55.0,83.0,1.0,0.0,60000.0,Santiago,Santa Isabel,2026-09-22,,https://www.portalinmobiliario.com/MLC-4501534580-se-vende-hermoso-dpro-1d-1b-bodega-santa-victoria-210-sa-_JM
Argomedo (piso 6),2970.9,122000000.0,54.0,55.02,65.0,2.0,0.0,,Santiago,Santa Isabel,2026-09-21,2026-09-21,https://www.portalinmobiliario.com/MLC-4500846194-argomedo-piso-6-_JM
Departamento De 2h En Santiago Centro,1266.3,52000000.0,23.0,55.06,68.0,2.0,0.0,50000.0,Santiago,Barrio República,2026-10-01,,https://www.portalinmobiliario.com/MLC-4531677900-departamento-de-2h-en-santiago-centro-_JM
Departamento En Venta En Providencia,5123.0,210377942.0,93.0,55.09,86.0,3.0,0.0,83000.0,Providencia,Diagonal Rancagua - José Manuel Infante,2026-09-18,2026-09-18,https://www.portalinmobiliario.com/MLC-4491474054-departamento-en-venta-en-providencia-_JM
"Depto. En Venta 2d/2b/est/bod, Sta. Elena, Metro Irarrázaval",2700.0,110876526.0,49.0,55.1,83.0,2.0,1.0,130000.0,Santiago,Barrio Diez De Julio,2026-09-22,2026-09-21,https://www.portalinmobiliario.com/MLC-2265325633-depto-en-venta-2d2bestbod-sta-elena-metro-irarrazaval-_JM
Oficina Con Opción Habitacional | Metro Manquehue,5900.0,242285742.0,107.0,55.14,99.0,3.0,0.0,230000.0,Las Condes,Nueva Las Condes,2026-09-23,2026-09-22,https://www.portalinmobiliario.com/MLC-4509220962-oficina-con-opcion-habitacional-metro-manquehue-_JM
Departamento En Caso Historico De Santiago,1875.1,77000000.0,34.0,55.15,83.0,1.0,0.0,140000.0,Santiago,Centro Histórico De Santiago,2026-09-24,2026-09-23,https://www.portalinmobiliario.com/MLC-4510781516-departamento-en-caso-historico-de-santiago-_JM
San Francisco Con Eleuterio Ramirez,1600.0,65704608.0,29.0,55.17,75.0,1.0,0.0,0.0,Santiago,Bulnes,2026-09-27,2026-09-26,https://www.portalinmobiliario.com/MLC-2278422985-san-francisco-con-eleuterio-ramirez-_JM
Vive En El Corazón De Santiago,1600.0,65704608.0,29.0,55.17,,1.0,0.0,,Santiago,Bulnes,2026-09-24,2026-09-24,https://www.portalinmobiliario.com/MLC-4509175882-vive-en-el-corazon-de-santiago-_JM
Homestudio En Venta A Pasos Del Metro Bellas Artes,1545.0,63446012.0,28.0,55.18,83.0,1.0,0.0,100000.0,Santiago,Centro Histórico De Santiago,2026-09-24,2026-09-23,https://www.portalinmobiliario.com/MLC-2270950821-homestudio-en-venta-a-pasos-del-metro-bellas-artes-_JM
Oportunidad Metro Irarrázaval 2d1b+bodega,2100.0,86237298.0,38.0,55.26,83.0,2.0,0.0,70000.0,Santiago,Barrio Diez De Julio,2026-10-01,2026-10-01,https://www.portalinmobiliario.com/MLC-4530698014-oportunidad-metro-irarrazaval-2d1bbodega-_JM
Departamento Estudio Santiago Centro Vista Despejada,1217.6,50000000.0,22.0,55.35,72.0,1.0,0.0,42000.0,Santiago,Centro Histórico De Santiago,2026-09-24,2026-09-23,https://www.portalinmobiliario.com/MLC-2270963111-departamento-estudio-santiago-centro-vista-despejada-_JM
Se Vende Departamento En Barrio Yungay,1550.0,63651339.0,28.0,55.36,66.0,1.0,0.0,0.0,Santiago,Parque Los Reyes,2026-09-26,2026-09-25,https://www.portalinmobiliario.com/MLC-2276132407-se-vende-departamento-en-barrio-yungay-_JM
Departamento En Venta De 2 Dorm. En Santiago,3100.0,127302678.0,56.0,55.36,65.0,2.0,1.0,80000.0,Santiago,Santa Isabel,2026-09-28,2026-09-27,https://www.portalinmobiliario.com/MLC-2282592741-departamento-en-venta-de-2-dorm-en-santiago-_JM
"Departamento Venta  2d/2b , Serrano, Santiago",3100.0,127302678.0,56.0,55.36,54.0,2.0,1.0,130000.0,Santiago,San Diego,2026-10-01,2026-10-01,https://www.portalinmobiliario.com/MLC-4533927388-departamento-venta-2d2b-serrano-santiago-_JM
!oportunidad! Venta Depto 1d+1b 30m² | Metro Bellas Artes,1663.0,68291727.0,30.0,55.43,73.0,1.0,0.0,0.0,Santiago,Centro Histórico De Santiago,2026-09-23,2026-09-22,https://www.portalinmobiliario.com/MLC-4506283634-oportunidad-venta-depto-1d1b-30m-metro-bellas-artes-_JM
Hogar Moderno En Santiago 1d 1b,1277.0,52440490.0,23.0,55.52,74.0,1.0,0.0,38000.0,Santiago,Bulnes,2026-09-24,2026-09-23,https://www.portalinmobiliario.com/MLC-4510314372-hogar-moderno-en-santiago-1d-1b-_JM
Metro Toesca  San Ignacio  Linda Vista Oriente,1777.7,73000000.0,32.0,55.55,75.0,1.0,0.0,110000.0,Santiago,Parque Almagro,2026-09-26,2026-09-25,https://www.portalinmobiliario.com/MLC-4515399654-metro-toesca-san-ignacio-linda-vista-oriente-_JM
Venta Departamento 2hab 2ba Santiago,3000.0,123196140.0,54.0,55.56,54.0,2.0,1.0,110000.0,Santiago,Parque Almagro,2026-09-26,2026-09-25,https://www.portalinmobiliario.com/MLC-4514956918-venta-departamento-2hab-2ba-santiago-_JM
Departamento 2d 2b Con Linda Vista A La Torre Entel,2778.0,114079626.0,50.0,55.56,72.0,2.0,1.0,90000.0,Santiago,Parque Los Reyes,2026-09-29,2026-09-28,https://www.portalinmobiliario.com/MLC-2282590289-departamento-2d-2b-con-linda-vista-a-la-torre-entel-_JM
Inversionistas: Departamento En Venta De 1 Dorm. En Santiago,1500.0,61598070.0,27.0,55.56,83.0,1.0,0.0,0.0,Santiago,Santa Isabel,2026-09-18,2026-09-18,https://www.portalinmobiliario.com/MLC-4491447684-inversionistas-departamento-en-venta-de-1-dorm-en-santiago-_JM
Departamento Domeyko Id: 32123,5000.0,205326900.0,90.0,55.56,49.0,4.0,0.0,180000.0,Santiago,Barrio República,2026-09-23,2026-09-22,https://www.portalinmobiliario.com/MLC-2267405399-departamento-domeyko-id-32123-_JM
Impecable! 1d+1b+terraza - Barrio República,2000.0,82130760.0,36.0,55.56,68.0,1.0,0.0,77000.0,Santiago,Barrio República,2026-09-28,2026-09-27,https://www.portalinmobiliario.com/MLC-4522113902-impecable-1d1bterraza-barrio-republica-_JM
"Dpto 1d, 1b Exento Contrib., Airbnb,  Portugal- Santa Isabel",2000.0,82130760.0,36.0,55.56,83.0,1.0,0.0,85000.0,Santiago,Santa Isabel,2026-10-01,2026-10-01,https://www.portalinmobiliario.com/MLC-2288560031-dpto-1d-1b-exento-contrib-airbnb-portugal-santa-isabel-_JM
Bello Departamento Lord Cochrane (63335),1500.0,61598070.0,27.0,55.56,75.0,,0.0,55000.0,Santiago,Bulnes,2026-09-25,2026-09-24,https://www.portalinmobiliario.com/MLC-2274561183-bello-departamento-lord-cochrane-63335-_JM
Venta Departamento Santiago 2 Do 1 Ba,2500.0,102663450.0,45.0,55.56,73.0,2.0,0.0,0.0,Santiago,Barrio Brasil,2026-09-22,2026-09-21,https://www.portalinmobiliario.com/MLC-2265326867-venta-departamento-santiago-2-do-1-ba-_JM
Depto.2d+1b | Nataniel Cox/coquimbo,2390.0,98146258.0,43.0,55.58,75.0,2.0,0.0,93000.0,Santiago,Parque Almagro,2026-09-25,2026-09-24,https://www.portalinmobiliario.com/MLC-4513389972-depto2d1b-nataniel-coxcoquimbo-_JM
Departamento En Venta De 1 Dorm. En Santiago,1556.1,63900000.0,28.0,55.58,71.0,1.0,0.0,45000.0,Santiago,Centro Histórico De Santiago,2026-10-01,,https://www.portalinmobiliario.com/MLC-2290654745-departamento-en-venta-de-1-dorm-en-santiago-_JM
Venta Dpto Frente  Del Metro Almagro Con Estacionamiento,2950.0,121142871.0,53.0,55.66,54.0,2.0,1.0,0.0,Santiago,Parque Almagro,2026-09-25,2026-09-24,https://www.portalinmobiliario.com/MLC-2274562145-venta-dpto-frente-del-metro-almagro-con-estacionamiento-_JM
Depto San Pablo 2966 55m2 3d 1b 2 + Estacionamiento + Bodega,2950.0,121142871.0,53.0,55.66,47.0,3.0,1.0,150000.0,Santiago,Barrio Yungay,2026-09-28,2026-09-27,https://www.portalinmobiliario.com/MLC-4520099158-depto-san-pablo-2966-55m2-3d-1b-2-estacionamiento-bodega-_JM
Excelente Oportunidda De Inversion,1670.0,68579185.0,30.0,55.67,75.0,1.0,0.0,55000.0,Santiago,Parque O'Higgins,2026-09-24,2026-09-23,https://www.portalinmobiliario.com/MLC-4510796392-excelente-oportunidda-de-inversion-_JM
2 Dormitorios En Providencia,5400.0,221753052.0,97.0,55.67,94.0,2.0,0.0,330000.0,Providencia,Los Leones,2026-09-23,2026-09-22,https://www.portalinmobiliario.com/MLC-2268767051-2-dormitorios-en-providencia-_JM
2d 1b En Santiago Centro Con Estacionamiento,2450.0,100610181.0,44.0,55.68,83.0,2.0,1.0,110000.0,Santiago,Santa Isabel,2026-09-24,2026-09-23,https://www.portalinmobiliario.com/MLC-4510301326-2d-1b-en-santiago-centro-con-estacionamiento-_JM
Oportunidad! Departamento De 2 Dormitorios Y  (149001),2450.0,100610181.0,44.0,55.68,68.0,2.0,0.0,120000.0,Santiago,Barrio República,2026-09-28,2026-09-27,https://www.portalinmobiliario.com/MLC-4520042496-oportunidad-departamento-de-2-dormitorios-y-149001-_JM
Departamento Gorbea Id: 168711,1950.0,80077491.0,35.0,55.71,75.0,1.0,0.0,100000.0,Santiago,Ejército - Toesca,2026-09-25,2026-09-24,https://www.portalinmobiliario.com/MLC-2274581201-departamento-gorbea-id-168711-_JM
Departamento 2 Dormitorios 1 Baño,2118.6,87000000.0,38.0,55.75,83.0,2.0,0.0,98000.0,Santiago,Santa Isabel,2026-09-24,2026-09-23,https://www.portalinmobiliario.com/MLC-4510756542-departamento-2-dormitorios-1-bano-_JM
Departamento Vergara Id: 149617,2510.0,103074104.0,45.0,55.78,74.0,2.0,1.0,100000.0,Santiago,Ejército - Toesca,2026-09-19,2026-09-19,https://www.portalinmobiliario.com/MLC-2256985377-departamento-vergara-id-149617-_JM
Mario Kreutzberger Metro Sta Ana Y Municipalidad Santiago,1004.0,41229642.0,18.0,55.78,74.0,1.0,0.0,50000.0,Santiago,Centro Histórico De Santiago,2026-09-28,2026-09-27,https://www.portalinmobiliario.com/MLC-4522136846-mario-kreutzberger-metro-sta-ana-y-municipalidad-santiago-_JM
"Depto. 1305, 2 Dormitorios, 2 Baños, Metro Moneda",3180.0,130587908.0,57.0,55.79,54.0,2.0,0.0,90000.0,Santiago,Parque Almagro,2026-09-21,2026-09-21,https://www.portalinmobiliario.com/MLC-2262139401-depto-1305-2-dormitorios-2-banos-metro-moneda-_JM
Vendo Departamento Santa Isabel/lira,3350.0,137569023.0,60.0,55.83,65.0,3.0,0.0,,Santiago,Santa Isabel,2026-09-25,2026-09-24,https://www.portalinmobiliario.com/MLC-2274091423-vendo-departamento-santa-isabellira-_JM
"Departamento 2 Dormitorios, 1 Baño. General Jofré 333",2680.0,110055218.0,48.0,55.83,83.0,2.0,0.0,80000.0,Santiago,Santa Isabel,2026-09-24,2026-09-23,https://www.portalinmobiliario.com/MLC-2271041235-departamento-2-dormitorios-1-bano-general-jofre-333-_JM
Excelente Oportunidad De Compra,1620.0,66525916.0,29.0,55.86,73.0,1.0,0.0,70000.0,Santiago,Centro Histórico De Santiago,2026-09-21,2026-09-21,https://www.portalinmobiliario.com/MLC-2262138119-excelente-oportunidad-de-compra-_JM
Tu Primer Depto En Santiago Centro 1d1b 78 Millones,1899.4,78000000.0,34.0,55.86,83.0,1.0,0.0,0.0,Santiago,Barrio San Borja,2026-09-25,2026-09-24,https://www.portalinmobiliario.com/MLC-4510755136-tu-primer-depto-en-santiago-centro-1d1b-78-millones-_JM
Cercano Metro Moneda,3800.0,156048444.0,68.0,55.88,54.0,3.0,1.0,180000.0,Santiago,Bulnes,2026-09-21,2026-09-21,https://www.portalinmobiliario.com/MLC-2261717975-cercano-metro-moneda-_JM
Moderno Depto En Fray Camilo Henríquez 1d1b,2515.0,103279431.0,45.0,55.89,83.0,1.0,0.0,55000.0,Santiago,Barrio Diez De Julio,2026-10-01,2026-09-20,https://www.portalinmobiliario.com/MLC-4531686850-moderno-depto-en-fray-camilo-henriquez-1d1b-_JM
Departamento En Venta De 2 Dorm. En Providencia,5090.0,209022784.0,91.0,55.93,80.0,2.0,0.0,90000.0,Providencia,Plaza Italia,2026-10-01,,https://www.portalinmobiliario.com/MLC-4526097796-departamento-en-venta-de-2-dorm-en-providencia-_JM
Metro U De Chile Con Terraza,1510.0,62008724.0,27.0,55.93,74.0,1.0,0.0,35000.0,Santiago,Bulnes,2026-10-01,2026-10-01,https://www.portalinmobiliario.com/MLC-2290684023-metro-u-de-chile-con-terraza-_JM
Estudio Metro Parque Bustamante,1510.0,62008724.0,27.0,55.93,83.0,1.0,0.0,60000.0,Santiago,Santa Isabel,2026-09-24,2026-09-23,https://www.portalinmobiliario.com/MLC-4510762398-estudio-metro-parque-bustamante-_JM
Depto 1d 1b En Matucana  1.810 Uf (143600),1790.0,73507030.0,32.0,55.94,66.0,1.0,0.0,75000.0,Santiago,Parque Los Reyes,2026-10-01,2026-10-01,https://www.portalinmobiliario.com/MLC-4531657924-depto-1d-1b-en-matucana-1810-uf-143600-_JM
"Inversionistas, Venta 1d1b, Santiago Centro (143838)",1790.0,73507030.0,32.0,55.94,71.0,1.0,0.0,58000.0,Santiago,Centro Histórico De Santiago,2026-10-01,2026-10-01,https://www.portalinmobiliario.com/MLC-4531683822-inversionistas-venta-1d1b-santiago-centro-143838-_JM
Departamento General Bulnes Id: 45313,2800.0,114983064.0,50.0,56.0,66.0,2.0,0.0,96000.0,Santiago,Barrio Yungay,2026-09-25,2026-09-24,https://www.portalinmobiliario.com/MLC-2274126319-departamento-general-bulnes-id-45313-_JM
Departamento En Venta En Santiago,2800.0,114983064.0,50.0,56.0,,2.0,0.0,,Santiago,Santa Isabel,2026-10-01,2026-10-01,https://www.portalinmobiliario.com/MLC-4528528144-departamento-en-venta-en-santiago-_JM
Av. Vicuña Mackenna / Metro Baquedano,5100.0,209433438.0,91.0,56.04,80.0,2.0,0.0,120000.0,Providencia,Plaza Italia,2026-10-01,,https://www.portalinmobiliario.com/MLC-4525966522-av-vicuna-mackenna-metro-baquedano-_JM
Venta Dpto 1d-1b Lira 140,1850.0,75970953.0,33.0,56.06,,1.0,0.0,,Santiago,Santa Isabel,2026-09-21,2026-09-21,https://www.portalinmobiliario.com/MLC-4501916934-venta-dpto-1d-1b-lira-140-_JM
"Metro Irarrázaval, 2d Amplios Y 2b, Con Estac. Y Bodega",3141.3,129000000.0,56.0,56.09,65.0,2.0,0.0,100000.0,Santiago,Bogotá - Sierra Bella,2026-10-01,2026-10-01,https://www.portalinmobiliario.com/MLC-4531687018-metro-irarrazaval-2d-amplios-y-2b-con-estac-y-bodega-_JM
Depto Centrico 1 Dormitorio 1 Baño Estac.y Bod,2190.0,89933182.0,39.0,56.15,83.0,1.0,1.0,1.0,Santiago,Santa Isabel,2026-09-21,2026-09-21,https://www.portalinmobiliario.com/MLC-2262139185-depto-centrico-1-dormitorio-1-bano-estacy-bod-_JM
"Venta Dpto. En Edificio Grajales 2045, Santiago",4383.3,180000000.0,78.0,56.2,54.0,3.0,1.0,85500.0,Santiago,Ejército - Toesca,2026-09-20,2026-09-20,https://www.portalinmobiliario.com/MLC-2259883731-venta-dpto-en-edificio-grajales-2045-santiago-_JM
Parque Almagro/ Santa Isabel / Palacio Cousiño,1799.0,73876619.0,32.0,56.22,74.0,1.0,0.0,70000.0,Santiago,San Diego,2026-09-22,2026-09-21,https://www.portalinmobiliario.com/MLC-2265352623-parque-almagro-santa-isabel-palacio-cousino-_JM
"Dúplex, Av. Santa Rosa, Metro Santa Lucia   (172668)",2250.0,92397105.0,40.0,56.25,75.0,1.0,0.0,60000.0,Santiago,Bulnes,2026-09-26,2026-09-25,https://www.portalinmobiliario.com/MLC-2276119287-duplex-av-santa-rosa-metro-santa-lucia-172668-_JM
Vende Dpto Un Dormitorio Moneda / Ricardo Cuming,1744.0,71618023.0,31.0,56.26,66.0,1.0,0.0,57000.0,Santiago,Barrio Brasil,2026-09-26,2026-09-25,https://www.portalinmobiliario.com/MLC-2275650335-vende-dpto-un-dormitorio-moneda-ricardo-cuming-_JM
Excelente Ubicación 2d2b En Santiago,3324.0,136501323.0,59.0,56.34,61.0,2.0,0.0,90000.0,Santiago,Bogotá - Sierra Bella,2026-09-27,2026-09-26,https://www.portalinmobiliario.com/MLC-2277779675-excelente-ubicacion-2d2b-en-santiago-_JM
Departamento En Venta De 1 Dorm. En Santiago,1803.0,74040880.0,32.0,56.34,74.0,1.0,0.0,85000.0,Santiago,Parque O'Higgins,2026-09-23,2026-09-22,https://www.portalinmobiliario.com/MLC-2268753337-departamento-en-venta-de-1-dorm-en-santiago-_JM
Lindo Depto Tipo Mariposa A Pasos De Metro,3043.9,125000000.0,54.0,56.37,53.0,2.0,1.0,80000.0,Santiago,Centro Histórico De Santiago,2026-09-21,2026-09-21,https://www.portalinmobiliario.com/MLC-4499773064-lindo-depto-tipo-mariposa-a-pasos-de-metro-_JM
Dpto A Excelente Precio 2d 2b,3043.9,125000000.0,54.0,56.37,65.0,2.0,1.0,100000.0,Santiago,Santa Isabel,2026-09-21,2026-09-21,https://www.portalinmobiliario.com/MLC-2262139397-dpto-a-excelente-precio-2d-2b-_JM
Carmen/sta Vict Dpto 2d+2b+est+bd,2650.0,108823257.0,47.0,56.38,83.0,2.0,1.0,99000.0,Santiago,Santa Isabel,2026-09-23,2026-09-22,https://www.portalinmobiliario.com/MLC-4505445344-carmensta-vict-dpto-2d2bestbd-_JM
Depto 1d/1b/  En Venta Santiago Centro,2142.9,88000000.0,38.0,56.39,74.0,1.0,0.0,85000.0,Santiago,Centro Histórico De Santiago,2026-09-23,2026-09-22,https://www.portalinmobiliario.com/MLC-2268780315-depto-1d1b-en-venta-santiago-centro-_JM
"Oportunidad Depto En Venta 1d,1b 38m2",2142.9,88000000.0,38.0,56.39,74.0,1.0,0.0,95000.0,Santiago,Centro Histórico De Santiago,2026-09-23,2026-09-22,https://www.portalinmobiliario.com/MLC-2268793355-oportunidad-depto-en-venta-1d1b-38m2-_JM
Vive El Confort En Un Entorno Privilegiado (132412),2200.0,90343836.0,39.0,56.41,74.0,2.0,0.0,120000.0,Santiago,Centro Histórico De Santiago,2026-09-28,2026-09-27,https://www.portalinmobiliario.com/MLC-4520029806-vive-el-confort-en-un-entorno-privilegiado-132412-_JM
"Vendo Departamento 2d 2b Est Y Bod , En Santiago",2938.0,120650086.0,52.0,56.5,65.0,2.0,1.0,120000.0,Santiago,Santa Isabel,2026-10-01,2026-09-18,https://www.portalinmobiliario.com/MLC-2283604429-vendo-departamento-2d-2b-est-y-bod-en-santiago-_JM
"Venta Departamento 2d,2b +estac, Metro U. De Chile, Santiago",2600.0,106769988.0,46.0,56.52,74.0,2.0,1.0,120000.0,Santiago,Bulnes,2026-09-23,2026-09-22,https://www.portalinmobiliario.com/MLC-2268100379-venta-departamento-2d2b-estac-metro-u-de-chile-santiago-_JM
Departamento En Venta En Santiago,1639.0,67306158.0,29.0,56.52,83.0,1.0,0.0,54000.0,Santiago,Bogotá - Sierra Bella,2026-09-21,2026-09-21,https://www.portalinmobiliario.com/MLC-4499771858-departamento-en-venta-en-santiago-_JM
Depto 1 Dorm Muy Seguro Con Metro Al Lado,1639.0,67306158.0,29.0,56.52,83.0,1.0,0.0,56000.0,Santiago,Bogotá - Sierra Bella,2026-09-22,2026-09-21,https://www.portalinmobiliario.com/MLC-4505363286-depto-1-dorm-muy-seguro-con-metro-al-lado-_JM
Venta Dpto Meiggs/ Stgo/ Ula /gorbea/bascuñan (144608),5540.0,227502205.0,98.0,56.53,49.0,3.0,0.0,1.0,Santiago,Meiggs,2026-09-25,2026-09-24,https://www.portalinmobiliario.com/MLC-4513395528-venta-dpto-meiggs-stgo-ula-gorbeabascunan-144608-_JM
Departamento 2d 2b Estacionamiento Y Bodega,2999.0,123155075.0,53.0,56.58,,2.0,1.0,,Santiago,Santa Isabel,2026-09-26,2026-09-26,https://www.portalinmobiliario.com/MLC-2275704609-departamento-2d-2b-estacionamiento-y-bodega-_JM
Departamento Huérfanos Id: 146017,3000.0,123196140.0,53.0,56.6,53.0,2.0,1.0,160000.0,Santiago,Centro Histórico De Santiago,2026-09-27,2026-09-26,https://www.portalinmobiliario.com/MLC-2278810585-departamento-huerfanos-id-146017-_JM
Últimos Días Cyber 3.300uf Metro Ñuble Limite Ñuñoa/santiago,3399.0,139581227.0,60.0,56.65,61.0,2.0,1.0,120000.0,Santiago,Bogotá - Sierra Bella,2026-09-29,2026-09-24,https://www.portalinmobiliario.com/MLC-4523740932-ultimos-dias-cyber-3300uf-metro-nuble-limite-nunoasantiago-_JM
Vive En Santiago 2d 1b 1e,2437.0,100076331.0,43.0,56.67,74.0,2.0,1.0,110000.0,Santiago,Centro Histórico De Santiago,2026-09-24,2026-09-23,https://www.portalinmobiliario.com/MLC-4510339534-vive-en-santiago-2d-1b-1e-_JM
Inversion Segura Excelente Conectividad (165953),3400.0,139622292.0,60.0,56.67,53.0,2.0,1.0,165000.0,Santiago,Centro Histórico De Santiago,2026-09-26,2026-09-25,https://www.portalinmobiliario.com/MLC-2275959497-inversion-segura-excelente-conectividad-165953-_JM
Departamento Metro Toesca Barrio Universitario,1700.0,69811146.0,30.0,56.67,74.0,1.0,0.0,80000.0,Santiago,Parque Almagro,2026-09-22,2026-09-22,https://www.portalinmobiliario.com/MLC-4502087278-departamento-metro-toesca-barrio-universitario-_JM
Departamento En Venta De 3 Dorm. En Santiago,3290.0,135105100.0,58.0,56.72,65.0,3.0,1.0,120000.0,Santiago,Santa Isabel,2026-09-23,2026-09-22,https://www.portalinmobiliario.com/MLC-2268779727-departamento-en-venta-de-3-dorm-en-santiago-_JM
"Departamento 2 Dormitorios En Franklin, Santiago",4143.0,170133869.0,73.0,56.75,61.0,2.0,0.0,120000.0,Santiago,Bogotá - Sierra Bella,2026-10-01,2026-09-20,https://www.portalinmobiliario.com/MLC-4531660922-departamento-2-dormitorios-en-franklin-santiago-_JM
Departamento En Venta De 1 Dorm. En Santiago,2100.0,86237298.0,37.0,56.76,74.0,1.0,0.0,80000.0,Santiago,Centro Histórico De Santiago,2026-09-25,2026-09-24,https://www.portalinmobiliario.com/MLC-4513372134-departamento-en-venta-de-1-dorm-en-santiago-_JM
"Portugal, Metro Sta Isabel, 1 Dormitorio, 1 Baño, Piso 12",2100.0,86237298.0,37.0,56.76,83.0,1.0,0.0,50000.0,Santiago,Santa Isabel,2026-09-28,2026-09-27,https://www.portalinmobiliario.com/MLC-4522114836-portugal-metro-sta-isabel-1-dormitorio-1-bano-piso-12-_JM
Estupendo Depto En Santiago Centro,2100.0,86237298.0,37.0,56.76,83.0,1.0,1.0,0.0,Santiago,Santa Isabel,2026-09-21,2026-09-21,https://www.portalinmobiliario.com/MLC-2261829615-estupendo-depto-en-santiago-centro-_JM
Oportunidad! 1d/1b Estacionamiento Y Bodega,2100.0,86237298.0,37.0,56.76,73.0,1.0,1.0,,Santiago,Centro Histórico De Santiago,2026-09-21,2026-09-21,https://www.portalinmobiliario.com/MLC-4499776072-oportunidad-1d1b-estacionamiento-y-bodega-_JM
Venta Departamento 1dorm  Bodega  Ideal Primera Vivienda,1930.0,79256183.0,34.0,56.76,75.0,1.0,0.0,70000.0,Santiago,Ejército - Toesca,2026-09-26,2026-09-25,https://www.portalinmobiliario.com/MLC-2275652439-venta-departamento-1dorm-bodega-ideal-primera-vivienda-_JM
Venta Departamento 3 D + 2 B En Santa Elena - Santiago,3236.0,132887570.0,57.0,56.77,61.0,3.0,1.0,100000.0,Santiago,Bogotá - Sierra Bella,2026-10-01,,https://www.portalinmobiliario.com/MLC-4526100200-venta-departamento-3-d-2-b-en-santa-elena-santiago-_JM
Departamento Ideal Primera Vivienda O Inversion,1590.0,65293954.0,28.0,56.79,72.0,1.0,1.0,0.0,Santiago,Parque O'Higgins,2026-09-25,2026-09-24,https://www.portalinmobiliario.com/MLC-4514977168-departamento-ideal-primera-vivienda-o-inversion-_JM
"Con Estac-conexion Lavadora, Iluminado, M Moneda (184345)",2499.0,102622385.0,44.0,56.8,74.0,2.0,1.0,107000.0,Santiago,Bulnes,2026-10-01,,https://www.portalinmobiliario.com/MLC-4527522434-con-estac-conexion-lavadora-iluminado-m-moneda-184345-_JM
Oportunidad Depto En Venta Carmen 557 Stgo 1dorm 1baño,1704.6,70000000.0,30.0,56.82,83.0,1.0,0.0,55000.0,Santiago,Santa Isabel,2026-09-26,2026-09-25,https://www.portalinmobiliario.com/MLC-2275466471-oportunidad-depto-en-venta-carmen-557-stgo-1dorm-1bano-_JM
Metro Santa Lucia / Metro Parque Almagro / Parque Almagro,2500.0,102663450.0,44.0,56.82,83.0,2.0,0.0,0.0,Santiago,Santa Isabel,2026-09-22,2026-09-21,https://www.portalinmobiliario.com/MLC-4505436054-metro-santa-lucia-metro-parque-almagro-parque-almagro-_JM
"Departamento Remodelado, Parqué, Metro Manuel Montt, Soleado",7500.0,307990350.0,132.0,56.82,91.0,3.0,0.0,134000.0,Providencia,Manuel Montt,2026-09-18,2026-09-18,https://www.portalinmobiliario.com/MLC-4490117990-departamento-remodelado-parque-metro-manuel-montt-soleado-_JM
Excelente Departamento 2d/1 Baño Metro Toesca,2500.0,102663450.0,44.0,56.82,75.0,2.0,0.0,0.0,Santiago,Ejército - Toesca,2026-09-24,2026-09-23,https://www.portalinmobiliario.com/MLC-4510781784-excelente-departamento-2d1-bano-metro-toesca-_JM
En Venta 1 Dormitorio Portugal - Santiago.,1704.6,70000000.0,30.0,56.82,83.0,1.0,0.0,0.0,Santiago,Santa Isabel,2026-09-29,2026-09-28,https://www.portalinmobiliario.com/MLC-2282627141-en-venta-1-dormitorio-portugal-santiago-_JM
Metro Toesca,1990.0,81720106.0,35.0,56.86,74.0,1.0,0.0,65000.0,Santiago,Ejército - Toesca,2026-09-24,2026-09-23,https://www.portalinmobiliario.com/MLC-2271041445-metro-toesca-_JM
Excelente Dpto Metro Bellas Artes (171798),1990.0,81720106.0,35.0,56.86,83.0,1.0,0.0,70000.0,Santiago,Centro Histórico De Santiago,2026-09-22,2026-09-21,https://www.portalinmobiliario.com/MLC-2265343251-excelente-dpto-metro-bellas-artes-171798-_JM
"Impecable Dpto De 2d, 2b, Estacionam. Y Bd, Argomedo",2900.0,119089602.0,51.0,56.86,83.0,2.0,1.0,110000.0,Santiago,Santa Isabel,2026-09-27,2026-09-26,https://www.portalinmobiliario.com/MLC-4517589802-impecable-dpto-de-2d-2b-estacionam-y-bd-argomedo-_JM
Venta Departamento Santiago 2 Dormit 2 Baños Estacionamiento,2900.0,119089602.0,51.0,56.86,74.0,2.0,1.0,100000.0,Santiago,Centro Histórico De Santiago,2026-10-01,2026-10-01,https://www.portalinmobiliario.com/MLC-4531673390-venta-departamento-santiago-2-dormit-2-banos-estacionamiento-_JM
Departamento En Venta De 3 Dorm. En Santiago,3980.0,163440212.0,70.0,56.86,68.0,3.0,0.0,80000.0,Santiago,Santa Isabel,2026-09-23,2026-09-22,https://www.portalinmobiliario.com/MLC-2268779733-departamento-en-venta-de-3-dorm-en-santiago-_JM
Lindo Y Comodo Depto/ 2d 2 Baños,3300.0,135515754.0,58.0,56.9,65.0,2.0,1.0,120000.0,Santiago,Bogotá - Sierra Bella,2026-09-24,2026-09-23,https://www.portalinmobiliario.com/MLC-4510325622-lindo-y-comodo-depto-2d-2-banos-_JM
¡oportunidad De Inversión / Gran Plusvalía  / Metro Ñuble,1708.0,70139669.0,30.0,56.93,79.0,1.0,0.0,100000.0,Santiago,Bogotá - Sierra Bella,2026-10-01,,https://www.portalinmobiliario.com/MLC-2285760215-oportunidad-de-inversion-gran-plusvalia-metro-nuble-_JM
Cercano A Estaciones De Metro (171276),2790.0,114572410.0,49.0,56.94,74.0,2.0,0.0,120000.0,Santiago,Bulnes,2026-09-19,2026-09-19,https://www.portalinmobiliario.com/MLC-2256985527-cercano-a-estaciones-de-metro-171276-_JM
Depto En Venta 2 Dorm 2 Baños Sector Santa Isabel Inversión,2395.0,98351585.0,42.0,57.02,83.0,2.0,0.0,70000.0,Santiago,Santa Isabel,2026-09-23,2026-09-22,https://www.portalinmobiliario.com/MLC-2267430527-depto-en-venta-2-dorm-2-banos-sector-santa-isabel-inversion-_JM
Cómodo Departamento A Pasos Metro Toesca,2167.3,89000000.0,38.0,57.03,75.0,1.0,0.0,100000.0,Santiago,Parque Almagro,2026-09-28,2026-09-27,https://www.portalinmobiliario.com/MLC-2279851043-comodo-departamento-a-pasos-metro-toesca-_JM
Oferta Solo Hasta Noviembre Aproveche Precioso Depto,2167.3,89000000.0,38.0,57.03,83.0,1.0,0.0,0.0,Santiago,Santa Isabel,2026-09-26,2026-09-25,https://www.portalinmobiliario.com/MLC-4515183888-oferta-solo-hasta-noviembre-aproveche-precioso-depto-_JM
Excelente 1d1b Con Terraza En Santiago,2112.0,86730083.0,37.0,57.08,74.0,1.0,0.0,55000.0,Santiago,Parque O'Higgins,2026-10-01,2026-09-18,https://www.portalinmobiliario.com/MLC-2283591275-excelente-1d1b-con-terraza-en-santiago-_JM
"Departamento En Barrio Universitario Metro Toesca, Santiago",2000.0,82130760.0,35.0,57.14,74.0,1.0,0.0,80000.0,Santiago,Ejército - Toesca,2026-09-23,2026-09-22,https://www.portalinmobiliario.com/MLC-2268114533-departamento-en-barrio-universitario-metro-toesca-santiago-_JM
Departamento En Venta De 1 Dorm. En Santiago Con Estac Y Bod,2000.0,82130760.0,35.0,57.14,83.0,1.0,1.0,60000.0,Santiago,Bogotá - Sierra Bella,2026-09-24,2026-09-23,https://www.portalinmobiliario.com/MLC-2270962093-departamento-en-venta-de-1-dorm-en-santiago-con-estac-y-bod-_JM
Depto Studio 21 M2 Remodelado En Santiago,1200.0,49278456.0,21.0,57.14,74.0,1.0,0.0,50000.0,Santiago,Centro Histórico De Santiago,2026-09-24,2026-09-23,https://www.portalinmobiliario.com/MLC-4510764696-depto-studio-21-m2-remodelado-en-santiago-_JM
Departamento En Venta De 1 Dorm. En Santiago,2000.0,82130760.0,35.0,57.14,73.0,1.0,0.0,60.0,Santiago,Centro Histórico De Santiago,2026-09-21,2026-09-21,https://www.portalinmobiliario.com/MLC-2262138509-departamento-en-venta-de-1-dorm-en-santiago-_JM
En Venta Depto 1d1b Con Estacionamiento Y Bod (179850),2000.0,82130760.0,35.0,57.14,79.0,1.0,1.0,60000.0,Santiago,Bogotá - Sierra Bella,2026-09-23,2026-09-22,https://www.portalinmobiliario.com/MLC-4509220062-en-venta-depto-1d1b-con-estacionamiento-y-bod-179850-_JM
Venta De 8 Departamentos Oportunidad Inversionistas,1600.0,65704608.0,28.0,57.14,74.0,1.0,0.0,60000.0,Santiago,San Diego,2026-10-01,2026-09-18,https://www.portalinmobiliario.com/MLC-2283590953-venta-de-8-departamentos-oportunidad-inversionistas-_JM
Departamento Arturo Prat Id: 165774,3090.0,126892024.0,54.0,57.22,54.0,2.0,1.0,0.0,Santiago,San Diego,2026-09-18,2026-09-18,https://www.portalinmobiliario.com/MLC-4491460004-departamento-arturo-prat-id-165774-_JM
Departamento En Venta En Santiago,3720.0,152763214.0,65.0,57.23,54.0,2.0,1.0,61000.0,Santiago,Ejército - Toesca,2026-09-23,2026-09-22,https://www.portalinmobiliario.com/MLC-2268792887-departamento-en-venta-en-santiago-_JM
Excelente Depto. Ideal Para Inversion (183531),2750.0,112929795.0,48.0,57.29,74.0,2.0,0.0,60000.0,Santiago,Bulnes,2026-09-24,2026-09-23,https://www.portalinmobiliario.com/MLC-4510301488-excelente-depto-ideal-para-inversion-183531-_JM
Metro Los Héroes / Moneda,2980.0,122374832.0,52.0,57.31,53.0,2.0,1.0,162000.0,Santiago,Centro Histórico De Santiago,2026-09-22,2026-09-21,https://www.portalinmobiliario.com/MLC-4505423218-metro-los-heroes-moneda-_JM
Departamento Estudio Con Excelente Ubicación,1490.0,61187416.0,26.0,57.31,,1.0,0.0,,Santiago,Ejército - Toesca,2026-09-25,2026-09-25,https://www.portalinmobiliario.com/MLC-4513389138-departamento-estudio-con-excelente-ubicacion-_JM
Departamento En Venta En Edificio Granado (172880),1950.0,80077491.0,34.0,57.35,83.0,1.0,0.0,70000.0,Santiago,Santa Isabel,2026-09-27,2026-09-26,https://www.portalinmobiliario.com/MLC-2277775219-departamento-en-venta-en-edificio-granado-172880-_JM
Venta Departamento 3 Habitaciones Argomedo (5330),3900.0,160154982.0,68.0,57.35,65.0,3.0,0.0,75000.0,Santiago,Santa Isabel,2026-10-01,,https://www.portalinmobiliario.com/MLC-4531653156-venta-departamento-3-habitaciones-argomedo-5330-_JM
En La Mejor Ubicación De Providencia (184613),4018.0,165000000.0,70.0,57.4,98.0,3.0,0.0,120000.0,Providencia,Salvador,2026-10-01,2026-09-23,https://www.portalinmobiliario.com/MLC-2288568187-en-la-mejor-ubicacion-de-providencia-184613-_JM
Dpto. Dúplex / P. Balmaceda / P. Los Reyes/ 1d-1b / Est&#43;,3100.0,127302678.0,54.0,57.41,47.0,1.0,1.0,80000.0,Santiago,Parque Los Reyes,2026-10-01,2026-10-01,https://www.portalinmobiliario.com/MLC-4531647656-dpto-duplex-p-balmaceda-p-los-reyes-1d-1b-est43-_JM
Oportunidad Inversionistas (138135),3100.0,127302678.0,54.0,57.41,65.0,2.0,1.0,170000.0,Santiago,San Diego,2026-10-01,2026-10-01,https://www.portalinmobiliario.com/MLC-4531647558-oportunidad-inversionistas-138135-_JM
Oportunidad De Inversión (180604),1550.0,63651339.0,27.0,57.41,72.0,1.0,0.0,55000.0,Santiago,Centro Histórico De Santiago,2026-09-27,2026-09-26,https://www.portalinmobiliario.com/MLC-2277774997-oportunidad-de-inversion-180604-_JM
Departamento Duplex Antonio Varas,5400.0,221753052.0,94.0,57.45,94.0,3.0,0.0,30000.0,Providencia,Pedro De Valdivia,2026-09-29,2026-09-28,https://www.portalinmobiliario.com/MLC-4523765088-departamento-duplex-antonio-varas-_JM
Vive O Invierte En Santiago- 2 Dormitorios Y 2 Baños,2069.9,85000000.0,36.0,57.5,83.0,2.0,0.0,60000.0,Santiago,Barrio Diez De Julio,2026-09-28,2026-09-27,https://www.portalinmobiliario.com/MLC-2280139699-vive-o-invierte-en-santiago-2-dormitorios-y-2-banos-_JM
"Como Nuevo Serrano 266, Metro U De Chile (176675)",2990.0,122785486.0,52.0,57.5,54.0,2.0,1.0,90000.0,Santiago,Bulnes,2026-09-24,2026-09-23,https://www.portalinmobiliario.com/MLC-4510766654-como-nuevo-serrano-266-metro-u-de-chile-176675-_JM
Depto 1 Dormitorio 1 Baño San Diego 1344,1900.0,78024222.0,33.0,57.58,74.0,1.0,0.0,65000.0,Santiago,Parque O'Higgins,2026-10-01,,https://www.portalinmobiliario.com/MLC-4526095856-depto-1-dormitorio-1-bano-san-diego-1344-_JM
Venta Departamento Estudio Santiago,1900.0,78024222.0,33.0,57.58,73.0,1.0,0.0,70000.0,Santiago,Centro Histórico De Santiago,2026-09-21,2026-09-21,https://www.portalinmobiliario.com/MLC-2264197283-venta-departamento-estudio-santiago-_JM
Impecable 2 Dorm 2 Baños Con Estacio Y Bodega,3400.0,139622292.0,59.0,57.63,65.0,2.0,1.0,160000.0,Santiago,Barrio Diez De Julio,2026-09-23,2026-09-22,https://www.portalinmobiliario.com/MLC-2268767627-impecable-2-dorm-2-banos-con-estacio-y-bodega-_JM
Excelente Depto. 1d En Santiago,2191.6,90000000.0,38.0,57.67,74.0,1.0,0.0,83000.0,Santiago,Centro Histórico De Santiago,2026-09-25,2026-09-24,https://www.portalinmobiliario.com/MLC-2274104913-excelente-depto-1d-en-santiago-_JM
Oportunidad Con Estacionamiento Y Bodega Remodelado,3000.0,123196140.0,52.0,57.69,48.0,2.0,1.0,110000.0,Santiago,Barrio República,2026-09-24,2026-09-23,https://www.portalinmobiliario.com/MLC-4510776630-oportunidad-con-estacionamiento-y-bodega-remodelado-_JM
Venta De Dpto 2d2b Santiago Metro Plaza De Armas (179654),3000.0,123196140.0,52.0,57.69,53.0,2.0,2.0,150000.0,Santiago,Centro Histórico De Santiago,2026-09-19,2026-09-19,https://www.portalinmobiliario.com/MLC-2256972283-venta-de-dpto-2d2b-santiago-metro-plaza-de-armas-179654-_JM
Comodo Y Practico Dpto De 2d 2b 1e 1b En San Pablo Santiago,3000.0,123196140.0,52.0,57.69,47.0,2.0,1.0,70000.0,Santiago,Barrio Brasil,2026-09-24,2026-09-23,https://www.portalinmobiliario.com/MLC-4510312852-comodo-y-practico-dpto-de-2d-2b-1e-1b-en-san-pablo-santiago-_JM
Ubicación Privilegiada Departamento De Inversión En Santiago,2250.0,92397105.0,39.0,57.69,74.0,1.0,0.0,0.0,Santiago,Ejército - Toesca,2026-09-21,2026-09-21,https://www.portalinmobiliario.com/MLC-4499779246-ubicacion-privilegiada-departamento-de-inversion-en-santiago-_JM
Vendo Departamento Buen Estado 2dorm 2ba Est Bod Santiago,2830.0,116215025.0,49.0,57.76,75.0,2.0,1.0,114000.0,Santiago,Ejército - Toesca,2026-09-24,2026-09-23,https://www.portalinmobiliario.com/MLC-4510757630-vendo-departamento-buen-estado-2dorm-2ba-est-bod-santiago-_JM
Vive En Vicuña Mackenna 2d1b A Pasos De Metro,1850.0,75970953.0,32.0,57.81,79.0,2.0,0.0,60000.0,Santiago,Bogotá - Sierra Bella,2026-10-01,2026-09-18,https://www.portalinmobiliario.com/MLC-2283616847-vive-en-vicuna-mackenna-2d1b-a-pasos-de-metro-_JM
Venta Departamento Amoblado.,1850.0,75970953.0,32.0,57.81,75.0,1.0,0.0,65000.0,Santiago,San Diego,2026-09-29,2026-09-28,https://www.portalinmobiliario.com/MLC-2282570677-venta-departamento-amoblado-_JM
Ahorra Invirtiendo En El Corazón De Santiago 1990 Uf,1850.0,75970953.0,32.0,57.81,72.0,1.0,0.0,80000.0,Santiago,Centro Histórico De Santiago,2026-09-25,2026-09-24,https://www.portalinmobiliario.com/MLC-2273809581-ahorra-invirtiendo-en-el-corazon-de-santiago-1990-uf-_JM
"1 Dormitorio, 1 Baño, Sin Bodega, Sin Estac, Santiago",1620.0,66525916.0,28.0,57.86,83.0,1.0,0.0,85000.0,Santiago,Bogotá - Sierra Bella,2026-09-23,2026-09-22,https://www.portalinmobiliario.com/MLC-2267453909-1-dormitorio-1-bano-sin-bodega-sin-estac-santiago-_JM
Metro Santa Ana  Amunategui,1680.2,69000000.0,29.0,57.94,72.0,1.0,0.0,75000.0,Santiago,Centro Histórico De Santiago,2026-09-26,2026-09-25,https://www.portalinmobiliario.com/MLC-2275685457-metro-santa-ana-amunategui-_JM
Excelente 1d1b Con Terraza En Santiago,1912.0,78517007.0,33.0,57.94,75.0,1.0,0.0,55000.0,Santiago,Parque O'Higgins,2026-09-27,2026-09-26,https://www.portalinmobiliario.com/MLC-2277779141-excelente-1d1b-con-terraza-en-santiago-_JM
Santiago Portugal Oferta 2d 2b 1b  Excelente Ubicacion,2550.0,104716719.0,44.0,57.95,83.0,2.0,0.0,80000.0,Santiago,Barrio Diez De Julio,2026-09-26,2026-09-25,https://www.portalinmobiliario.com/MLC-2276108185-santiago-portugal-oferta-2d-2b-1b-excelente-ubicacion-_JM
Dpto 2d1b + Estacionamiento + Bodega | Serrano C/arturo Prat,2550.0,104716719.0,44.0,57.95,74.0,1.0,1.0,60000.0,Santiago,San Diego,2026-09-19,2026-09-19,https://www.portalinmobiliario.com/MLC-2256972661-dpto-2d1b-estacionamiento-bodega-serrano-carturo-prat-_JM
La Mejor Ubicacion En Providencia,4870.3,200000000.0,84.0,57.98,94.0,4.0,0.0,60000.0,Providencia,Manuel Montt,2026-09-27,2026-09-26,https://www.portalinmobiliario.com/MLC-2278419237-la-mejor-ubicacion-en-providencia-_JM
Vive En La Comodidad De Un Espacioso Depto (166641),1450.0,59544801.0,25.0,58.0,66.0,1.0,0.0,60000.0,Santiago,Barrio Yungay,2026-09-28,2026-09-27,https://www.portalinmobiliario.com/MLC-4520029672-vive-en-la-comodidad-de-un-espacioso-depto-166641-_JM
Departamento En Venta De 1 Dorm. En Santiago,2150.0,88290567.0,37.0,58.11,83.0,1.0,1.0,100000.0,Santiago,Santa Isabel,2026-09-26,2026-09-25,https://www.portalinmobiliario.com/MLC-2276123989-departamento-en-venta-de-1-dorm-en-santiago-_JM
"Renovado 2d 2b Con Balcón, A 6 Min Del Metro Santa Isabel",2500.0,102663450.0,43.0,58.14,83.0,2.0,0.0,85000.0,Santiago,Santa Isabel,2026-10-01,2026-10-01,https://www.portalinmobiliario.com/MLC-2288565943-renovado-2d-2b-con-balcon-a-6-min-del-metro-santa-isabel-_JM
Santo Dom / San Antoni / No Estaciona / Remodelado 1 D - 1 B,1919.0,78804464.0,33.0,58.15,74.0,1.0,0.0,75000.0,Santiago,Centro Histórico De Santiago,2026-10-01,2026-10-01,https://www.portalinmobiliario.com/MLC-2290686623-santo-dom-san-antoni-no-estaciona-remodelado-1-d-1-b-_JM
Departamento Con Estacionamiento Y Bodega,3549.0,145741034.0,61.0,58.18,53.0,1.0,1.0,0.0,Santiago,Centro Histórico De Santiago,2026-09-25,2026-09-24,https://www.portalinmobiliario.com/MLC-2274595353-departamento-con-estacionamiento-y-bodega-_JM
Venta Depto 3 Habitaciones 2 Baños - Metro Los Leones (5301),4600.0,188900748.0,79.0,58.23,94.0,3.0,0.0,180000.0,Providencia,Los Leones,2026-09-28,2026-09-27,https://www.portalinmobiliario.com/MLC-4522141472-venta-depto-3-habitaciones-2-banos-metro-los-leones-5301-_JM
Oportunidad Para Inversionista 1d 1b,1690.0,69400492.0,29.0,58.28,83.0,1.0,0.0,80000.0,Santiago,Bogotá - Sierra Bella,2026-09-24,2026-09-23,https://www.portalinmobiliario.com/MLC-4510301482-oportunidad-para-inversionista-1d-1b-_JM
En Venta Huerfanos Con Amunategui Entrega Inmediata,2740.0,112519141.0,47.0,58.3,74.0,2.0,1.0,100000.0,Santiago,Centro Histórico De Santiago,2026-09-24,2026-09-23,https://www.portalinmobiliario.com/MLC-4510756568-en-venta-huerfanos-con-amunategui-entrega-inmediata-_JM
Inversionista Dpto Eleuterio Ramirez 1024,2100.0,86237298.0,36.0,58.33,75.0,1.0,0.0,70000.0,Santiago,San Diego,2026-09-24,2026-09-23,https://www.portalinmobiliario.com/MLC-4510755692-inversionista-dpto-eleuterio-ramirez-1024-_JM
Oportunidad Departamento Renovado En Santiago Centro,3500.0,143728830.0,60.0,58.33,54.0,2.0,1.0,110000.0,Santiago,Parque Almagro,2026-09-24,2026-09-23,https://www.portalinmobiliario.com/MLC-4510770660-oportunidad-departamento-renovado-en-santiago-centro-_JM
Venta Departamento 1hab 1ba Santiago,1750.0,71864415.0,30.0,58.33,83.0,1.0,0.0,100000.0,Santiago,Santa Isabel,2026-10-01,,https://www.portalinmobiliario.com/MLC-2285756215-venta-departamento-1hab-1ba-santiago-_JM
Departamento En Venta 3 Dorm. 2 Bañ. De 98 M2 - Providencia,5600.0,229966128.0,96.0,58.33,94.0,3.0,0.0,25000.0,Providencia,Pedro De Valdivia,2026-09-23,2026-09-22,https://www.portalinmobiliario.com/MLC-2268118289-departamento-en-venta-3-dorm-2-ban-de-98-m2-providencia-_JM
Departamento En Venta De 2 Dorm. En Santiago,2980.0,122374832.0,51.0,58.43,83.0,2.0,1.0,170000.0,Santiago,Centro Histórico De Santiago,2026-09-26,2026-09-25,https://www.portalinmobiliario.com/MLC-2275959985-departamento-en-venta-de-2-dorm-en-santiago-_JM
Venta Depto 2d2b Mariposa Estacionamiento Stgo (177030),2922.2,120000000.0,50.0,58.44,75.0,2.0,1.0,130000.0,Santiago,San Diego,2026-09-28,2026-09-27,https://www.portalinmobiliario.com/MLC-2280138103-venta-depto-2d2b-mariposa-estacionamiento-stgo-177030-_JM
Ideal Para Inversión: Tiene Arrendatario (184031),1753.3,72000000.0,30.0,58.44,74.0,1.0,0.0,60000.0,Santiago,Barrio Brasil,2026-09-26,2026-09-25,https://www.portalinmobiliario.com/MLC-2275678207-ideal-para-inversion-tiene-arrendatario-184031-_JM
Vendo Depto 2d/2b  Est. Santo Dmgo Centro (73063),3273.0,134406989.0,56.0,58.45,53.0,2.0,1.0,100000.0,Santiago,Centro Histórico De Santiago,2026-09-18,2026-09-18,https://www.portalinmobiliario.com/MLC-4491447356-vendo-depto-2d2b-est-santo-dmgo-centro-73063-_JM
Dpto Stgo Centro: 2d/1b Con Estacionamiento,2690.0,110465872.0,46.0,58.48,79.0,2.0,1.0,80000.0,Santiago,Bogotá - Sierra Bella,2026-09-29,2026-09-28,https://www.portalinmobiliario.com/MLC-4523804110-dpto-stgo-centro-2d1b-con-estacionamiento-_JM
¡tu Próximo Hogar Te Espera En El Corazón De Santiago!,3100.0,127302678.0,53.0,58.49,51.0,2.0,0.0,80000.0,Santiago,Centro Histórico De Santiago,2026-10-01,,https://www.portalinmobiliario.com/MLC-2285752007-tu-proximo-hogar-te-espera-en-el-corazon-de-santiago-_JM
Departamento Avenida Santa Isabel Id: 177918,2750.0,112929795.0,47.0,58.51,83.0,2.0,0.0,60000.0,Santiago,Santa Isabel,2026-10-01,2026-10-01,https://www.portalinmobiliario.com/MLC-2288298339-departamento-avenida-santa-isabel-id-177918-_JM
Se Vende Departamento José M.infante 3d 3 Estacionamientos,5500.0,225859590.0,94.0,58.51,,3.0,3.0,,Providencia,Salvador,2026-09-28,2026-09-28,https://www.portalinmobiliario.com/MLC-2278429421-se-vende-departamento-jose-minfante-3d-3-estacionamientos-_JM
Departamento 1d 1b Con Bodega | Metro Toesca| Barrio Univers,1990.0,81720106.0,34.0,58.53,74.0,1.0,0.0,95000.0,Santiago,Parque Almagro,2026-09-21,2026-09-21,https://www.portalinmobiliario.com/MLC-4501916604-departamento-1d-1b-con-bodega-metro-toesca-barrio-univers-_JM
Departamento En Juana De Lestocnac 3 Dormitorios 2 Baños.,4390.0,180277018.0,75.0,58.53,68.0,3.0,0.0,60000.0,Providencia,Plaza Italia,2026-10-01,2026-10-01,https://www.portalinmobiliario.com/MLC-4531664260-departamento-en-juana-de-lestocnac-3-dormitorios-2-banos-_JM
"Condominio, Dormitorio, Full Eléctrico, Piscina",1700.0,69811146.0,29.0,58.62,83.0,1.0,0.0,50000.0,Santiago,Santa Isabel,2026-10-01,2026-10-01,https://www.portalinmobiliario.com/MLC-4531686384-condominio-dormitorio-full-electrico-piscina-_JM
"Departamento 3d2b 68 M2, Terraza | Santa Isabel, Stgo Centro",3990.0,163850866.0,68.0,58.68,54.0,3.0,0.0,110000.0,Santiago,San Diego,2026-10-01,,https://www.portalinmobiliario.com/MLC-2285729159-departamento-3d2b-68-m2-terraza-santa-isabel-stgo-centro-_JM
Departamento En Venta De 2 Dorm. En San Miguel,3990.0,163850866.0,68.0,58.68,54.0,2.0,1.0,80000.0,Santiago,Parque O'Higgins,2026-09-23,2026-09-22,https://www.portalinmobiliario.com/MLC-2268792299-departamento-en-venta-de-2-dorm-en-san-miguel-_JM
Nuevo Precio!! Depto Estudio Gran Comodidad (67303),1350.0,55438263.0,23.0,58.7,83.0,1.0,0.0,65000.0,Santiago,Barrio Diez De Julio,2026-09-24,2026-09-23,https://www.portalinmobiliario.com/MLC-4510752026-nuevo-precio-depto-estudio-gran-comodidad-67303-_JM
Excelente Departamento En Argomedo Con Lira,2700.0,110876526.0,46.0,58.7,83.0,2.0,1.0,0.0,Santiago,Santa Isabel,2026-09-21,2026-09-21,https://www.portalinmobiliario.com/MLC-2262134617-excelente-departamento-en-argomedo-con-lira-_JM
Departamento En Venta En Santiago,2700.0,110876526.0,46.0,58.7,74.0,2.0,0.0,60000.0,Santiago,Bulnes,2026-09-23,2026-09-22,https://www.portalinmobiliario.com/MLC-2268792769-departamento-en-venta-en-santiago-_JM
Venta Metro Los Heroes - 1d-1b-eyb,2290.0,94039720.0,39.0,58.72,,1.0,1.0,,Santiago,Barrio Brasil,2026-10-01,2026-10-01,https://www.portalinmobiliario.com/MLC-4528519912-venta-metro-los-heroes-1d-1b-eyb-_JM
Vendo Depto 2d1b Con Estac Y Bod En Santiago (132039),2350.0,96503643.0,40.0,58.75,75.0,2.0,1.0,110000.0,Santiago,Bulnes,2026-09-26,2026-09-25,https://www.portalinmobiliario.com/MLC-2276131571-vendo-depto-2d1b-con-estac-y-bod-en-santiago-132039-_JM
Nataniel Cox Con Terraza!,1999.0,82089695.0,34.0,58.79,75.0,1.0,0.0,50000.0,Santiago,Parque Almagro,2026-09-25,2026-09-24,https://www.portalinmobiliario.com/MLC-4514086130-nataniel-cox-con-terraza-_JM
Departamento Studio Amoblado Santiago Centro,1590.0,65293954.0,27.0,58.89,74.0,1.0,0.0,65000.0,Santiago,Bulnes,2026-10-01,,https://www.portalinmobiliario.com/MLC-4526119428-departamento-studio-amoblado-santiago-centro-_JM
Departamento Venta Santiago Centro 2d-2b Estacionamiento Avs,3652.7,150000000.0,62.0,58.91,54.0,2.0,1.0,110000.0,Santiago,Ejército - Toesca,2026-09-28,2026-09-27,https://www.portalinmobiliario.com/MLC-2278349109-departamento-venta-santiago-centro-2d-2b-estacionamiento-avs-_JM
Acogedor Departamento  De 1 Habitacion,1826.4,75000000.0,31.0,58.92,83.0,1.0,0.0,0.0,Santiago,Santa Isabel,2026-09-22,2026-09-21,https://www.portalinmobiliario.com/MLC-2265335315-acogedor-departamento-de-1-habitacion-_JM
Departamento En Venta En Santiago,1650.0,67757877.0,28.0,58.93,74.0,1.0,0.0,33000.0,Santiago,Parque O'Higgins,2026-10-01,,https://www.portalinmobiliario.com/MLC-4531693826-departamento-en-venta-en-santiago-_JM
Departamento San Francisco Id: 179389,2300.0,94450374.0,39.0,58.97,74.0,2.0,1.0,100000.0,Santiago,San Diego,2026-10-01,2026-10-01,https://www.portalinmobiliario.com/MLC-2288309539-departamento-san-francisco-id-179389-_JM
Hermoso Loft En Barrio Bellas Artes,2890.0,118678948.0,49.0,58.98,83.0,1.0,0.0,100000.0,Santiago,Centro Histórico De Santiago,2026-10-01,2026-10-01,https://www.portalinmobiliario.com/MLC-2288564549-hermoso-loft-en-barrio-bellas-artes-_JM
"Loft En Piso 21, Orientación Nor Oriente Y Vista Despejada",2890.0,118678948.0,49.0,58.98,74.0,1.0,0.0,100000.0,Santiago,Centro Histórico De Santiago,2026-09-28,2026-09-27,https://www.portalinmobiliario.com/MLC-2282621063-loft-en-piso-21-orientacion-nor-oriente-y-vista-despejada-_JM
Departamento En Venta De 1 Dorm. En Santiago,1180.0,48457148.0,20.0,59.0,72.0,1.0,0.0,70000.0,Santiago,Santiago,2026-09-26,2026-09-25,https://www.portalinmobiliario.com/MLC-2275676083-departamento-en-venta-de-1-dorm-en-santiago-_JM
Liq. Bancaria | Tasa Bajo Mercado | 10% Pie | Recibe Ofertas,6196.0,254441094.0,105.0,59.01,94.0,3.0,0.0,120000.0,Providencia,Manuel Montt,2026-10-01,,https://www.portalinmobiliario.com/MLC-2285767061-liq-bancaria-tasa-bajo-mercado-10-pie-recibe-ofertas-_JM
"Altos Del Drugstore, Buena Distribución",4900.0,201220362.0,83.0,59.04,94.0,3.0,0.0,90000.0,Providencia,Los Leones,2026-09-25,2026-09-24,https://www.portalinmobiliario.com/MLC-2273808639-altos-del-drugstore-buena-distribucion-_JM
Departamento Con Piscina Centro,1890.0,77613568.0,32.0,59.06,83.0,1.0,0.0,65000.0,Santiago,Barrio Diez De Julio,2026-09-26,2026-09-25,https://www.portalinmobiliario.com/MLC-2275607641-departamento-con-piscina-centro-_JM
Vende Dueño - Impecable Departamento,2835.0,116420352.0,48.0,59.06,74.0,2.0,0.0,95000.0,Santiago,Parque Almagro,2026-10-01,,https://www.portalinmobiliario.com/MLC-2285760041-vende-dueno-impecable-departamento-_JM
Venta Duplex Pedro De Valdivia Providencia,6499.0,266883905.0,110.0,59.08,94.0,1.0,1.0,120000.0,Providencia,Pedro De Valdivia,2026-09-23,2026-09-22,https://www.portalinmobiliario.com/MLC-4509233896-venta-duplex-pedro-de-valdivia-providencia-_JM
Inversión 1d+1b. San Isidro/santa Isabel,1950.0,80077491.0,33.0,59.09,,1.0,0.0,,Santiago,Santa Isabel,2026-10-01,2026-10-01,https://www.portalinmobiliario.com/MLC-4528520978-inversion-1d1b-san-isidrosanta-isabel-_JM
Departamento En Venta De 1 Dorm. En Santiago,1950.0,80077491.0,33.0,59.09,74.0,1.0,0.0,79000.0,Santiago,Centro Histórico De Santiago,2026-09-23,2026-09-22,https://www.portalinmobiliario.com/MLC-2268779169-departamento-en-venta-de-1-dorm-en-santiago-_JM
Metro Av. Matta,1950.0,80077491.0,33.0,59.09,83.0,1.0,1.0,62000.0,Santiago,San Diego,2026-09-29,2026-09-28,https://www.portalinmobiliario.com/MLC-2282575111-metro-av-matta-_JM
120 M2 Remodelado+2 Estacionamientos/gran Oportunidad,6800.0,279244584.0,115.0,59.13,64.0,3.0,2.0,50000.0,Santiago,Bulnes,2026-09-25,2026-09-24,https://www.portalinmobiliario.com/MLC-2274077223-120-m2-remodelado2-estacionamientosgran-oportunidad-_JM
Departamento Remodelado En Venta  Centro De Santiago,6800.0,279244584.0,115.0,59.13,64.0,3.0,2.0,50000.0,Santiago,Bulnes,2026-09-18,2026-09-18,https://www.portalinmobiliario.com/MLC-4490526926-departamento-remodelado-en-venta-centro-de-santiago-_JM
Depto 2d 2b Metro Moneda Pque Almagro (184181),2897.8,119000000.0,49.0,59.14,75.0,2.0,1.0,90000.0,Santiago,Parque Almagro,2026-09-28,2026-09-27,https://www.portalinmobiliario.com/MLC-4522118484-depto-2d-2b-metro-moneda-pque-almagro-184181-_JM
Venta Departamento En Las Condes,8300.0,340842654.0,140.0,59.29,92.0,3.0,1.0,230000.0,Las Condes,Barrio El Golf,2026-09-23,2026-09-22,https://www.portalinmobiliario.com/MLC-2268753277-venta-departamento-en-las-condes-_JM
Departamento Ejército 3d Y 2b Sector Universitario,4626.8,190000000.0,78.0,59.32,54.0,3.0,0.0,150000.0,Santiago,Ejército - Toesca,2026-09-23,2026-09-22,https://www.portalinmobiliario.com/MLC-2268779863-departamento-ejercito-3d-y-2b-sector-universitario-_JM
Departamento En Venta De 3 Dorm. En Concón,7000.0,287457660.0,118.0,59.32,82.0,3.0,1.0,200000.0,Providencia,Barrio Italia,2026-09-26,2026-09-25,https://www.portalinmobiliario.com/MLC-2276120297-departamento-en-venta-de-3-dorm-en-concon-_JM
Departamento San Francisco Id: 124699,2850.0,117036333.0,48.0,59.38,74.0,2.0,0.0,90000.0,Santiago,San Diego,2026-09-19,2026-09-19,https://www.portalinmobiliario.com/MLC-2256985375-departamento-san-francisco-id-124699-_JM
Departamento Con Amplio Balcón Y Hermosas Vistas,5050.0,207380169.0,85.0,59.41,,3.0,,,Las Condes,Parque Padre Alberto Hurtado,2026-10-01,,https://www.portalinmobiliario.com/MLC-4530116030-departamento-con-amplio-balcon-y-hermosas-vistas-_JM
Puente Arzobispo - Providencia (176081),6600.0,271031508.0,111.0,59.46,94.0,3.0,0.0,200000.0,Providencia,Salvador,2026-09-18,2026-09-18,https://www.portalinmobiliario.com/MLC-4491486146-puente-arzobispo-providencia-176081-_JM
Departamento En Venta De 1 Dorm. En Santiago,2200.0,90343836.0,37.0,59.46,83.0,1.0,0.0,110000.0,Santiago,Barrio Diez De Julio,2026-09-28,2026-09-27,https://www.portalinmobiliario.com/MLC-4522102570-departamento-en-venta-de-1-dorm-en-santiago-_JM
Venta Departamento Remodelado Santiago 1d-1b San Pablo- Bd,1725.0,70837780.0,29.0,59.48,71.0,1.0,0.0,70000.0,Santiago,Centro Histórico De Santiago,2026-09-23,2026-09-22,https://www.portalinmobiliario.com/MLC-2267397783-venta-departamento-remodelado-santiago-1d-1b-san-pablo-bd-_JM
Sta Isabel/carmen Est Y Bod,3690.0,151531252.0,62.0,59.52,65.0,3.0,1.0,50000.0,Santiago,Santa Isabel,2026-09-23,2026-09-22,https://www.portalinmobiliario.com/MLC-4509221192-sta-isabelcarmen-est-y-bod-_JM
"Dpto En Venta 2d1b, Santiago Centro, Metro Santa Lucia",2500.0,102663450.0,42.0,59.52,74.0,2.0,0.0,45000.0,Santiago,Bulnes,2026-09-23,2026-09-22,https://www.portalinmobiliario.com/MLC-2268753849-dpto-en-venta-2d1b-santiago-centro-metro-santa-lucia-_JM
Departamento Sazié Id: 153319,2500.0,102663450.0,42.0,59.52,68.0,1.0,0.0,77000.0,Santiago,Barrio República,2026-09-25,2026-09-24,https://www.portalinmobiliario.com/MLC-2274113055-departamento-sazie-id-153319-_JM
Metro Sta Ana- Huerfanos (99423),2500.0,102663450.0,42.0,59.52,,2.0,,,Santiago,Barrio Brasil,2026-10-01,,https://www.portalinmobiliario.com/MLC-4531645232-metro-sta-ana-huerfanos-99423-_JM
Depto En Centro Con Bodega Y Estacionamiento,2678.7,110000000.0,45.0,59.53,73.0,2.0,1.0,100000.0,Santiago,Centro Histórico De Santiago,2026-09-18,2026-09-18,https://www.portalinmobiliario.com/MLC-4490284390-depto-en-centro-con-bodega-y-estacionamiento-_JM
Departamento | Remodelado | 2d 1b | Argomedo | Santiago,2800.0,114983064.0,47.0,59.57,83.0,2.0,1.0,85000.0,Santiago,Santa Isabel,2026-09-22,2026-09-22,https://www.portalinmobiliario.com/MLC-2264202479-departamento-remodelado-2d-1b-argomedo-santiago-_JM
Departamento En Venta En Santiago,2265.0,93013086.0,38.0,59.61,74.0,1.0,1.0,75000.0,Santiago,San Diego,2026-09-18,2026-09-18,https://www.portalinmobiliario.com/MLC-4491474042-departamento-en-venta-en-santiago-_JM
Luminoso Hogar En Entorno Tranquilo (182409),3100.0,127302678.0,52.0,59.62,53.0,2.0,0.0,140000.0,Santiago,Centro Histórico De Santiago,2026-09-28,2026-09-27,https://www.portalinmobiliario.com/MLC-2281463915-luminoso-hogar-en-entorno-tranquilo-182409-_JM
Oportunidad De Inversión En Santiago 1d 1b 1bod,1729.0,71002042.0,29.0,59.62,83.0,1.0,0.0,90000.0,Santiago,Bogotá - Sierra Bella,2026-09-24,2026-09-23,https://www.portalinmobiliario.com/MLC-4510505102-oportunidad-de-inversion-en-santiago-1d-1b-1bod-_JM
Oportunidad De Inversión En Av Matta 1d 1b 1bod,1729.0,71002042.0,29.0,59.62,83.0,1.0,0.0,90000.0,Santiago,Bogotá - Sierra Bella,2026-09-24,2026-09-23,https://www.portalinmobiliario.com/MLC-4510505150-oportunidad-de-inversion-en-av-matta-1d-1b-1bod-_JM
Depto.santa Isabel-san Francisco (172433),3100.0,127302678.0,52.0,59.62,54.0,2.0,0.0,0.0,Santiago,San Diego,2026-09-25,2026-09-24,https://www.portalinmobiliario.com/MLC-4513689232-deptosanta-isabel-san-francisco-172433-_JM
Departamento En Venta De 2 Dorm. En Santiago,3400.0,139622292.0,57.0,59.65,65.0,2.0,1.0,140000.0,Santiago,Santa Isabel,2026-09-28,2026-09-27,https://www.portalinmobiliario.com/MLC-4520030466-departamento-en-venta-de-2-dorm-en-santiago-_JM
Oportunidad En Santiago Centro Con 2d2b Y Fogaes,2565.0,105332700.0,43.0,59.65,71.0,2.0,0.0,110000.0,Santiago,Centro Histórico De Santiago,2026-09-21,2026-09-21,https://www.portalinmobiliario.com/MLC-2263573483-oportunidad-en-santiago-centro-con-2d2b-y-fogaes-_JM
Oportunidad En Santiago Centro Con 2d2b Y Fogaes,2565.0,105332700.0,43.0,59.65,71.0,2.0,0.0,110000.0,Santiago,Centro Histórico De Santiago,2026-09-21,2026-09-21,https://www.portalinmobiliario.com/MLC-2263573451-oportunidad-en-santiago-centro-con-2d2b-y-fogaes-_JM
Papel Mural Y Piso Flotante Nuevo,1790.0,73507030.0,30.0,59.67,71.0,1.0,0.0,50000.0,Santiago,Centro Histórico De Santiago,2026-09-21,2026-09-21,https://www.portalinmobiliario.com/MLC-4499467366-papel-mural-y-piso-flotante-nuevo-_JM
Departamento En Venta De 3 Dorm. En Santiago / Metro Moneda,3580.0,147014060.0,60.0,59.67,,3.0,,,Santiago,Bulnes,2026-10-01,,https://www.portalinmobiliario.com/MLC-4531686552-departamento-en-venta-de-3-dorm-en-santiago-metro-moneda-_JM
"Oferta Dpto.1d, 1 B En Santiago Centro",1790.0,73507030.0,30.0,59.67,83.0,1.0,0.0,0.0,Santiago,Santa Isabel,2026-09-26,2026-09-25,https://www.portalinmobiliario.com/MLC-2275705405-oferta-dpto1d-1-b-en-santiago-centro-_JM
"San Francisco 294, 1d Luminoso - Estacionamiento - Bodega",1790.0,73507030.0,30.0,59.67,,1.0,,,Santiago,Bulnes,2026-10-01,,https://www.portalinmobiliario.com/MLC-2283643393-san-francisco-294-1d-luminoso-estacionamiento-bodega-_JM
Departamento Inversionista  Metro Moneda,1850.0,75970953.0,31.0,59.68,,1.0,0.0,,Santiago,Bulnes,2026-09-27,2026-09-27,https://www.portalinmobiliario.com/MLC-2278347193-departamento-inversionista-metro-moneda-_JM
Venta Depto 1 Habitación San Diego - Santiago (5099),1850.0,75970953.0,31.0,59.68,75.0,1.0,0.0,50000.0,Santiago,Bulnes,2026-09-28,2026-09-27,https://www.portalinmobiliario.com/MLC-4522141458-venta-depto-1-habitacion-san-diego-santiago-5099-_JM
Departamento En Santiago Cercano A Estación De Metro,1850.0,75970953.0,31.0,59.68,83.0,1.0,0.0,80000.0,Santiago,Barrio Diez De Julio,2026-09-25,2026-09-24,https://www.portalinmobiliario.com/MLC-4513396580-departamento-en-santiago-cercano-a-estacion-de-metro-_JM
Venta Departamento Portugal A Pasos De Metro Santa Isabel,1850.0,75970953.0,31.0,59.68,83.0,1.0,0.0,73000.0,Santiago,Barrio Diez De Julio,2026-09-21,2026-09-21,https://www.portalinmobiliario.com/MLC-2262134909-venta-departamento-portugal-a-pasos-de-metro-santa-isabel-_JM
"Depto. Manuel Antonio Tocornal 588, Santiago/incl. Est-bod.",2090.0,85826644.0,35.0,59.71,83.0,1.0,1.0,1.0,Santiago,Santa Isabel,2026-09-25,2026-09-24,https://www.portalinmobiliario.com/MLC-2274115115-depto-manuel-antonio-tocornal-588-santiagoincl-est-bod-_JM
Acogedor 1d1b Con Terraza En Santiago,1672.0,68661315.0,28.0,59.71,,1.0,,,Santiago,Bogotá - Sierra Bella,2026-10-01,,https://www.portalinmobiliario.com/MLC-2283591245-acogedor-1d1b-con-terraza-en-santiago-_JM
Metro Parque Almagro Con Terraza,2390.0,98146258.0,40.0,59.75,74.0,2.0,0.0,70.0,Santiago,San Diego,2026-09-23,2026-09-22,https://www.portalinmobiliario.com/MLC-4509234038-metro-parque-almagro-con-terraza-_JM
Excelente Oportunidad A Pasos Del Metro Toesca,2450.0,100610181.0,41.0,59.76,74.0,2.0,1.0,80000.0,Santiago,Ejército - Toesca,2026-09-22,2026-09-22,https://www.portalinmobiliario.com/MLC-4501532654-excelente-oportunidad-a-pasos-del-metro-toesca-_JM
Vista Despejada,5500.0,225859590.0,92.0,59.78,,3.0,,,Santiago,Parque O'Higgins,2026-10-01,,https://www.portalinmobiliario.com/MLC-4526072110-vista-despejada-_JM
Dpto En Venta De 2d Y 2b Y Estac. En Santiago,2690.0,110465872.0,45.0,59.78,,2.0,,,Santiago,Centro Histórico De Santiago,2026-10-01,,https://www.portalinmobiliario.com/MLC-2285726273-dpto-en-venta-de-2d-y-2b-y-estac-en-santiago-_JM
Amplio 3d/2b | Metro Salvador  Av. Providencia,5090.0,209022784.0,85.0,59.88,,3.0,,,Providencia,Plaza Italia,2026-10-01,,https://www.portalinmobiliario.com/MLC-2291353141-amplio-3d2b-metro-salvador-av-providencia-_JM
Perfecto Para Tu Familia,3295.0,135310000.0,55.0,59.91,54.0,3.0,1.0,90000.0,Santiago,Parque O'Higgins,2026-09-28,2026-09-27,https://www.portalinmobiliario.com/MLC-2278429319-perfecto-para-tu-familia-_JM
Departamento En Venta En Santiago,3896.2,160000000.0,65.0,59.94,68.0,3.0,0.0,100000.0,Providencia,Doctor Ramón Corvalán Melgarejo - Alameda,2026-09-23,2026-09-22,https://www.portalinmobiliario.com/MLC-2268779767-departamento-en-venta-en-santiago-_JM
Oferta!  Santiago Eleuterio Ramirez  2d 2b E B,2998.0,123114009.0,50.0,59.96,75.0,2.0,1.0,120000000.0,Santiago,Bulnes,2026-09-26,2026-09-25,https://www.portalinmobiliario.com/MLC-2276120651-oferta-santiago-eleuterio-ramirez-2d-2b-e-b-_JM
"Republica Como Nuevo, Terraza!",1499.0,61557005.0,25.0,59.96,,1.0,,,Santiago,Barrio Yungay,2026-10-01,,https://www.portalinmobiliario.com/MLC-2290645193-republica-como-nuevo-terraza-_JM
Venta Departamento 1 Habitación - Santa Rosa  (5335),2100.0,86237298.0,35.0,60.0,,1.0,,,Santiago,Bulnes,2026-10-01,,https://www.portalinmobiliario.com/MLC-4526104354-venta-departamento-1-habitacion-santa-rosa-5335-_JM
Venta Dp 1 En Barrio Universitario,1800.0,73917684.0,30.0,60.0,,1.0,,,Santiago,Ejército - Toesca,2026-10-01,,https://www.portalinmobiliario.com/MLC-4533920308-venta-dp-1-en-barrio-universitario-_JM
Depto 2 Dormitorios Grandes  2 Baños Estacionamiento Bodega,3300.0,135515754.0,55.0,60.0,54.0,2.0,1.0,0.0,Santiago,Parque Almagro,2026-09-24,2026-09-23,https://www.portalinmobiliario.com/MLC-4510780864-depto-2-dormitorios-grandes-2-banos-estacionamiento-bodega-_JM
Gorbea / Metro,2100.0,86237298.0,35.0,60.0,74.0,1.0,0.0,80000.0,Santiago,Ejército - Toesca,2026-09-23,2026-09-22,https://www.portalinmobiliario.com/MLC-4509222398-gorbea-metro-_JM
Tucapel Jimenez / Metro Los Heroes,2100.0,86237298.0,35.0,60.0,74.0,1.0,0.0,70000.0,Santiago,Centro Histórico De Santiago,2026-09-23,2026-09-22,https://www.portalinmobiliario.com/MLC-4509234516-tucapel-jimenez-metro-los-heroes-_JM
Departamento San Francisco Id: 168688,3000.0,123196140.0,50.0,60.0,75.0,2.0,1.0,60000.0,Santiago,Bulnes,2026-09-27,2026-09-26,https://www.portalinmobiliario.com/MLC-2278343925-departamento-san-francisco-id-168688-_JM
Vivir A Pasos De Todo En Pleno Centro (178612),2100.0,86237298.0,35.0,60.0,75.0,1.0,0.0,90000.0,Santiago,San Diego,2026-09-25,2026-09-24,https://www.portalinmobiliario.com/MLC-4513355316-vivir-a-pasos-de-todo-en-pleno-centro-178612-_JM
Vive Con Tranquilidad Y Seguridad. (132494),1860.0,76381607.0,31.0,60.0,,1.0,,,Santiago,Parque Almagro,2026-10-01,,https://www.portalinmobiliario.com/MLC-4524192180-vive-con-tranquilidad-y-seguridad-132494-_JM
Conectividad Y Confort En Un Solo Lugar (178716),2100.0,86237298.0,35.0,60.0,75.0,1.0,0.0,0.0,Santiago,San Diego,2026-09-25,2026-09-24,https://www.portalinmobiliario.com/MLC-4513355400-conectividad-y-confort-en-un-solo-lugar-178716-_JM
Acogedor Departamento 1d1b En Santiago,1682.0,69071969.0,28.0,60.07,75.0,1.0,0.0,70000.0,Santiago,Parque O'Higgins,2026-09-25,2026-09-24,https://www.portalinmobiliario.com/MLC-2274562769-acogedor-departamento-1d1b-en-santiago-_JM
Departamento San Isidro Id: 107854,3670.0,150709945.0,61.0,60.16,65.0,2.0,0.0,120000.0,Santiago,Santa Isabel,2026-09-28,2026-09-27,https://www.portalinmobiliario.com/MLC-4520029310-departamento-san-isidro-id-107854-_JM
Oportunidad Para Vivir O Invertir En El Corazón De Santiago.,3490.0,143318176.0,58.0,60.17,53.0,1.0,1.0,110000.0,Santiago,Centro Histórico De Santiago,2026-09-20,2026-09-20,https://www.portalinmobiliario.com/MLC-4496865068-oportunidad-para-vivir-o-invertir-en-el-corazon-de-santiago-_JM
"Home Studio Barrio Universitario Stgo, 1d-1b-1e-1b",1990.0,81720106.0,33.0,60.3,75.0,1.0,1.0,144000.0,Santiago,Bulnes,2026-09-29,2026-09-28,https://www.portalinmobiliario.com/MLC-2282628203-home-studio-barrio-universitario-stgo-1d-1b-1e-1b-_JM
Depto. Metro Parque O'higgins Para Inversion,1990.0,81720106.0,33.0,60.3,75.0,1.0,0.0,68000.0,Santiago,Parque Almagro,2026-09-25,2026-09-24,https://www.portalinmobiliario.com/MLC-4513388308-depto-metro-parque-ohiggins-para-inversion-_JM
Depto. Metro Parque O'higgins Para Inversion,1990.0,81720106.0,33.0,60.3,75.0,1.0,0.0,68000.0,Santiago,Parque Almagro,2026-09-25,2026-09-24,https://www.portalinmobiliario.com/MLC-4513401820-depto-metro-parque-ohiggins-para-inversion-_JM
Venta Depto. 1d/1b En Dgnal Vicuña Mackenna,1990.0,81720106.0,33.0,60.3,79.0,1.0,1.0,85000.0,Santiago,Bogotá - Sierra Bella,2026-09-23,2026-09-22,https://www.portalinmobiliario.com/MLC-2267428471-venta-depto-1d1b-en-dgnal-vicuna-mackenna-_JM
Acogedor Y Moderno Departamento A Pasos Del Metro Sta Isabel,1690.0,69400492.0,28.0,60.36,83.0,1.0,0.0,0.0,Santiago,Santa Isabel,2026-09-23,2026-09-22,https://www.portalinmobiliario.com/MLC-2268765761-acogedor-y-moderno-departamento-a-pasos-del-metro-sta-isabel-_JM
Acogedor 1d1b Con Terraza En Santiago,1690.0,69400492.0,28.0,60.36,,1.0,,,Santiago,Bogotá - Sierra Bella,2026-10-01,,https://www.portalinmobiliario.com/MLC-2283642949-acogedor-1d1b-con-terraza-en-santiago-_JM
Metro Parque Almagro 2d 2b 1e Y Bodega,2900.0,119089602.0,48.0,60.42,75.0,2.0,1.0,100000.0,Santiago,San Diego,2026-09-26,2026-09-25,https://www.portalinmobiliario.com/MLC-2275459453-metro-parque-almagro-2d-2b-1e-y-bodega-_JM
Venta Departamento 3hab 2ba Las Condes,5740.0,235715281.0,95.0,60.42,88.0,3.0,1.0,115000.0,Las Condes,Parque Padre Alberto Hurtado,2026-09-19,2026-09-19,https://www.portalinmobiliario.com/MLC-4491454610-venta-departamento-3hab-2ba-las-condes-_JM
"Luminoso, Hermosa Vista, Cercano A Líneas  1 Y 6 De Metro",1996.8,82000000.0,33.0,60.51,83.0,1.0,1.0,100000.0,Santiago,Santa Isabel,2026-09-22,2026-09-21,https://www.portalinmobiliario.com/MLC-4505391420-luminoso-hermosa-vista-cercano-a-lineas-1-y-6-de-metro-_JM
"1d,1b,1est,1bod - Metro Baquedano",2300.0,94450374.0,38.0,60.53,83.0,1.0,1.0,100000.0,Santiago,Santa Isabel,2026-09-24,2026-09-23,https://www.portalinmobiliario.com/MLC-2270964335-1d1b1est1bod-metro-baquedano-_JM
"Oportunidad, Barrio 10 De Julio, 2 D, 2 B, 1 Estacionamiento",3450.0,141675561.0,57.0,60.53,65.0,2.0,1.0,,Santiago,Barrio Diez De Julio,2026-09-18,2026-09-18,https://www.portalinmobiliario.com/MLC-4490231620-oportunidad-barrio-10-de-julio-2-d-2-b-1-estacionamiento-_JM
Ideal Para Inversionista (180753),2000.0,82130760.0,33.0,60.61,,1.0,,,Santiago,Santa Isabel,2026-10-01,,https://www.portalinmobiliario.com/MLC-4524158108-ideal-para-inversionista-180753-_JM
Venta Departamento 1d 2b - Parque Padre Hurtado,4850.0,199167093.0,80.0,60.62,88.0,1.0,0.0,130000.0,Las Condes,Parque Padre Alberto Hurtado,2026-09-20,2026-09-20,https://www.portalinmobiliario.com/MLC-2256963845-venta-departamento-1d-2b-parque-padre-hurtado-_JM
Av. Los Leones / Dr: Pedro Lautaro Ferrer,4250.0,174527865.0,70.0,60.71,,3.0,,,Providencia,Campus Oriente,2026-10-01,,https://www.portalinmobiliario.com/MLC-4531683934-av-los-leones-dr-pedro-lautaro-ferrer-_JM
2 Estacionamientos/argomedo  (137409),3400.0,139622292.0,56.0,60.71,65.0,2.0,2.0,100000.0,Santiago,Santa Isabel,2026-09-24,2026-09-23,https://www.portalinmobiliario.com/MLC-4510754062-2-estacionamientosargomedo-137409-_JM
Venta Depto De 2d+1b | Metro U. De Chile Y Parque Almagro,2550.0,104716719.0,42.0,60.71,74.0,2.0,0.0,95000.0,Santiago,San Diego,2026-09-23,2026-09-22,https://www.portalinmobiliario.com/MLC-2267432755-venta-depto-de-2d1b-metro-u-de-chile-y-parque-almagro-_JM
¡inversión Única! Dpto En El Corazón De Santiago,1700.0,69811146.0,28.0,60.71,,1.0,,,Santiago,Centro Histórico De Santiago,2026-10-01,,https://www.portalinmobiliario.com/MLC-4530697988-inversion-unica-dpto-en-el-corazon-de-santiago-_JM
"Venta Dpto. 2d/1b, 1b Cerca De Pque. O'higgins",2250.0,92397105.0,37.0,60.81,,2.0,30.0,,Santiago,Parque O'Higgins,2026-09-23,2026-09-23,https://www.portalinmobiliario.com/MLC-2267423547-venta-dpto-2d1b-1b-cerca-de-pque-ohiggins-_JM
Departamento En Venta De 2 Dorm. En Santiago,3650.0,149888637.0,60.0,60.83,54.0,2.0,2.0,120000.0,Santiago,Bulnes,2026-09-24,2026-09-23,https://www.portalinmobiliario.com/MLC-4510792212-departamento-en-venta-de-2-dorm-en-santiago-_JM
Vicuña Mackenna (170289),2799.0,114941999.0,46.0,60.85,83.0,2.0,1.0,90000.0,Santiago,Santa Isabel,2026-09-23,2026-09-22,https://www.portalinmobiliario.com/MLC-2268771345-vicuna-mackenna-170289-_JM
Amplios Espacios Para Disfrutar En Familia (132520),2130.0,87469259.0,35.0,60.86,,1.0,,,Santiago,Santa Isabel,2026-10-01,,https://www.portalinmobiliario.com/MLC-4524204722-amplios-espacios-para-disfrutar-en-familia-132520-_JM
Catedral Terraza,2800.0,114983064.0,46.0,60.87,73.0,2.0,0.0,130000.0,Santiago,Centro Histórico De Santiago,2026-09-22,2026-09-21,https://www.portalinmobiliario.com/MLC-2265351671-catedral-terraza-_JM
Gran Inversión A Pasos Del Metro (177266),1339.3,55000000.0,22.0,60.88,,1.0,,,Santiago,Bulnes,2026-10-01,,https://www.portalinmobiliario.com/MLC-4524197162-gran-inversion-a-pasos-del-metro-177266-_JM
Oportunidad En Santa Victoria Con Lira  2 Dor 2 Bañ  Bodega,2678.7,110000000.0,44.0,60.88,83.0,2.0,0.0,100000.0,Santiago,Santa Isabel,2026-09-24,2026-09-23,https://www.portalinmobiliario.com/MLC-4510781786-oportunidad-en-santa-victoria-con-lira-2-dor-2-ban-bodega-_JM
"Studio Venta En Santiago Centro 30m, Piso 10",1826.4,75000000.0,30.0,60.88,75.0,1.0,0.0,75000.0,Santiago,Bulnes,2026-09-25,2026-09-24,https://www.portalinmobiliario.com/MLC-2274101727-studio-venta-en-santiago-centro-30m-piso-10-_JM
Agustinas Impecable,1826.4,75000000.0,30.0,60.88,73.0,1.0,0.0,58000.0,Santiago,Centro Histórico De Santiago,2026-09-22,2026-09-22,https://www.portalinmobiliario.com/MLC-4502088298-agustinas-impecable-_JM
Departamento 2 Dormitorios Metro Bellas Artes,3350.0,137569023.0,55.0,60.91,53.0,2.0,0.0,70000.0,Santiago,Centro Histórico De Santiago,2026-09-24,2026-09-23,https://www.portalinmobiliario.com/MLC-4509235716-departamento-2-dormitorios-metro-bellas-artes-_JM
Vive O Invierte En Santiago Centro: Departamento Amoblado,1890.0,77613568.0,31.0,60.97,,1.0,,,Santiago,San Diego,2026-10-01,,https://www.portalinmobiliario.com/MLC-2288302041-vive-o-invierte-en-santiago-centro-departamento-amoblado-_JM
Departamento En Santiago,2012.0,82623545.0,33.0,60.97,71.0,1.0,0.0,,Santiago,,2026-09-23,2026-09-22,https://www.portalinmobiliario.com/MLC-2267398771-departamento-en-santiago-_JM
Departamento 1 Dormitorio Con Piscina En Santiago Centro,1770.0,72685723.0,29.0,61.03,75.0,1.0,0.0,80000.0,Santiago,Parque O'Higgins,2026-09-25,2026-09-24,https://www.portalinmobiliario.com/MLC-2273843339-departamento-1-dormitorio-con-piscina-en-santiago-centro-_JM
Departamento Inversión: 1d1b-rentando $300.000-(cap Rate 5%),1770.0,72685723.0,29.0,61.03,75.0,1.0,0.0,60000.0,Santiago,San Diego,2026-09-26,2026-09-25,https://www.portalinmobiliario.com/MLC-2275684581-departamento-inversion-1d1b-rentando-300000-cap-rate-5-_JM
Venta Estudio Santiago Centro,1100.0,45171918.0,18.0,61.11,,1.0,,,Santiago,Parque Almagro,2026-10-01,,https://www.portalinmobiliario.com/MLC-2288560849-venta-estudio-santiago-centro-_JM
"Departamento En Venta 3d, 1b, 1est, 1bod Vicuña Mackenna",2750.0,112929795.0,45.0,61.11,83.0,3.0,0.0,135000.0,Santiago,Barrio Diez De Julio,2026-09-26,2026-09-25,https://www.portalinmobiliario.com/MLC-2275652369-departamento-en-venta-3d-1b-1est-1bod-vicuna-mackenna-_JM
Depto 2 Dormitorios Estilo Mariposa Barrio Universitario P1,3300.0,135515754.0,54.0,61.11,54.0,2.0,0.0,140000.0,Santiago,Ejército - Toesca,2026-09-22,2026-09-22,https://www.portalinmobiliario.com/MLC-2264572495-depto-2-dormitorios-estilo-mariposa-barrio-universitario-p1-_JM
Acogedor Departamento 1d1b En Santiago,1528.0,62747901.0,25.0,61.12,83.0,1.0,0.0,60000.0,Santiago,Santa Isabel,2026-09-27,2026-09-26,https://www.portalinmobiliario.com/MLC-2277779869-acogedor-departamento-1d1b-en-santiago-_JM
"Loft 43 M2, Metro Moneda, Recién Remodelado",2630.0,108001949.0,43.0,61.16,74.0,,0.0,65000.0,Santiago,Centro Histórico De Santiago,2026-09-25,2026-09-24,https://www.portalinmobiliario.com/MLC-4514951916-loft-43-m2-metro-moneda-recien-remodelado-_JM
Andrés De Fuenzalida (piso 7),5200.0,213539976.0,85.0,61.18,94.0,3.0,0.0,,Providencia,,2026-09-21,2026-09-21,https://www.portalinmobiliario.com/MLC-2262135209-andres-de-fuenzalida-piso-7-_JM
Andrés De Fuenzalida (remodelado Completo),5200.0,213539976.0,85.0,61.18,94.0,3.0,0.0,115000.0,Providencia,ANDRÉS DE FUENZALIDA (REMODELADO COMPLETO),2026-09-21,2026-09-21,https://www.portalinmobiliario.com/MLC-2262135163-andres-de-fuenzalida-remodelado-completo-_JM
Oferta Irrepetible Playa Amarilla Frente A Hotel Radisson,4407.6,181000000.0,72.0,61.22,,3.0,,,Providencia,Barrio Italia,2026-10-01,,https://www.portalinmobiliario.com/MLC-2288294927-oferta-irrepetible-playa-amarilla-frente-a-hotel-radisson-_JM
2d +2b +e + B / Piso 9 / Vista Oriente (141669),3000.0,123196140.0,49.0,61.22,74.0,2.0,1.0,140000.0,Santiago,San Diego,2026-09-18,2026-09-18,https://www.portalinmobiliario.com/MLC-4491460282-2d-2b-e-b-piso-9-vista-oriente-141669-_JM
Lindo Departamento De 1d/!b En Santiago.,2142.9,88000000.0,35.0,61.23,83.0,1.0,0.0,60000.0,Santiago,Barrio Diez De Julio,2026-09-22,2026-09-21,https://www.portalinmobiliario.com/MLC-2265322701-lindo-departamento-de-1db-en-santiago-_JM
Venta Departamento 3hab 2ba Santiago,3800.0,156048444.0,62.0,61.29,65.0,3.0,1.0,60000.0,Santiago,Barrio Diez De Julio,2026-09-29,2026-09-28,https://www.portalinmobiliario.com/MLC-4524194152-venta-departamento-3hab-2ba-santiago-_JM
Nataniel Con Terraza,1900.0,78024222.0,31.0,61.29,75.0,1.0,0.0,40000.0,Santiago,Bulnes,2026-09-24,2026-09-23,https://www.portalinmobiliario.com/MLC-4510769508-nataniel-con-terraza-_JM
Departamento Venta A Pasos De La Moneda 2d 1b,1900.0,78024222.0,31.0,61.29,,2.0,,,Santiago,San Diego,2026-10-01,,https://www.portalinmobiliario.com/MLC-4528502620-departamento-venta-a-pasos-de-la-moneda-2d-1b-_JM
Liquidacion Dpto Estudio Adj En Remate Bajo Valor De Mercado,1410.0,57902186.0,23.0,61.3,66.0,,0.0,60000.0,Santiago,Barrio Brasil,2026-09-25,2026-09-24,https://www.portalinmobiliario.com/MLC-2274593241-liquidacion-dpto-estudio-adj-en-remate-bajo-valor-de-mercado-_JM
Departamento En Venta De 2 Dorm. En Santiago,3190.0,130998562.0,52.0,61.35,65.0,2.0,1.0,75000.0,Santiago,Santa Isabel,2026-09-29,2026-09-22,https://www.portalinmobiliario.com/MLC-2282571231-departamento-en-venta-de-2-dorm-en-santiago-_JM
Departamento En Arriendo De 2 Dorm. En Santiago,3500.0,143728830.0,57.0,61.4,65.0,2.0,1.0,110000.0,Santiago,Santa Isabel,2026-09-23,2026-09-22,https://www.portalinmobiliario.com/MLC-2268792347-departamento-en-arriendo-de-2-dorm-en-santiago-_JM
Estupendo Departamento A Pasos De Colón Con Manquehue,8600.0,353162268.0,140.0,61.43,92.0,3.0,1.0,250000.0,Las Condes,Sebastián Elcano,2026-09-21,2026-09-21,https://www.portalinmobiliario.com/MLC-4499241552-estupendo-departamento-a-pasos-de-colon-con-manquehue-_JM
Venta Departamento Nosp 2d 2b Barrio Brasil - Santiago,3690.0,151531252.0,60.0,61.5,47.0,2.0,0.0,80000.0,Santiago,Barrio Brasil,2026-09-20,2026-09-20,https://www.portalinmobiliario.com/MLC-2256963891-venta-departamento-nosp-2d-2b-barrio-brasil-santiago-_JM
Departamento En Venta En Santiago,1600.0,65704608.0,26.0,61.54,66.0,1.0,0.0,50000.0,Santiago,Parque Los Reyes,2026-09-23,2026-09-22,https://www.portalinmobiliario.com/MLC-2268792805-departamento-en-venta-en-santiago-_JM
Venta Depto. De 2d/2b En Sta. Victoria 411 (106750),3200.0,131409216.0,52.0,61.54,65.0,2.0,1.0,110000.0,Santiago,Santa Isabel,2026-09-27,2026-09-26,https://www.portalinmobiliario.com/MLC-4517580746-venta-depto-de-2d2b-en-sta-victoria-411-106750-_JM
"Inmejorable Ubicacion Amoblado, 2d-2b (171557)",2400.0,98556912.0,39.0,61.54,74.0,2.0,0.0,90000.0,Santiago,Bulnes,2026-09-21,2026-09-21,https://www.portalinmobiliario.com/MLC-4499463444-inmejorable-ubicacion-amoblado-2d-2b-171557-_JM
3 Dormitorios / Remodelado / Metro Manuel Montt / Central,6590.0,270620854.0,107.0,61.59,94.0,3.0,1.0,45000.0,Providencia,Manuel Montt,2026-09-22,2026-09-21,https://www.portalinmobiliario.com/MLC-2265351701-3-dormitorios-remodelado-metro-manuel-montt-central-_JM
Venta Dp 2d 2b Terraza Estac Bod  San Pablo Metro Cumming,3019.6,124000000.0,49.0,61.62,66.0,2.0,1.0,110000.0,Santiago,Parque Los Reyes,2026-09-21,2026-09-21,https://www.portalinmobiliario.com/MLC-4501526350-venta-dp-2d-2b-terraza-estac-bod-san-pablo-metro-cumming-_JM
Departamento En Venta 1d Santiago Centro Con Estac Y Bodega,1849.0,75929888.0,30.0,61.63,66.0,1.0,1.0,75000.0,Santiago,Barrio Brasil,2026-09-26,2026-09-25,https://www.portalinmobiliario.com/MLC-2275703103-departamento-en-venta-1d-santiago-centro-con-estac-y-bodega-_JM
Venta Departamento En Santiago,1850.0,75970953.0,30.0,61.67,83.0,1.0,0.0,80000.0,Santiago,Santa Isabel,2026-09-24,2026-09-23,https://www.portalinmobiliario.com/MLC-4510781768-venta-departamento-en-santiago-_JM
"Depto 2d Metro Matta, Estacionamiento Y Bodega",2900.0,119089602.0,47.0,61.7,83.0,2.0,1.0,0.0,Santiago,Bogotá - Sierra Bella,2026-09-22,2026-09-21,https://www.portalinmobiliario.com/MLC-2265348683-depto-2d-metro-matta-estacionamiento-y-bodega-_JM
"Metro, Con Estacionamiento Y Conexion A Lavad (184344)",2099.0,86196233.0,34.0,61.74,,1.0,,,Santiago,Santa Isabel,2026-10-01,,https://www.portalinmobiliario.com/MLC-4527535314-metro-con-estacionamiento-y-conexion-a-lavad-184344-_JM
"Metro, Con Estacionamiento Y Conexion A Lavad (184344)",2099.0,86196233.0,34.0,61.74,,1.0,,,Santiago,Santa Isabel,2026-10-01,,https://www.portalinmobiliario.com/MLC-4527522148-metro-con-estacionamiento-y-conexion-a-lavad-184344-_JM
Departamento En Venta En Santiago,3150.0,129355947.0,51.0,61.76,,2.0,,,Santiago,Bulnes,2026-10-01,,https://www.portalinmobiliario.com/MLC-4528528146-departamento-en-venta-en-santiago-_JM
Departamento En Venta En Santiago,2100.0,86237298.0,34.0,61.76,73.0,1.0,0.0,40000.0,Santiago,Barrio Brasil,2026-09-20,2026-09-20,https://www.portalinmobiliario.com/MLC-4496861384-departamento-en-venta-en-santiago-_JM
Departamento En Venta De 2 Dorm. En Santiago,3150.0,129355947.0,51.0,61.76,83.0,2.0,0.0,80000.0,Santiago,San Diego,2026-09-23,2026-09-22,https://www.portalinmobiliario.com/MLC-2268753631-departamento-en-venta-de-2-dorm-en-santiago-_JM
Carmen  Metro Matta,3400.0,139622292.0,55.0,61.82,65.0,2.0,1.0,145000.0,Santiago,Bogotá - Sierra Bella,2026-09-29,2026-09-28,https://www.portalinmobiliario.com/MLC-2282623445-carmen-metro-matta-_JM
Hilo Rojo Propiedades ¡vende! Departamento Santiago Oriente,4390.0,180277018.0,71.0,61.83,68.0,3.0,1.0,98000.0,Santiago,Santa Isabel,2026-09-29,2026-09-24,https://www.portalinmobiliario.com/MLC-4523773422-hilo-rojo-propiedades-vende-departamento-santiago-oriente-_JM
Excelente Oportunidad Para Inversión,2350.0,96503643.0,38.0,61.84,83.0,2.0,0.0,100000.0,Santiago,Barrio Diez De Julio,2026-09-24,2026-09-23,https://www.portalinmobiliario.com/MLC-4510769108-excelente-oportunidad-para-inversion-_JM
Depto. Iluminado Con Excelente  Vista Al Parque Los Reyes,2350.0,96503643.0,38.0,61.84,66.0,1.0,1.0,90000.0,Santiago,Parque Los Reyes,2026-09-28,2026-09-27,https://www.portalinmobiliario.com/MLC-2278351173-depto-iluminado-con-excelente-vista-al-parque-los-reyes-_JM
"Departamento En Venta En Santiago, Sector Carmen",2350.0,96503643.0,38.0,61.84,83.0,1.0,1.0,100000.0,Santiago,Santa Isabel,2026-09-23,2026-09-22,https://www.portalinmobiliario.com/MLC-2268779347-departamento-en-venta-en-santiago-sector-carmen-_JM
En Venta Depto Luminoso En El Corazón De Santiago 2d/2b,3652.7,150000000.0,59.0,61.91,65.0,2.0,0.0,120000.0,Santiago,Santa Isabel,2026-09-23,2026-09-22,https://www.portalinmobiliario.com/MLC-2268767527-en-venta-depto-luminoso-en-el-corazon-de-santiago-2d2b-_JM
Departamento En Venta De 2 Dorm. En Santiago,2910.0,119500000.0,47.0,61.91,83.0,2.0,1.0,135000.0,Santiago,Santa Isabel,2026-09-26,2026-09-25,https://www.portalinmobiliario.com/MLC-2275515115-departamento-en-venta-de-2-dorm-en-santiago-_JM
Departamento 1d1b Ideal Para Vivir O Arrendar,1921.0,78886595.0,31.0,61.97,75.0,1.0,0.0,55000.0,Santiago,Ejército - Toesca,2026-09-27,2026-09-26,https://www.portalinmobiliario.com/MLC-2278418039-departamento-1d1b-ideal-para-vivir-o-arrendar-_JM
Deptos.nuevos 2d+2b Desde Uf 3037 Bono Pie 10%,3037.0,124715559.0,49.0,61.98,,2.0,,,Santiago,Bogotá - Sierra Bella,2026-10-01,,https://www.portalinmobiliario.com/MLC-4531665404-deptosnuevos-2d2b-desde-uf-3037-bono-pie-10-_JM
Depto 2 Dormitorio Y Dos Baños Con Estacionamiento,3409.2,140000000.0,55.0,61.99,65.0,2.0,2.0,115000.0,Santiago,Santa Isabel,2026-09-28,2026-09-27,https://www.portalinmobiliario.com/MLC-4522127922-depto-2-dormitorio-y-dos-banos-con-estacionamiento-_JM
Oportunidad De Inversión,3100.0,127302678.0,50.0,62.0,74.0,2.0,1.0,130.0,Santiago,Centro Histórico De Santiago,2026-09-24,2026-09-23,https://www.portalinmobiliario.com/MLC-4509238596-oportunidad-de-inversion-_JM
Departamento En Venta De 2 Dorm. En Santiago,3100.0,127302678.0,50.0,62.0,,2.0,,,Santiago,,2026-10-01,,https://www.portalinmobiliario.com/MLC-2285760141-departamento-en-venta-de-2-dorm-en-santiago-_JM
Departamento En Venta En Santiago,3100.0,127302678.0,50.0,62.0,72.0,2.0,1.0,90000.0,Santiago,Centro Histórico De Santiago,2026-09-23,2026-09-22,https://www.portalinmobiliario.com/MLC-2268767073-departamento-en-venta-en-santiago-_JM
Excelente Deptartamento Para Inversion 2hab 2ba  Muy Central,2605.6,107000000.0,42.0,62.04,75.0,2.0,0.0,57000.0,Santiago,Santa Isabel,2026-09-26,2026-09-25,https://www.portalinmobiliario.com/MLC-2275659501-excelente-deptartamento-para-inversion-2hab-2ba-muy-central-_JM
Departamento 3d 2b 1 Box Centro De Providencia,4100.0,168368058.0,66.0,62.12,98.0,3.0,1.0,95000.0,Providencia,Providencia Entre Antonio Varas Y Carlos Antunez,2026-09-25,2026-09-24,https://www.portalinmobiliario.com/MLC-2274569097-departamento-3d-2b-1-box-centro-de-providencia-_JM
Cercano A Metro Toesca 2 Dormitorios (172665),3790.0,155637790.0,61.0,62.13,54.0,2.0,1.0,110000.0,Santiago,Ejército - Toesca,2026-09-26,2026-09-25,https://www.portalinmobiliario.com/MLC-2275959245-cercano-a-metro-toesca-2-dormitorios-172665-_JM
Vendo Departamento 1d + 1b Con Excelente Conectividad,1990.0,81720106.0,32.0,62.19,,1.0,,,Santiago,Bogotá - Sierra Bella,2026-10-01,,https://www.portalinmobiliario.com/MLC-2285745251-vendo-departamento-1d-1b-con-excelente-conectividad-_JM
"Piso Parquet, Amplios Espacios En Providencia (167538)",7900.0,324416502.0,127.0,62.2,,4.0,,,Providencia,Pedro De Valdivia,2026-10-01,,https://www.portalinmobiliario.com/MLC-4531685400-piso-parquet-amplios-espacios-en-providencia-167538-_JM
Metro Toesca - Vergara  2d2b-e,2550.0,104716719.0,41.0,62.2,74.0,2.0,1.0,85000.0,Santiago,Ejército - Toesca,2026-09-21,2026-09-21,https://www.portalinmobiliario.com/MLC-4501529920-metro-toesca-vergara-2d2b-e-_JM
Venta Departamento Santiago,1680.0,68989838.0,27.0,62.22,68.0,1.0,1.0,70000.0,Santiago,Barrio República,2026-09-24,2026-09-23,https://www.portalinmobiliario.com/MLC-4510757190-venta-departamento-santiago-_JM
Departamento Ubicado En Santiago Centro,1680.2,69000000.0,27.0,62.23,,1.0,,,Santiago,San Diego,2026-10-01,,https://www.portalinmobiliario.com/MLC-4530713298-departamento-ubicado-en-santiago-centro-_JM
Venta En Las Condes En Ubicación Inmejorable,8740.0,358911421.0,140.0,62.43,98.0,3.0,1.0,195000.0,Las Condes,Metro Manquehue - Apumanque,2026-09-27,2026-09-26,https://www.portalinmobiliario.com/MLC-2276129941-venta-en-las-condes-en-ubicacion-inmejorable-_JM
Se Vende Departamento En Excelente Ubicación,2750.0,112929795.0,44.0,62.5,83.0,2.0,0.0,60000.0,Santiago,Santa Isabel,2026-09-29,2026-09-28,https://www.portalinmobiliario.com/MLC-2282627471-se-vende-departamento-en-excelente-ubicacion-_JM
Fray Camilo Henriquez / Metro Santa Isabel,2500.0,102663450.0,40.0,62.5,83.0,1.0,1.0,90000.0,Santiago,Barrio Diez De Julio,2026-09-23,2026-09-22,https://www.portalinmobiliario.com/MLC-4509221366-fray-camilo-henriquez-metro-santa-isabel-_JM
Maravilloso Departamento En Pleno Centro De Santiago,2000.0,82130760.0,32.0,62.5,74.0,1.0,0.0,65000.0,Santiago,Bulnes,2026-09-22,2026-09-22,https://www.portalinmobiliario.com/MLC-4502092366-maravilloso-departamento-en-pleno-centro-de-santiago-_JM
"Hermoso Depto 1d 1b, Pasos Metro",2250.0,92397105.0,36.0,62.5,72.0,1.0,0.0,60000.0,Santiago,Centro Histórico De Santiago,2026-09-24,2026-09-23,https://www.portalinmobiliario.com/MLC-4510787354-hermoso-depto-1d-1b-pasos-metro-_JM
Depto  1 Dormitorio Y 1 Baño A Tres Cuadras Del Centro,1875.1,77000000.0,30.0,62.5,83.0,1.0,0.0,0.0,Santiago,Santa Isabel,2026-09-28,2026-09-27,https://www.portalinmobiliario.com/MLC-4522101888-depto-1-dormitorio-y-1-bano-a-tres-cuadras-del-centro-_JM
Metro Matta Con Estacionamiento Y Bodega,2750.0,112929795.0,44.0,62.5,83.0,2.0,1.0,80000.0,Santiago,METRO MATTA CON ESTACIONAMIENTO Y BODEGA,2026-09-25,2026-09-24,https://www.portalinmobiliario.com/MLC-2274592915-metro-matta-con-estacionamiento-y-bodega-_JM
02- Venta 3dorm 2 Baños Estac Y Bod Lord Cochrane/e. Ramirez,4200.0,172474596.0,67.0,62.69,54.0,3.0,1.0,160000.0,Santiago,Bulnes,2026-09-24,2026-09-23,https://www.portalinmobiliario.com/MLC-4510337864-02-venta-3dorm-2-banos-estac-y-bod-lord-cochranee-ramirez-_JM
Departamento En Venta En Santiago,2383.0,97858801.0,38.0,62.71,74.0,1.0,0.0,35000.0,Santiago,Parque O'Higgins,2026-09-23,2026-09-22,https://www.portalinmobiliario.com/MLC-2268792825-departamento-en-venta-en-santiago-_JM
Departamento En Venta Para Inversionistas,2069.9,85000000.0,33.0,62.72,,1.0,,,Santiago,Barrio Brasil,2026-10-01,,https://www.portalinmobiliario.com/MLC-4533927032-departamento-en-venta-para-inversionistas-_JM
Busca La Comodidad Para Vivir. (132190),1945.0,79872164.0,31.0,62.74,83.0,,0.0,0.0,Santiago,Santa Isabel,2026-09-27,2026-09-26,https://www.portalinmobiliario.com/MLC-4517588920-busca-la-comodidad-para-vivir-132190-_JM
Venta Departamento 2 Habitaciones - Santa Rosa (v5236),2700.0,110876526.0,43.0,62.79,,2.0,,,Santiago,Santa Isabel,2026-10-01,,https://www.portalinmobiliario.com/MLC-4526093150-venta-departamento-2-habitaciones-santa-rosa-v5236-_JM
Metro La Moneda Con Terraza Impecable Con Bodega,2200.0,90343836.0,35.0,62.86,73.0,1.0,0.0,60000.0,Santiago,Centro Histórico De Santiago,2026-09-22,2026-09-21,https://www.portalinmobiliario.com/MLC-2265326277-metro-la-moneda-con-terraza-impecable-con-bodega-_JM
"Depto. 406, 1 Dormitorio, Metro Moneda",2200.0,90343836.0,35.0,62.86,74.0,1.0,0.0,55000.0,Santiago,Parque Almagro,2026-09-21,2026-09-21,https://www.portalinmobiliario.com/MLC-4499777296-depto-406-1-dormitorio-metro-moneda-_JM
Departamento En Venta En Santiago,2200.0,90343836.0,35.0,62.86,74.0,,0.0,60000.0,Santiago,Parque O'Higgins,2026-09-23,2026-09-22,https://www.portalinmobiliario.com/MLC-2268753687-departamento-en-venta-en-santiago-_JM
Depto 1 Dorm Inversión Airbnb Metro Santa Lucía,2200.0,90343836.0,35.0,62.86,83.0,1.0,0.0,0.0,Santiago,Barrio San Borja,2026-09-21,2026-09-21,https://www.portalinmobiliario.com/MLC-4499773786-depto-1-dorm-inversion-airbnb-metro-santa-lucia-_JM
"Inversión! Nuevo, 1d, 1b-parque Los Reyes",2200.0,90343836.0,35.0,62.86,66.0,1.0,0.0,,Santiago,Parque Los Reyes,2026-09-18,2026-09-18,https://www.portalinmobiliario.com/MLC-4490281536-inversion-nuevo-1d-1b-parque-los-reyes-_JM
Metro Irarrázabal / Santa Eelna/ Vicuña Mackenna,2200.0,90343836.0,35.0,62.86,83.0,1.0,0.0,50000.0,Santiago,Barrio Diez De Julio,2026-09-22,2026-09-22,https://www.portalinmobiliario.com/MLC-4501920318-metro-irarrazabal-santa-eelna-vicuna-mackenna-_JM
Inversión Metro Irarrázaval | 2d 1b | 2.390uf (179827),2390.0,98146258.0,38.0,62.89,83.0,2.0,1.0,95000.0,Santiago,Barrio Diez De Julio,2026-09-21,2026-09-21,https://www.portalinmobiliario.com/MLC-2262132535-inversion-metro-irarrazaval-2d-1b-2390uf-179827-_JM
Oportunidad!! Bodega Y Estacionamiento!!  (102236),2390.0,98146258.0,38.0,62.89,74.0,2.0,1.0,85000.0,Santiago,San Diego,2026-09-18,2026-09-18,https://www.portalinmobiliario.com/MLC-4491447344-oportunidad-bodega-y-estacionamiento-102236-_JM
Venta Departamento Studio  Amunategui - Santiago  (5334),1700.0,69811146.0,27.0,62.96,74.0,,0.0,65000.0,Santiago,Centro Histórico De Santiago,2026-09-28,2026-09-24,https://www.portalinmobiliario.com/MLC-4522128448-venta-departamento-studio-amunategui-santiago-5334-_JM
Oportunidad Dúplex Remodelado/paul Harris,8500.0,349055730.0,135.0,62.96,,4.0,,,Las Condes,Los Dominicos,2026-10-01,,https://www.portalinmobiliario.com/MLC-2288302481-oportunidad-duplex-remodeladopaul-harris-_JM
"Venta Departamento Providencia, Los Leones",5990.0,245981626.0,95.0,63.05,,3.0,,,Providencia,Los Leones,2026-10-01,,https://www.portalinmobiliario.com/MLC-2285767761-venta-departamento-providencia-los-leones-_JM
Departamento En Venta 2d-2b-1 Bodega En Santiago,3090.0,126892024.0,49.0,63.06,83.0,2.0,0.0,80000.0,Santiago,San Diego,2026-09-23,2026-09-22,https://www.portalinmobiliario.com/MLC-2268765779-departamento-en-venta-2d-2b-1-bodega-en-santiago-_JM
Departamento En Venta En Santiago,2650.0,108823257.0,42.0,63.1,83.0,2.0,0.0,50000.0,Santiago,Bogotá - Sierra Bella,2026-09-23,2026-09-22,https://www.portalinmobiliario.com/MLC-2268754133-departamento-en-venta-en-santiago-_JM
Rosal / Lastarria,6500.0,266924970.0,103.0,63.11,,3.0,,,Santiago,Barrio Lastarria,2026-10-01,,https://www.portalinmobiliario.com/MLC-4526123702-rosal-lastarria-_JM
"Se Vende Departamento, Metro Santa Lucía",2150.0,88290567.0,34.0,63.24,83.0,1.0,1.0,70000.0,Santiago,Santa Isabel,2026-09-29,2026-09-28,https://www.portalinmobiliario.com/MLC-2282626667-se-vende-departamento-metro-santa-lucia-_JM
Venta Depto Padre Orellana 1656 Stgo Centro Limite Con Ñuñoa,3479.0,142866457.0,55.0,63.25,61.0,3.0,0.0,120000.0,Santiago,Bogotá - Sierra Bella,2026-09-24,2026-09-23,https://www.portalinmobiliario.com/MLC-4509229502-venta-depto-padre-orellana-1656-stgo-centro-limite-con-nunoa-_JM
Venta Dpto 1d &#43; 1b Santiago Galería Cohen,1899.4,78000000.0,30.0,63.31,,1.0,,,Santiago,Centro Histórico De Santiago,2026-10-01,,https://www.portalinmobiliario.com/MLC-4525966094-venta-dpto-1d-43-1b-santiago-galeria-cohen-_JM
Depto Nuevos Amoblados Ideal Renta Corta 2786 Uf,2786.0,114408149.0,44.0,63.32,68.0,1.0,1.0,0.0,Santiago,Barrio República,2026-09-26,2026-09-25,https://www.portalinmobiliario.com/MLC-2275676619-depto-nuevos-amoblados-ideal-renta-corta-2786-uf-_JM
Oportunidad- Hermoso Dpto Venta Inmejorable Ubicación,1900.0,78024222.0,30.0,63.33,74.0,1.0,0.0,70000.0,Santiago,Parque Almagro,2026-09-22,2026-09-22,https://www.portalinmobiliario.com/MLC-2264460443-oportunidad-hermoso-dpto-venta-inmejorable-ubicacion-_JM
"Vive Con Tranquilidad, Lindo Departamento. (132454)",2470.0,101431489.0,39.0,63.33,74.0,2.0,0.0,109009.0,Santiago,Centro Histórico De Santiago,2026-09-28,2026-09-27,https://www.portalinmobiliario.com/MLC-4520042534-vive-con-tranquilidad-lindo-departamento-132454-_JM
Tu Departamento En El Corazón De Santiago,1900.0,78024222.0,30.0,63.33,,1.0,,,Santiago,Bulnes,2026-10-01,,https://www.portalinmobiliario.com/MLC-2290631793-tu-departamento-en-el-corazon-de-santiago-_JM
Departamento Mario Kreutzberger Id: 140513,1900.0,78024222.0,30.0,63.33,73.0,1.0,1.0,0.0,Santiago,Centro Histórico De Santiago,2026-09-21,2026-09-21,https://www.portalinmobiliario.com/MLC-2262132171-departamento-mario-kreutzberger-id-140513-_JM
"3d, 2b,est",5700.0,234072666.0,90.0,63.33,80.0,3.0,0.0,100000.0,Providencia,Barrio Italia,2026-09-22,2026-09-22,https://www.portalinmobiliario.com/MLC-4501532750-3d-2best-_JM
Departamento En Venta En Santiago,1900.0,78024222.0,30.0,63.33,83.0,1.0,0.0,76000.0,Santiago,Santa Isabel,2026-09-21,2026-09-21,https://www.portalinmobiliario.com/MLC-4501523772-departamento-en-venta-en-santiago-_JM
Inversionistas ! Amoblado Centrico  Arriendo Asegurado,2600.0,106769988.0,41.0,63.41,,1.0,,,Santiago,San Diego,2026-10-01,,https://www.portalinmobiliario.com/MLC-4528502986-inversionistas-amoblado-centrico-arriendo-asegurado-_JM
Venta Dpto 2d/2b Con Estac Y Bodega Santiago,3043.9,125000000.0,48.0,63.41,74.0,2.0,1.0,86000.0,Santiago,Centro Histórico De Santiago,2026-09-23,2026-09-22,https://www.portalinmobiliario.com/MLC-2268767721-venta-dpto-2d2b-con-estac-y-bodega-santiago-_JM
Amplio Departamento En Zona Céntrica De Santiago.,3300.0,135515754.0,52.0,63.46,54.0,2.0,1.0,90000.0,Santiago,Bulnes,2026-09-24,2026-09-23,https://www.portalinmobiliario.com/MLC-4510783040-amplio-departamento-en-zona-centrica-de-santiago-_JM
Venta Metro Union Latinoamericana / Libertad,2412.0,99049697.0,38.0,63.47,68.0,1.0,0.0,0.0,Santiago,Barrio Yungay,2026-09-22,2026-09-22,https://www.portalinmobiliario.com/MLC-2264204001-venta-metro-union-latinoamericana-libertad-_JM
Venta Depto 1d 1b  Stgo Centro,1460.0,59955455.0,23.0,63.48,74.0,1.0,0.0,0.0,Santiago,Centro Histórico De Santiago,2026-09-26,2026-09-25,https://www.portalinmobiliario.com/MLC-4514954424-venta-depto-1d-1b-stgo-centro-_JM
Amplio Departamento Con Est Y Bod,4700.0,193007286.0,74.0,63.51,,2.0,,,Santiago,Centro Histórico De Santiago,2026-10-01,,https://www.portalinmobiliario.com/MLC-4530697616-amplio-departamento-con-est-y-bod-_JM
Moneda 1494 Esq San Martin,2922.2,120000000.0,46.0,63.53,74.0,2.0,0.0,35000.0,Santiago,Centro Histórico De Santiago,2026-09-26,2026-09-25,https://www.portalinmobiliario.com/MLC-2275677991-moneda-1494-esq-san-martin-_JM
Hermoso Departamento 1d1b En Santiago Centro,1970.0,80898799.0,31.0,63.55,75.0,1.0,0.0,80000.0,Santiago,Parque Almagro,2026-09-26,2026-09-25,https://www.portalinmobiliario.com/MLC-4515181162-hermoso-departamento-1d1b-en-santiago-centro-_JM
Compra Tu Departamento Ahora. (132516),2860.0,117446987.0,45.0,63.56,,2.0,,,Santiago,Barrio República,2026-10-01,,https://www.portalinmobiliario.com/MLC-4524166146-compra-tu-departamento-ahora-132516-_JM
Venta Departamento 2 Habitaciones 2 Baños - Santiago (5057),3750.0,153995175.0,59.0,63.56,,2.0,,,Santiago,Santa Isabel,2026-10-01,,https://www.portalinmobiliario.com/MLC-4531679060-venta-departamento-2-habitaciones-2-banos-santiago-5057-_JM
Precioso Departamento 4d/3b A Pasos De Metro Tobalaba,8900.0,365481882.0,140.0,63.57,91.0,4.0,1.0,550000.0,Providencia,Metro Tobalaba - Mall Costanera,2026-09-25,2026-09-24,https://www.portalinmobiliario.com/MLC-2274090349-precioso-departamento-4d3b-a-pasos-de-metro-tobalaba-_JM
"Con Estacionamiento, Impecable! (179085)",2099.0,86196233.0,33.0,63.61,83.0,1.0,1.0,80000.0,Santiago,Santa Isabel,2026-09-23,2026-09-22,https://www.portalinmobiliario.com/MLC-2268784315-con-estacionamiento-impecable-179085-_JM
"Rebajado, 1 D, Terraza, Bulnes",2290.0,94039720.0,36.0,63.61,74.0,1.0,0.0,,Santiago,Bulnes,2026-09-18,2026-09-18,https://www.portalinmobiliario.com/MLC-2253748901-rebajado-1-d-terraza-bulnes-_JM
Con Estacionamiento Y Bodega  (171685),2290.0,94039720.0,36.0,63.61,74.0,1.0,1.0,55000.0,Santiago,Centro Histórico De Santiago,2026-09-23,2026-09-22,https://www.portalinmobiliario.com/MLC-2268797365-con-estacionamiento-y-bodega-171685-_JM
Con Estacionamiento Y Bodega  (173192),2290.0,94039720.0,36.0,63.61,,1.0,,,Santiago,Centro Histórico De Santiago,2026-10-01,,https://www.portalinmobiliario.com/MLC-4524159992-con-estacionamiento-y-bodega-173192-_JM
Dept 1d 1b Santa Elana 1342,2100.0,86237298.0,33.0,63.64,83.0,1.0,0.0,75000.0,Santiago,Bogotá - Sierra Bella,2026-09-18,2026-09-18,https://www.portalinmobiliario.com/MLC-2253745101-dept-1d-1b-santa-elana-1342-_JM
Departmento Estilo Mariposa 2d/2b Metro Toesca (179965),3500.0,143728830.0,55.0,63.64,54.0,2.0,1.0,130000.0,Santiago,Ejército - Toesca,2026-09-22,2026-09-21,https://www.portalinmobiliario.com/MLC-4503367742-departmento-estilo-mariposa-2d2b-metro-toesca-179965-_JM
Cómodo Y Acogedor Departamento En Venta.,2100.0,86237298.0,33.0,63.64,,1.0,,,Santiago,Centro Histórico De Santiago,2026-10-01,,https://www.portalinmobiliario.com/MLC-4531673432-comodo-y-acogedor-departamento-en-venta-_JM
Departamento En Venta En Santiago,2100.0,86237298.0,33.0,63.64,,1.0,,,Santiago,Santa Isabel,2026-10-01,,https://www.portalinmobiliario.com/MLC-4531686584-departamento-en-venta-en-santiago-_JM
"Portugal, Est Y Bod",3500.0,143728830.0,55.0,63.64,65.0,2.0,1.0,100000.0,Santiago,Santa Isabel,2026-09-25,2026-09-24,https://www.portalinmobiliario.com/MLC-4514085894-portugal-est-y-bod-_JM
Departamento Recien Remodelado En Providencia,6240.0,256247971.0,98.0,63.67,,3.0,,,Providencia,Pedro De Valdivia,2026-10-01,,https://www.portalinmobiliario.com/MLC-4531655446-departamento-recien-remodelado-en-providencia-_JM
"Pie Paga Solo 1% C/ 12 Cuotas Estudio E,nuevo, Beauchef 1916",2040.0,83773375.0,32.0,63.75,,1.0,,,Santiago,Parque O'Higgins,2026-10-01,,https://www.portalinmobiliario.com/MLC-2285772171-pie-paga-solo-1-c-12-cuotas-estudio-enuevo-beauchef-1916-_JM
"Sta Isabel/serrano, Est Y Bod",2678.7,110000000.0,42.0,63.78,75.0,2.0,1.0,130000.0,Santiago,San Diego,2026-09-28,2026-09-27,https://www.portalinmobiliario.com/MLC-4522120680-sta-isabelserrano-est-y-bod-_JM
"Sta Isabel/serrano, Est Y Bod",2678.7,110000000.0,42.0,63.78,75.0,2.0,1.0,130000.0,Santiago,San Diego,2026-09-28,2026-09-27,https://www.portalinmobiliario.com/MLC-4522129206-sta-isabelserrano-est-y-bod-_JM
Estupendo Depto En Santiago Centro,1850.0,75970953.0,29.0,63.79,71.0,1.0,1.0,0.0,Santiago,Centro Histórico De Santiago,2026-09-21,2026-09-21,https://www.portalinmobiliario.com/MLC-4500847068-estupendo-depto-en-santiago-centro-_JM
Venta Departamento Remodelado  1d-1b  Metro Matta Bd,1850.0,75970953.0,29.0,63.79,83.0,1.0,0.0,80000.0,Santiago,Bogotá - Sierra Bella,2026-09-23,2026-09-22,https://www.portalinmobiliario.com/MLC-2267422103-venta-departamento-remodelado-1d-1b-metro-matta-bd-_JM
Oportunidad Bello Dpto. Matucana 2d/1b/1e,3000.0,123196140.0,47.0,63.83,,2.0,,,Santiago,,2026-10-01,,https://www.portalinmobiliario.com/MLC-2285768975-oportunidad-bello-dpto-matucana-2d1b1e-_JM
Remodelado 3d 2b En Exclusivo Sector De Providencia,6000.0,246392280.0,94.0,63.83,94.0,3.0,0.0,120000.0,Providencia,Pedro De Valdivia,2026-09-25,2026-09-24,https://www.portalinmobiliario.com/MLC-2274557531-remodelado-3d-2b-en-exclusivo-sector-de-providencia-_JM
Depto Studio En Excelente Ubicación!,1660.0,68168531.0,26.0,63.85,74.0,1.0,0.0,75000.0,Santiago,Centro Histórico De Santiago,2026-09-24,2026-09-23,https://www.portalinmobiliario.com/MLC-4509210524-depto-studio-en-excelente-ubicacion-_JM
Departamento En Venta En Santiago,2300.0,94450374.0,36.0,63.89,83.0,1.0,0.0,35000.0,Santiago,Santa Isabel,2026-09-23,2026-09-22,https://www.portalinmobiliario.com/MLC-2268767155-departamento-en-venta-en-santiago-_JM
Departamento Loft En Venta A Pasos Metro Parque Almagro,2300.0,94450374.0,36.0,63.89,,1.0,,,Santiago,San Diego,2026-10-01,,https://www.portalinmobiliario.com/MLC-4525972930-departamento-loft-en-venta-a-pasos-metro-parque-almagro-_JM
"R.de Triana/flandes 140 Mts, 3d/2b, Servicios, 2estac/bod Dn",8950.0,367535151.0,140.0,63.93,,4.0,,,Providencia,Las Lilas,2026-10-01,,https://www.portalinmobiliario.com/MLC-4526127442-rde-trianaflandes-140-mts-3d2b-servicios-2estacbod-dn-_JM
Departamento En Venta De 2 Dorm. En Santiago,3200.0,131409216.0,50.0,64.0,,2.0,,,Santiago,Parque O'Higgins,2026-10-01,,https://www.portalinmobiliario.com/MLC-4526129212-departamento-en-venta-de-2-dorm-en-santiago-_JM
Oportunidad Inversionistas Venta Con Arrendatario 1d+1b,1600.0,65704608.0,25.0,64.0,,1.0,,,Santiago,San Diego,2026-10-01,,https://www.portalinmobiliario.com/MLC-2285732813-oportunidad-inversionistas-venta-con-arrendatario-1d1b-_JM
Dpto 1d/1b En Santa Isabel - Metro Santa Isabel,2050.0,84184029.0,32.0,64.06,83.0,1.0,0.0,70000.0,Santiago,Santa Isabel,2026-09-26,2026-09-25,https://www.portalinmobiliario.com/MLC-2276105495-dpto-1d1b-en-santa-isabel-metro-santa-isabel-_JM
Inversión Segura En Providencia Acepta Oferta (173399),4870.3,200000000.0,76.0,64.08,,4.0,,,Providencia,Manuel Montt,2026-10-01,,https://www.portalinmobiliario.com/MLC-4528510912-inversion-segura-en-providencia-acepta-oferta-173399-_JM
Increible Departamento Argomedo 11,2500.0,102663450.0,39.0,64.1,83.0,1.0,1.0,70000.0,Santiago,Santa Isabel,2026-09-23,2026-09-22,https://www.portalinmobiliario.com/MLC-2267401639-increible-departamento-argomedo-11-_JM
Venta Departamento 2 Habitaciones M. A. Tocornal (5281),2500.0,102663450.0,39.0,64.1,83.0,2.0,1.0,65000.0,Santiago,Santa Isabel,2026-09-28,2026-09-27,https://www.portalinmobiliario.com/MLC-4522102610-venta-departamento-2-habitaciones-m-a-tocornal-5281-_JM
Venta Departamento 1 Habitación - Portugal (5052),1990.0,81720106.0,31.0,64.19,,1.0,,,Santiago,Santa Isabel,2026-10-01,,https://www.portalinmobiliario.com/MLC-4526130252-venta-departamento-1-habitacion-portugal-5052-_JM
Vende Depto 2 Ambientes Metro Santa Isabel (63391),1990.0,81720106.0,31.0,64.19,83.0,1.0,0.0,85000.0,Santiago,Santa Isabel,2026-09-25,2026-09-24,https://www.portalinmobiliario.com/MLC-2274573755-vende-depto-2-ambientes-metro-santa-isabel-63391-_JM
Inversión Segura En Zona En Crecimiento (177264),1412.4,58000000.0,22.0,64.2,,1.0,,,Santiago,Bulnes,2026-10-01,,https://www.portalinmobiliario.com/MLC-4524184370-inversion-segura-en-zona-en-crecimiento-177264-_JM
Departamento Clásico Renovado! (173371),6100.0,250498818.0,95.0,64.21,80.0,3.0,0.0,150000.0,Santiago,Barrio Lastarria,2026-09-28,2026-09-27,https://www.portalinmobiliario.com/MLC-4520105678-departamento-clasico-renovado-173371-_JM
Venta Departamento Remodelado,2120.0,87058606.0,33.0,64.24,73.0,1.0,0.0,70000.0,Santiago,Centro Histórico De Santiago,2026-09-22,2026-09-22,https://www.portalinmobiliario.com/MLC-4501921446-venta-departamento-remodelado-_JM
Venta Departamento Studio España - Santiago (5197),1156.7,47500000.0,18.0,64.26,,,,,Santiago,Barrio República,2026-10-01,,https://www.portalinmobiliario.com/MLC-4531653144-venta-departamento-studio-espana-santiago-5197-_JM
Oportunidad Dep Barrio Universitario En Venta. Santiago,1800.0,73917684.0,28.0,64.29,74.0,1.0,0.0,70000.0,Santiago,Ejército - Toesca,2026-09-22,2026-09-22,https://www.portalinmobiliario.com/MLC-2264461823-oportunidad-dep-barrio-universitario-en-venta-santiago-_JM
Oportunidad De Inversión (180605),1350.0,55438263.0,21.0,64.29,72.0,1.0,0.0,35000.0,Santiago,Centro Histórico De Santiago,2026-09-27,2026-09-26,https://www.portalinmobiliario.com/MLC-4517626256-oportunidad-de-inversion-180605-_JM
Departamento En Venta En Santiago,2700.0,110876526.0,42.0,64.29,74.0,1.0,0.0,32000.0,Santiago,Centro Histórico De Santiago,2026-09-23,2026-09-22,https://www.portalinmobiliario.com/MLC-2268779841-departamento-en-venta-en-santiago-_JM
Felipe Ii / A. Vespucio,8036.0,330000000.0,125.0,64.29,,3.0,,,Las Condes,Vaticano,2026-10-01,,https://www.portalinmobiliario.com/MLC-2285766233-felipe-ii-a-vespucio-_JM
Oportunidad De Inversión (176754),1350.0,55438263.0,21.0,64.29,72.0,1.0,0.0,35000.0,Santiago,Centro Histórico De Santiago,2026-09-24,2026-09-23,https://www.portalinmobiliario.com/MLC-4510792622-oportunidad-de-inversion-176754-_JM
Oportunidad Departamento Barrio Parque Inés De Suárez,4505.0,185000000.0,70.0,64.36,85.0,3.0,1.0,80000.0,Providencia,Inés De Suárez,2026-09-29,2026-09-28,https://www.portalinmobiliario.com/MLC-4523747708-oportunidad-departamento-barrio-parque-ines-de-suarez-_JM
Metro Irarrázaval - Av. Portugal - Coquimbo,1996.8,82000000.0,31.0,64.41,83.0,1.0,1.0,85000.0,Santiago,Barrio Diez De Julio,2026-09-26,2026-09-25,https://www.portalinmobiliario.com/MLC-2275685465-metro-irarrazaval-av-portugal-coquimbo-_JM
Venta Departamento 1hab 1ba Santiago,2385.0,97940931.0,37.0,64.46,83.0,1.0,1.0,0.0,Santiago,Santa Isabel,2026-09-21,2026-09-21,https://www.portalinmobiliario.com/MLC-4499772872-venta-departamento-1hab-1ba-santiago-_JM
Departamento En Venta En Santiago,2450.0,100610181.0,38.0,64.47,83.0,1.0,20.0,45000.0,Santiago,Santa Isabel / Santa Rosa,2026-09-22,2026-09-21,https://www.portalinmobiliario.com/MLC-2265321517-departamento-en-venta-en-santiago-_JM
Oportunidad Departamento En Venta De 1d 1b. Metro Moneda,2650.0,108823257.0,41.0,64.63,75.0,1.0,0.0,80000.0,Santiago,Bulnes,2026-09-28,2026-09-27,https://www.portalinmobiliario.com/MLC-4520106828-oportunidad-departamento-en-venta-de-1d-1b-metro-moneda-_JM
Departamento En Venta 1d 1b | Santiago Centro L Toesca  P,2200.0,90343836.0,34.0,64.71,74.0,1.0,0.0,120000.0,Santiago,Ejército - Toesca,2026-09-21,2026-09-21,https://www.portalinmobiliario.com/MLC-4502083610-departamento-en-venta-1d-1b-santiago-centro-l-toesca-p-_JM
"Departamento Gral. Gana, Excelente Inversión!!",1100.0,45171918.0,17.0,64.71,72.0,1.0,0.0,36000.0,Santiago,Franklin - Biobío,2026-09-23,2026-09-22,https://www.portalinmobiliario.com/MLC-4505445636-departamento-gral-gana-excelente-inversion-_JM
Venta Departamento Santiago Metro Irarrazabal,1100.0,45171918.0,17.0,64.71,83.0,1.0,0.0,30000.0,Santiago,Bogotá - Sierra Bella,2026-09-23,2026-09-22,https://www.portalinmobiliario.com/MLC-4505432310-venta-departamento-santiago-metro-irarrazabal-_JM
"Depto 1d, Inversión, Excelente Condominio  (160242)",2264.7,93000000.0,35.0,64.71,75.0,,0.0,65000.0,Santiago,Centro Histórico De Santiago,2026-09-24,2026-09-23,https://www.portalinmobiliario.com/MLC-4510792936-depto-1d-inversion-excelente-condominio-160242-_JM
Departamento Santiago Id: 90020,2330.0,95682335.0,36.0,64.72,74.0,1.0,1.0,70000.0,Santiago,Santiago,2026-09-22,2026-09-22,https://www.portalinmobiliario.com/MLC-2264534299-departamento-santiago-id-90020-_JM
Amplitud Areas Verdes Y Todo Al Alcance,6800.0,279244584.0,105.0,64.76,94.0,3.0,0.0,140000.0,Providencia,Pedro De Valdivia,2026-09-25,2026-09-24,https://www.portalinmobiliario.com/MLC-2274563851-amplitud-areas-verdes-y-todo-al-alcance-_JM
"Eleuterio Ramirez, 2 Dorm, 2 Baño, Estacionam (126709)",3175.0,130382581.0,49.0,64.8,,2.0,,,Santiago,San Diego,2026-10-01,,https://www.portalinmobiliario.com/MLC-4524180056-eleuterio-ramirez-2-dorm-2-bano-estacionam-126709-_JM
Amoblado 2d 1b (172349),3499.0,143687765.0,54.0,64.8,48.0,2.0,0.0,90000.0,Santiago,Barrio República,2026-09-25,2026-09-24,https://www.portalinmobiliario.com/MLC-2274557341-amoblado-2d-1b-172349-_JM
Se Vende Departamento 2d-2b En Santiago - Parque Almagro,3500.0,143728830.0,54.0,64.81,54.0,2.0,1.0,150000.0,Santiago,San Diego,2026-09-28,2026-09-25,https://www.portalinmobiliario.com/MLC-2282581481-se-vende-departamento-2d-2b-en-santiago-parque-almagro-_JM
"Departamento 2 D, 2, B, Est, Bog Cerca De Metro",3047.0,125126213.0,47.0,64.83,68.0,2.0,1.0,90000.0,Santiago,Barrio República,2026-09-23,2026-09-22,https://www.portalinmobiliario.com/MLC-2268793781-departamento-2-d-2-b-est-bog-cerca-de-metro-_JM
Departamento Providencia 3 D + 2 B + Servicios,8300.0,340842654.0,128.0,64.84,91.0,4.0,1.0,460000.0,Providencia,Metro Tobalaba - Mall Costanera,2026-09-22,2026-09-22,https://www.portalinmobiliario.com/MLC-4502088502-departamento-providencia-3-d-2-b-servicios-_JM
Vendo Departamento Santiago  (125146),2400.0,98556912.0,37.0,64.86,74.0,1.0,0.0,70000.0,Santiago,San Diego,2026-09-22,2026-09-21,https://www.portalinmobiliario.com/MLC-2265319151-vendo-departamento-santiago-125146-_JM
Metro Parque Almagro Depto 1d+1b,1816.0,74574730.0,28.0,64.86,,1.0,,,Santiago,Parque Almagro,2026-10-01,,https://www.portalinmobiliario.com/MLC-4526126584-metro-parque-almagro-depto-1d1b-_JM
Departamento En Las Condes/ Martin Alonso Pinzon,8183.0,336038005.0,126.0,64.94,92.0,4.0,1.0,165000.0,Las Condes,Las Condes,2026-09-23,2026-09-22,https://www.portalinmobiliario.com/MLC-2267458187-departamento-en-las-condes-martin-alonso-pinzon-_JM
Oportunidad Amplio Departamento Remodelado En Providencia,6300.0,258711894.0,97.0,64.95,,2.0,,,Providencia,Pedro De Valdivia,2026-10-01,,https://www.portalinmobiliario.com/MLC-4533858200-oportunidad-amplio-departamento-remodelado-en-providencia-_JM
Venta Departamento 2d Y 2b Centro Histórico - Santiago,6370.0,261586471.0,98.0,65.0,80.0,2.0,1.0,140000.0,Santiago,Centro Histórico De Santiago,2026-09-20,2026-09-20,https://www.portalinmobiliario.com/MLC-2256976639-venta-departamento-2d-y-2b-centro-historico-santiago-_JM
Con Bodega · Parque Forestal · Metro Bellas Artes,1950.0,80077491.0,30.0,65.0,,1.0,0.0,,Santiago,Centro Histórico De Santiago,2026-09-28,2026-09-28,https://www.portalinmobiliario.com/MLC-4519992958-con-bodega-parque-forestal-metro-bellas-artes-_JM
Dpto 1 Dormitorio. Metro Santa Lucia. (153991),1950.0,80077491.0,30.0,65.0,83.0,1.0,0.0,65000.0,Santiago,Santa Isabel,2026-09-23,2026-09-22,https://www.portalinmobiliario.com/MLC-4507149630-dpto-1-dormitorio-metro-santa-lucia-153991-_JM
Venta Departamento S 2d 1b 1e Santa Isabel - Santiago,2990.0,122785486.0,46.0,65.0,83.0,2.0,1.0,90.0,Santiago,Santa Isabel,2026-09-20,2026-09-20,https://www.portalinmobiliario.com/MLC-4495765498-venta-departamento-s-2d-1b-1e-santa-isabel-santiago-_JM
¡vive En Santiago: Departamento Ideal!,2600.0,106769988.0,40.0,65.0,79.0,2.0,1.0,80000.0,Santiago,Bogotá - Sierra Bella,2026-09-23,2026-09-22,https://www.portalinmobiliario.com/MLC-2268780557-vive-en-santiago-departamento-ideal-_JM
Tu Nuevo Hogar En Santiago Con Excelente Conectividad,1755.0,72069742.0,27.0,65.0,72.0,1.0,0.0,65000.0,Santiago,Centro Histórico De Santiago,2026-09-27,2026-09-26,https://www.portalinmobiliario.com/MLC-4517628056-tu-nuevo-hogar-en-santiago-con-excelente-conectividad-_JM
"Venta Departamento De 1 Dormitorio, 1 Baño Y Estacionamient",1950.0,80077491.0,30.0,65.0,83.0,1.0,1.0,65000.0,Santiago,Santa Isabel,2026-09-18,2026-09-18,https://www.portalinmobiliario.com/MLC-2253529305-venta-departamento-de-1-dormitorio-1-bano-y-estacionamient-_JM
"1 Dormitorio, 1 Baño, Año 2006 , Metro República",2600.0,106769988.0,40.0,65.0,68.0,1.0,0.0,65000.0,Santiago,Barrio República,2026-09-18,2026-09-18,https://www.portalinmobiliario.com/MLC-4491473660-1-dormitorio-1-bano-ano-2006-metro-republica-_JM
Excelente 2d2b Con Terraza En Santiago,2925.0,120116236.0,45.0,65.0,75.0,2.0,0.0,155000.0,Santiago,Ejército - Toesca,2026-09-24,2026-09-23,https://www.portalinmobiliario.com/MLC-4510781970-excelente-2d2b-con-terraza-en-santiago-_JM
Departamento En Venta De 2 Dorm. En Santiago,2600.0,106769988.0,40.0,65.0,72.0,2.0,1.0,0.0,Santiago,Parque O'Higgins,2026-09-22,2026-09-22,https://www.portalinmobiliario.com/MLC-4502085876-departamento-en-venta-de-2-dorm-en-santiago-_JM
Metro Toesca Con  Estacionamiento Y Bodega (176996),2799.0,114941999.0,43.0,65.09,75.0,2.0,1.0,95000.0,Santiago,Parque Almagro,2026-09-28,2026-09-27,https://www.portalinmobiliario.com/MLC-4520105884-metro-toesca-con-estacionamiento-y-bodega-176996-_JM
Venta Usado Departamento 2d 1b - Providencia,5600.0,229966128.0,86.0,65.12,86.0,2.0,0.0,0.0,Providencia,Inés De Suárez,2026-09-20,2026-09-20,https://www.portalinmobiliario.com/MLC-2256990135-venta-usado-departamento-2d-1b-providencia-_JM
Departamento En Venta De 2d-2b Marín 145 Santiago Centro,2800.0,114983064.0,43.0,65.12,83.0,2.0,1.0,0.0,Santiago,Santa Isabel,2026-09-23,2026-09-22,https://www.portalinmobiliario.com/MLC-2268766889-departamento-en-venta-de-2d-2b-marin-145-santiago-centro-_JM
"Departamento En Venta 1d, 1b, Metro Cumming. Santiago Centro",2280.0,93629066.0,35.0,65.14,,1.0,,,Santiago,Barrio Brasil,2026-10-01,,https://www.portalinmobiliario.com/MLC-2290658755-departamento-en-venta-1d-1b-metro-cumming-santiago-centro-_JM
Vende Departamento 1 D/1 B Metro Santa Isabel (63363),2150.0,88290567.0,33.0,65.15,83.0,1.0,0.0,87000.0,Santiago,Santa Isabel,2026-09-25,2026-09-24,https://www.portalinmobiliario.com/MLC-2274586425-vende-departamento-1-d1-b-metro-santa-isabel-63363-_JM
Lindo Departamento En Venta (132194),1890.0,77613568.0,29.0,65.17,83.0,1.0,0.0,74875.0,Santiago,Barrio Diez De Julio,2026-09-27,2026-09-26,https://www.portalinmobiliario.com/MLC-4517563292-lindo-departamento-en-venta-132194-_JM
"Oportunidad_dpto 2d 2b En Santa Isabel 431, Santiago",3650.0,149888637.0,56.0,65.18,65.0,2.0,1.0,,Santiago,Santa Isabel,2026-09-28,2026-09-27,https://www.portalinmobiliario.com/MLC-4520034256-oportunidaddpto-2d-2b-en-santa-isabel-431-santiago-_JM
"Oportunidad Depto. En Venta En Carmen Altura 300-600, Stgo.",2088.0,85744513.0,32.0,65.25,,1.0,,,Santiago,Santa Isabel,2026-10-01,,https://www.portalinmobiliario.com/MLC-4526101170-oportunidad-depto-en-venta-en-carmen-altura-300-600-stgo-_JM
Un Departamento Tranquilo Donde Puedes Vivir. (132526),2610.0,107180642.0,40.0,65.25,,2.0,,,Santiago,Parque Almagro,2026-10-01,,https://www.portalinmobiliario.com/MLC-4524165918-un-departamento-tranquilo-donde-puedes-vivir-132526-_JM
Excelente Oportunidad En Stgo Centro  2d + 1b + Est + Bod,3200.0,131409216.0,49.0,65.31,83.0,2.0,1.0,80000.0,Santiago,Santa Isabel,2026-09-19,2026-09-19,https://www.portalinmobiliario.com/MLC-4495764120-excelente-oportunidad-en-stgo-centro-2d-1b-est-bod-_JM
Departamento En Venta 3d2b Cerca A Metro Con Estacionamiento,4050.0,166314789.0,62.0,65.32,61.0,3.0,1.0,95000.0,Santiago,Bogotá - Sierra Bella,2026-09-26,2026-09-25,https://www.portalinmobiliario.com/MLC-2276120261-departamento-en-venta-3d2b-cerca-a-metro-con-estacionamiento-_JM
Estupendo Depto En Santiago Centro,2678.7,110000000.0,41.0,65.33,83.0,2.0,0.0,0.0,Santiago,Santa Isabel,2026-09-21,2026-09-21,https://www.portalinmobiliario.com/MLC-2261829297-estupendo-depto-en-santiago-centro-_JM
Departamento En Venta En Santiago,1700.0,69811146.0,26.0,65.38,68.0,1.0,0.0,50000.0,Santiago,Barrio Brasil,2026-09-23,2026-09-22,https://www.portalinmobiliario.com/MLC-2268754119-departamento-en-venta-en-santiago-_JM
Con 2 Estacionamientos Metro Irarrázabal L5 Y L3 (179523),3400.0,139622292.0,52.0,65.38,65.0,3.0,2.0,100000.0,Santiago,Barrio Diez De Julio,2026-09-18,2026-09-18,https://www.portalinmobiliario.com/MLC-4491473048-con-2-estacionamientos-metro-irarrazabal-l5-y-l3-179523-_JM
Departamento En Venta En Santiago,3400.0,139622292.0,52.0,65.38,53.0,2.0,1.0,90000.0,Santiago,Centro Histórico De Santiago,2026-09-21,2026-09-21,https://www.portalinmobiliario.com/MLC-2264198787-departamento-en-venta-en-santiago-_JM
Todo El Espacio Que Tu Familia Necesita,8500.0,349055730.0,130.0,65.38,92.0,4.0,1.0,200000.0,Las Condes,Sebastián Elcano,2026-09-24,2026-09-23,https://www.portalinmobiliario.com/MLC-4510774414-todo-el-espacio-que-tu-familia-necesita-_JM
Venta Departamento 1hab 1ba Santiago,1700.0,69811146.0,26.0,65.38,75.0,1.0,0.0,55000.0,Santiago,San Diego,2026-09-27,2026-09-26,https://www.portalinmobiliario.com/MLC-2276129895-venta-departamento-1hab-1ba-santiago-_JM
3 Dorm &#43; Servicio - Oriente - En Las Condes,8500.0,349055730.0,130.0,65.38,92.0,4.0,1.0,240000.0,Las Condes,Sebastián Elcano,2026-09-29,2026-09-28,https://www.portalinmobiliario.com/MLC-4523739096-3-dorm-43-servicio-oriente-en-las-condes-_JM
¡oportunidad En Santiago: Depto. 35m² !,2290.0,94039720.0,35.0,65.43,83.0,1.0,0.0,60000.0,Santiago,Santa Isabel,2026-09-24,2026-09-23,https://www.portalinmobiliario.com/MLC-2270956323-oportunidad-en-santiago-depto-35m--_JM
Departamento En Venta De 2 Dormitorios En Santiago Santa Ana,2750.0,112929795.0,42.0,65.48,74.0,2.0,2.0,75000.0,Santiago,Centro Histórico De Santiago,2026-09-23,2026-09-22,https://www.portalinmobiliario.com/MLC-2268791855-departamento-en-venta-de-2-dormitorios-en-santiago-santa-ana-_JM
Departamento Eleuterio Ramírez Id: 180545,2750.0,112929795.0,42.0,65.48,75.0,2.0,1.0,0.0,Santiago,San Diego,2026-09-25,2026-09-24,https://www.portalinmobiliario.com/MLC-4513385206-departamento-eleuterio-ramirez-id-180545-_JM
Venta Departamento De 1 Dormitorio,1900.0,78024222.0,29.0,65.52,72.0,1.0,0.0,130000.0,Santiago,Centro Histórico De Santiago,2026-09-25,2026-09-24,https://www.portalinmobiliario.com/MLC-2274578657-venta-departamento-de-1-dormitorio-_JM
Oportunidad!! Bodega Y Estacionamiento!!  (103836),2490.0,102252796.0,38.0,65.53,75.0,2.0,1.0,85000.0,Santiago,San Diego,2026-09-26,2026-09-25,https://www.portalinmobiliario.com/MLC-2276131645-oportunidad-bodega-y-estacionamiento-103836-_JM
Venta Departamento En Portugal 1d 1b,2100.0,86237298.0,32.0,65.62,83.0,1.0,0.0,0.0,Santiago,Barrio Diez De Julio,2026-09-21,2026-09-21,https://www.portalinmobiliario.com/MLC-2263573845-venta-departamento-en-portugal-1d-1b-_JM
"Luminoso Depto.1 Dormitorio, Calle Victoria (141966)",2100.0,86237298.0,32.0,65.62,83.0,1.0,0.0,80000.0,Santiago,Santa Isabel,2026-09-20,2026-09-20,https://www.portalinmobiliario.com/MLC-2259365061-luminoso-depto1-dormitorio-calle-victoria-141966-_JM
"Venta De Departamento Amoblado Lira, Santiago",2298.0,94368243.0,35.0,65.66,83.0,2.0,0.0,80000.0,Santiago,Santa Isabel,2026-09-23,2026-09-22,https://www.portalinmobiliario.com/MLC-2268766763-venta-de-departamento-amoblado-lira-santiago-_JM
Departamento Loft Con Renta En Venta De 1 Dorm. En Santiago,2300.0,94450374.0,35.0,65.71,,1.0,,,Santiago,Bulnes,2026-10-01,,https://www.portalinmobiliario.com/MLC-2283642601-departamento-loft-con-renta-en-venta-de-1-dorm-en-santiago-_JM
General Jofre A Pasos Hospital Del Trabajador,2300.0,94450374.0,35.0,65.71,83.0,1.0,1.0,86000.0,Santiago,Santa Isabel,2026-09-24,2026-09-23,https://www.portalinmobiliario.com/MLC-4510313472-general-jofre-a-pasos-hospital-del-trabajador-_JM
Se Vende Dept.  Metro Ñuble Ñuñoa/macul (83748),2300.0,94450374.0,35.0,65.71,79.0,1.0,0.0,50000.0,Santiago,Bogotá - Sierra Bella,2026-09-26,2026-09-25,https://www.portalinmobiliario.com/MLC-2276119743-se-vende-dept-metro-nuble-nunoamacul-83748-_JM
"Departamento En Venta 1 Dormitorio, Barrio Yungay",2300.0,94450374.0,35.0,65.71,,1.0,,,Santiago,Barrio Yungay,2026-10-01,,https://www.portalinmobiliario.com/MLC-4528522280-departamento-en-venta-1-dormitorio-barrio-yungay-_JM
"Vive Con Tranquilidad, Lindo Departamento. (132515)",1910.0,78434876.0,29.0,65.86,,1.0,,,Santiago,Bogotá - Sierra Bella,2026-10-01,,https://www.portalinmobiliario.com/MLC-4524192128-vive-con-tranquilidad-lindo-departamento-132515-_JM
Departamento En Venta Providencia Francisco Bilbao,5600.0,229966128.0,85.0,65.88,,3.0,,,Providencia,Metro Bilbao,2026-10-01,,https://www.portalinmobiliario.com/MLC-4528543360-departamento-en-venta-providencia-francisco-bilbao-_JM
Depto 3d/2b Remodelado A Pasos Del Metro Pedro De Valdivia,4350.0,178634403.0,66.0,65.91,98.0,3.0,0.0,90000.0,Providencia,Pedro De Valdivia,2026-09-25,2026-09-24,https://www.portalinmobiliario.com/MLC-4514087776-depto-3d2b-remodelado-a-pasos-del-metro-pedro-de-valdivia-_JM
Metro U. De Chile · Con Bodega  · Tarapacá / San Francisco,2175.0,89317202.0,33.0,65.91,,1.0,0.0,,Santiago,Bulnes,2026-09-28,2026-09-28,https://www.portalinmobiliario.com/MLC-4520101218-metro-u-de-chile-con-bodega-tarapaca-san-francisco-_JM
Venta Departamento 3d 2b - Providencia,4350.0,178634403.0,66.0,65.91,98.0,3.0,0.0,120000.0,Providencia,Pedro De Valdivia,2026-09-20,2026-09-20,https://www.portalinmobiliario.com/MLC-2256990123-venta-departamento-3d-2b-providencia-_JM
Departamento En Venta  (65978),3100.0,127302678.0,47.0,65.96,,2.0,,,Santiago,San Diego,2026-10-01,,https://www.portalinmobiliario.com/MLC-4531658136-departamento-en-venta-65978-_JM
Departamento En San Francisco 1d 1b,1980.0,81309452.0,30.0,66.0,74.0,1.0,1.0,0.0,Santiago,Bulnes,2026-09-21,2026-09-21,https://www.portalinmobiliario.com/MLC-4501530222-departamento-en-san-francisco-1d-1b-_JM
Moderno Y Cercano A Metro! (183824),3300.0,135515754.0,50.0,66.0,75.0,2.0,1.0,90000.0,Santiago,San Diego,2026-09-25,2026-09-24,https://www.portalinmobiliario.com/MLC-4513397180-moderno-y-cercano-a-metro-183824-_JM
Oportunidad De Venta En Sector Consolidado,3170.0,130177255.0,48.0,66.04,,2.0,,,Santiago,Santa Isabel,2026-10-01,,https://www.portalinmobiliario.com/MLC-2283591593-oportunidad-de-venta-en-sector-consolidado-_JM
Venta 1d 1b Bodega Metro Santa Isabel,1850.0,75970953.0,28.0,66.07,83.0,1.0,0.0,73000.0,Santiago,Santa Isabel,2026-09-21,2026-09-21,https://www.portalinmobiliario.com/MLC-2262135037-venta-1d-1b-bodega-metro-santa-isabel-_JM
"Inversión Compacta, Retorno Sólido",1850.0,75970953.0,28.0,66.07,74.0,1.0,0.0,35000.0,Santiago,Parque Almagro,2026-09-22,2026-09-21,https://www.portalinmobiliario.com/MLC-2265335703-inversion-compacta-retorno-solido-_JM
"Se Liquida Amoblado, Vista Y Estacionamiento! (177616)",1850.0,75970953.0,28.0,66.07,72.0,1.0,1.0,42000.0,Santiago,Centro Histórico De Santiago,2026-09-28,2026-09-27,https://www.portalinmobiliario.com/MLC-4520105706-se-liquida-amoblado-vista-y-estacionamiento-177616-_JM
"Studio En Santiago Centro | Inversión, Renta Corta",1520.0,62419378.0,23.0,66.09,74.0,1.0,0.0,41000.0,Santiago,Bulnes,2026-09-24,2026-09-23,https://www.portalinmobiliario.com/MLC-2271042631-studio-en-santiago-centro-inversion-renta-corta-_JM
Departamento En Venta De 3 Dorm.2baños En Las Condes,4626.8,190000000.0,70.0,66.1,,3.0,,,Las Condes,Parque Padre Alberto Hurtado,2026-10-01,,https://www.portalinmobiliario.com/MLC-4531694272-departamento-en-venta-de-3-dorm2banos-en-las-condes-_JM
Céntrico Departamento Con 2 Estacionamientos Tipo Tándem,3900.0,160154982.0,59.0,66.1,,2.0,,,Santiago,San Diego,2026-10-01,,https://www.portalinmobiliario.com/MLC-4533920978-centrico-departamento-con-2-estacionamientos-tipo-tandem-_JM
Vicuña Mackenna 2004 (173108),2313.4,95000000.0,35.0,66.1,79.0,1.0,1.0,75000.0,Santiago,Bogotá - Sierra Bella,2026-09-28,2026-09-27,https://www.portalinmobiliario.com/MLC-4520042278-vicuna-mackenna-2004-173108-_JM
"Céntrico, Metro Santa Lucía 1d 1b",2050.0,84184029.0,31.0,66.13,83.0,1.0,0.0,,Santiago,Santa Isabel,2026-09-18,2026-09-18,https://www.portalinmobiliario.com/MLC-2253748131-centrico-metro-santa-lucia-1d-1b-_JM
Invierte En El Mejor Barrio De Santiago!,2250.0,92397105.0,34.0,66.18,83.0,1.0,0.0,0.0,Santiago,Santa Isabel,2026-09-24,2026-09-23,https://www.portalinmobiliario.com/MLC-4510767834-invierte-en-el-mejor-barrio-de-santiago-_JM
"Oportunidad!! Depto 1d 1b , Metro Cal Y Canto",2250.0,92397105.0,34.0,66.18,72.0,1.0,0.0,60000.0,Santiago,Centro Histórico De Santiago,2026-09-24,2026-09-23,https://www.portalinmobiliario.com/MLC-4510800282-oportunidad-depto-1d-1b-metro-cal-y-canto-_JM
Acogedor 1d1b En Santiago Parque Ohiggins,1920.0,78845530.0,29.0,66.21,74.0,1.0,0.0,100000.0,Santiago,Parque O'Higgins,2026-09-21,2026-09-21,https://www.portalinmobiliario.com/MLC-2262136975-acogedor-1d1b-en-santiago-parque-ohiggins-_JM
Depto Renovado 2d-1b-1e San Francisco,2450.0,100610181.0,37.0,66.22,,2.0,,,Santiago,Bulnes,2026-10-01,,https://www.portalinmobiliario.com/MLC-4533654534-depto-renovado-2d-1b-1e-san-francisco-_JM
"Depto Renovado Listo Para Vivir 2d,san Francisco (138193)",2450.0,100610181.0,37.0,66.22,,2.0,,,Santiago,Bulnes,2026-10-01,,https://www.portalinmobiliario.com/MLC-4524202898-depto-renovado-listo-para-vivir-2dsan-francisco-138193-_JM
Barrio Tranquilo Vista Despejada A La Cordillera,5300.0,217646514.0,80.0,66.25,86.0,3.0,0.0,100000.0,Providencia,Campus Oriente,2026-09-29,2026-09-28,https://www.portalinmobiliario.com/MLC-4523748210-barrio-tranquilo-vista-despejada-a-la-cordillera-_JM
Vendo Depto 3d1b1esta1bdga Av Providenc 1336  (184649),5300.0,217646514.0,80.0,66.25,,3.0,,,Providencia,Manuel Montt,2026-10-01,,https://www.portalinmobiliario.com/MLC-4531664206-vendo-depto-3d1b1esta1bdga-av-providenc-1336-184649-_JM
Departamento Catedral Id: 168428,5500.0,225859590.0,83.0,66.27,55.0,3.0,1.0,97000.0,Santiago,Barrio Brasil,2026-09-20,2026-09-20,https://www.portalinmobiliario.com/MLC-2259364577-departamento-catedral-id-168428-_JM
"Plaza Sacramentinos / 1d 1b, Alta Demanda",2387.0,98023062.0,36.0,66.31,,1.0,,,Santiago,San Diego,2026-10-01,,https://www.portalinmobiliario.com/MLC-4526126558-plaza-sacramentinos-1d-1b-alta-demanda-_JM
Departamento En Venta De 3 Dorm. En Santiago,3850.0,158101713.0,58.0,66.38,54.0,3.0,1.0,140000.0,Santiago,Parque O'Higgins,2026-09-26,2026-09-25,https://www.portalinmobiliario.com/MLC-2276124453-departamento-en-venta-de-3-dorm-en-santiago-_JM
"Precioso Duplex En Oferta En Calle Santa Victoria, Santiago",4383.3,180000000.0,66.0,66.41,65.0,1.0,1.0,110000.0,Santiago,Santa Isabel,2026-09-23,2026-09-22,https://www.portalinmobiliario.com/MLC-2268106941-precioso-duplex-en-oferta-en-calle-santa-victoria-santiago-_JM
A Pasos Del Metro Pedro De Valdivia.,4450.0,182740941.0,67.0,66.42,98.0,3.0,0.0,120000.0,Providencia,Pedro De Valdivia,2026-09-28,2026-09-27,https://www.portalinmobiliario.com/MLC-2278348945-a-pasos-del-metro-pedro-de-valdivia-_JM
Depto Con Amplia Vista En Las Torres De Bilbao.,4650.0,190954017.0,70.0,66.43,101.0,1.0,0.0,80000.0,Las Condes,Parque Padre Alberto Hurtado,2026-09-25,2026-09-24,https://www.portalinmobiliario.com/MLC-2274588593-depto-con-amplia-vista-en-las-torres-de-bilbao-_JM
Excelente Y Amplio Depto Suecia / Pocuro,8450.0,347002461.0,127.0,66.54,91.0,4.0,1.0,300000.0,Providencia,Los Leones,2026-09-25,2026-09-24,https://www.portalinmobiliario.com/MLC-4513641350-excelente-y-amplio-depto-suecia-pocuro-_JM
Departamento En Venta De 1 Dorm. En Santiago,1266.3,52000000.0,19.0,66.65,,1.0,,,Santiago,Centro Histórico De Santiago,2026-10-01,,https://www.portalinmobiliario.com/MLC-4531668302-departamento-en-venta-de-1-dorm-en-santiago-_JM
Departamento Edificio Tocornal Ii Inmobiliaria Imagina,2200.0,90343836.0,33.0,66.67,83.0,1.0,1.0,85000.0,Santiago,Santa Isabel,2026-09-25,2026-09-24,https://www.portalinmobiliario.com/MLC-2274575329-departamento-edificio-tocornal-ii-inmobiliaria-imagina-_JM
Departamento En Venta De 1 Dorm. En Santiago,2200.0,90343836.0,33.0,66.67,72.0,1.0,0.0,90000.0,Santiago,Centro Histórico De Santiago,2026-09-26,2026-09-25,https://www.portalinmobiliario.com/MLC-2276120231-departamento-en-venta-de-1-dorm-en-santiago-_JM
Nuevo Céntrico Depto Av Brasil Esquina Paza Brasil,2000.0,82130760.0,30.0,66.67,,1.0,,,Santiago,Barrio Brasil,2026-10-01,,https://www.portalinmobiliario.com/MLC-2288302909-nuevo-centrico-depto-av-brasil-esquina-paza-brasil-_JM
Departamento En Venta En Santiago,2000.0,82130760.0,30.0,66.67,,1.0,,,Santiago,San Diego,2026-10-01,,https://www.portalinmobiliario.com/MLC-4531686586-departamento-en-venta-en-santiago-_JM
Metro Cal Y Canto,3200.0,131409216.0,48.0,66.67,73.0,2.0,1.0,,Santiago,Centro Histórico De Santiago,2026-09-21,2026-09-21,https://www.portalinmobiliario.com/MLC-2262135219-metro-cal-y-canto-_JM
"Elegante Departamento En Calle San Francisco, Santiago",3200.0,131409216.0,48.0,66.67,74.0,2.0,1.0,95000.0,Santiago,Bulnes,2026-09-23,2026-09-22,https://www.portalinmobiliario.com/MLC-2268118749-elegante-departamento-en-calle-san-francisco-santiago-_JM
Departamento En Venta En Santiago,2000.0,82130760.0,30.0,66.67,83.0,1.0,0.0,78600.0,Santiago,Santa Isabel,2026-09-21,2026-09-21,https://www.portalinmobiliario.com/MLC-4501523738-departamento-en-venta-en-santiago-_JM
"Venta Departamento Comuna Santiago, Santa Elena",2400.0,98556912.0,36.0,66.67,83.0,1.0,1.0,0.0,Santiago,Santiago,2026-09-26,2026-09-25,https://www.portalinmobiliario.com/MLC-2275457225-venta-departamento-comuna-santiago-santa-elena-_JM
Departamento En Venta De 1 Dorm. En Santiago,2200.0,90343836.0,33.0,66.67,79.0,1.0,1.0,90000.0,Santiago,Bogotá - Sierra Bella,2026-09-27,2026-09-26,https://www.portalinmobiliario.com/MLC-2278340017-departamento-en-venta-de-1-dorm-en-santiago-_JM
Departamento En Venta De 1 Dorm. En Santiago,2340.0,96092989.0,35.0,66.86,73.0,1.0,0.0,70.0,Santiago,Centro Histórico De Santiago,2026-09-18,2026-09-18,https://www.portalinmobiliario.com/MLC-4490236788-departamento-en-venta-de-1-dorm-en-santiago-_JM
Deptos.nuevos 2d+1b Desde Uf 2742 Bono Pie 10%,2742.0,112601272.0,41.0,66.88,79.0,2.0,0.0,70000.0,Santiago,Bogotá - Sierra Bella,2026-09-23,2026-09-22,https://www.portalinmobiliario.com/MLC-2267450261-deptosnuevos-2d1b-desde-uf-2742-bono-pie-10-_JM
Departamento A 15 Minutos Caminando Al Metro,1875.1,77000000.0,28.0,66.97,75.0,1.0,0.0,99000.0,Santiago,Ejército - Toesca,2026-09-24,2026-09-23,https://www.portalinmobiliario.com/MLC-4510794700-departamento-a-15-minutos-caminando-al-metro-_JM
1 Dormitorio 1 Estacio 1 Bodega General Jofre,2211.0,90795555.0,33.0,67.0,83.0,1.0,1.0,0.0,Santiago,Santa Isabel,2026-09-21,2026-09-21,https://www.portalinmobiliario.com/MLC-2263573671-1-dormitorio-1-estacio-1-bodega-general-jofre-_JM
¡descubre Tu Hogar Ideal En Santiago!,3690.0,151531252.0,55.0,67.09,47.0,3.0,1.0,150000.0,Santiago,Parque Los Reyes,2026-09-21,2026-09-21,https://www.portalinmobiliario.com/MLC-4501914474-descubre-tu-hogar-ideal-en-santiago-_JM
Venta Departamento 2 Dorm 2 Baños Santa Rosa Estilo Mariposa,3690.0,151531252.0,55.0,67.09,65.0,2.0,1.0,130000.0,Santiago,,2026-09-22,2026-09-21,https://www.portalinmobiliario.com/MLC-2265361729-venta-departamento-2-dorm-2-banos-santa-rosa-estilo-mariposa-_JM
Vende Lindo Y Luminoso Dpto 1d+1b  (184373),2550.0,104716719.0,38.0,67.11,,1.0,,,Santiago,San Diego,2026-10-01,,https://www.portalinmobiliario.com/MLC-4526077526-vende-lindo-y-luminoso-dpto-1d1b-184373-_JM
Pie 1% Pago A 12 Cuotas &#43;cdto 80%1d&#43;1b Nuevo Alamos1,2618.0,107509165.0,39.0,67.13,72.0,1.0,0.0,45000.0,Santiago,Parque O'Higgins,2026-09-24,2026-09-23,https://www.portalinmobiliario.com/MLC-4510337868-pie-1-pago-a-12-cuotas-43cdto-801d431b-nuevo-alamos1-_JM
A Pasos De Apoquindo Con Av. Las Condes,9400.0,386014572.0,140.0,67.14,98.0,3.0,1.0,0.0,Las Condes,Metro Hernando De Magallanes,2026-09-24,2026-09-23,https://www.portalinmobiliario.com/MLC-4510325532-a-pasos-de-apoquindo-con-av-las-condes-_JM
Avenida Portales (townhouse),4700.0,193007286.0,70.0,67.14,47.0,2.0,1.0,,Santiago,Barrio Yungay,2026-09-21,2026-09-21,https://www.portalinmobiliario.com/MLC-2262135195-avenida-portales-townhouse-_JM
"Venta Bello Depto. 2d, 1b, 1e, Av. Matta Santiago",3090.0,126892024.0,46.0,67.17,,2.0,,,Santiago,Barrio Diez De Julio,2026-10-01,,https://www.portalinmobiliario.com/MLC-4531663434-venta-bello-depto-2d-1b-1e-av-matta-santiago-_JM
Departamento En Venta De 4 Dorm. En Las Condes,7200.0,295670736.0,107.0,67.29,88.0,4.0,1.0,95000.0,Las Condes,Parque Padre Alberto Hurtado,2026-09-23,2026-09-22,https://www.portalinmobiliario.com/MLC-2268765937-departamento-en-venta-de-4-dorm-en-las-condes-_JM
Oferta Depto A Pasos De M. Bellas Artes Y Parque Forestal,4509.0,185163798.0,67.0,67.3,68.0,2.0,0.0,,Santiago,Centro Histórico De Santiago,2026-09-22,2026-09-21,https://www.portalinmobiliario.com/MLC-4505383350-oferta-depto-a-pasos-de-m-bellas-artes-y-parque-forestal-_JM
Depto 1 D Amoblado Inversión Airbnb Metro Sta Lucía,1750.0,71864415.0,26.0,67.31,83.0,1.0,0.0,0.0,Santiago,Santa Isabel,2026-09-21,2026-09-21,https://www.portalinmobiliario.com/MLC-4501530976-depto-1-d-amoblado-inversion-airbnb-metro-sta-lucia-_JM
Departamento En Venta De 4 Dorm. En Providencia,7000.0,287457660.0,104.0,67.31,86.0,4.0,0.0,220000.0,Providencia,Inés De Suárez,2026-09-22,2026-09-21,https://www.portalinmobiliario.com/MLC-2265347319-departamento-en-venta-de-4-dorm-en-providencia-_JM
Departamento En Venta De 2 Dorm. En Santiago Centro,3500.0,143728830.0,52.0,67.31,54.0,2.0,1.0,100000.0,Santiago,Parque Almagro,2026-09-28,2026-09-27,https://www.portalinmobiliario.com/MLC-4522116908-departamento-en-venta-de-2-dorm-en-santiago-centro-_JM
Venta Departamento 1 Habitación - Santiago (5175),1818.0,74656861.0,27.0,67.33,,1.0,,,Santiago,Bulnes,2026-10-01,,https://www.portalinmobiliario.com/MLC-4528519312-venta-departamento-1-habitacion-santiago-5175-_JM
Venta Departamento Remodelado 2d 2b - Providencia,5050.0,207380169.0,75.0,67.33,85.0,2.0,1.0,75000.0,Providencia,Barrio Italia,2026-09-20,2026-09-20,https://www.portalinmobiliario.com/MLC-4495765486-venta-departamento-remodelado-2d-2b-providencia-_JM
Departamento En Venta De 2 Dorm. Cerca Metro Santa Isabel,3100.0,127302678.0,46.0,67.39,83.0,2.0,1.0,120000.0,Santiago,Santa Isabel,2026-09-25,2026-09-24,https://www.portalinmobiliario.com/MLC-4514087732-departamento-en-venta-de-2-dorm-cerca-metro-santa-isabel-_JM
Departamento En Venta De 2 Dorm. En Santiago,2900.0,119089602.0,43.0,67.44,,2.0,,,Santiago,Ejército - Toesca,2026-10-01,,https://www.portalinmobiliario.com/MLC-2283614575-departamento-en-venta-de-2-dorm-en-santiago-_JM
"Serrano, Estacionamiento, Bodega, Terraza",2699.0,110835461.0,40.0,67.47,,2.0,,,Santiago,Bulnes,2026-10-01,,https://www.portalinmobiliario.com/MLC-2290654825-serrano-estacionamiento-bodega-terraza-_JM
Depto En Venta 1d/1b En Santiago Metro Plaza Parque Almagro,1890.0,77613568.0,28.0,67.5,75.0,1.0,0.0,90000.0,Santiago,San Diego,2026-09-25,2026-09-24,https://www.portalinmobiliario.com/MLC-2274562851-depto-en-venta-1d1b-en-santiago-metro-plaza-parque-almagro-_JM
Oportunidad De Vivir Tranquilo. (132528),1960.0,80488145.0,29.0,67.59,,1.0,,,Santiago,Barrio Diez De Julio,2026-10-01,,https://www.portalinmobiliario.com/MLC-4524178666-oportunidad-de-vivir-tranquilo-132528-_JM
Departamento 2d 2b &#43; Est Y Bodega Santiago Centro,3650.0,149888637.0,54.0,67.59,,,,,Santiago,Santa Isabel,2026-10-01,,https://www.portalinmobiliario.com/MLC-4530711970-departamento-2d-2b-43-est-y-bodega-santiago-centro-_JM
Departamento En Venta De 3 Dorm. En Las Condes,8990.0,369177766.0,133.0,67.59,97.0,3.0,1.0,250000.0,Las Condes,Parque Arauco,2026-09-18,2026-09-18,https://www.portalinmobiliario.com/MLC-4491460810-departamento-en-venta-de-3-dorm-en-las-condes-_JM
Excelente Conectividad / Metro Irarrazabal / Supermercados,2100.0,86237298.0,31.0,67.74,83.0,1.0,1.0,100000.0,Santiago,Barrio Diez De Julio,2026-09-22,2026-09-21,https://www.portalinmobiliario.com/MLC-2265351579-excelente-conectividad-metro-irarrazabal-supermercados-_JM
"Se Vende Departamento Las Condes, Tomás Moro",7250.0,297724005.0,107.0,67.76,,4.0,,,Las Condes,Metro Hernando De Magallanes,2026-10-01,,https://www.portalinmobiliario.com/MLC-2285752401-se-vende-departamento-las-condes-tomas-moro-_JM
Impecable / Gran Vista / 2d+1b+est.+bodega,3050.0,125249409.0,45.0,67.78,83.0,2.0,1.0,105000.0,Santiago,Santa Isabel,2026-09-19,2026-09-19,https://www.portalinmobiliario.com/MLC-2256975595-impecable-gran-vista-2d1bestbodega-_JM
Impecable | Departamento 2d + 1b +bodega/46m2,2850.0,117036333.0,42.0,67.86,75.0,2.0,0.0,95000.0,Santiago,San Diego,2026-09-25,2026-09-24,https://www.portalinmobiliario.com/MLC-2274595499-impecable-departamento-2d-1b-bodega46m2-_JM
Propiedad En Venta (88434),7600.0,312096888.0,112.0,67.86,94.0,3.0,1.0,170000.0,Providencia,Los Leones,2026-09-26,2026-09-25,https://www.portalinmobiliario.com/MLC-2275959677-propiedad-en-venta-88434-_JM
Departamento Compañía De Jesús Id: 40862,2375.0,97530278.0,35.0,67.86,,1.0,,,Santiago,Barrio Brasil,2026-10-01,,https://www.portalinmobiliario.com/MLC-2288272397-departamento-compania-de-jesus-id-40862-_JM
"Valor Imperdible Y Sin Pago Corretaje, Tipo Estudio Nuevo",1900.0,78024222.0,28.0,67.86,,1.0,,,Santiago,Santiago,2026-10-01,,https://www.portalinmobiliario.com/MLC-4528502498-valor-imperdible-y-sin-pago-corretaje-tipo-estudio-nuevo-_JM
Departamento 4 Dormitorios- Darío Urzúa- P De Valdivia,9500.0,390121110.0,140.0,67.86,91.0,4.0,1.0,230000.0,Providencia,Pedro De Valdivia,2026-09-26,2026-09-25,https://www.portalinmobiliario.com/MLC-2275684573-departamento-4-dormitorios-dario-urzua-p-de-valdivia-_JM
Depto Providencia 3d/3b/2e/1b,8490.0,348645076.0,125.0,67.92,,3.0,2.0,,Providencia,Las Lilas,2026-09-23,2026-09-23,https://www.portalinmobiliario.com/MLC-4506424334-depto-providencia-3d3b2e1b-_JM
Proyecto Full Electric Cerca De Quinta Normal,2785.0,114367083.0,41.0,67.93,66.0,1.0,0.0,0.0,Santiago,Barrio Brasil,2026-09-28,2026-09-27,https://www.portalinmobiliario.com/MLC-4520031024-proyecto-full-electric-cerca-de-quinta-normal-_JM
Venta Departamento 2hab 2ba Santiago,3399.0,139581227.0,50.0,67.98,72.0,2.0,0.0,0.0,Santiago,Centro Histórico De Santiago,2026-09-25,2026-09-24,https://www.portalinmobiliario.com/MLC-2274574951-venta-departamento-2hab-2ba-santiago-_JM
"Inversionista, Estratégica Ubicación Bellas Artes, Lastarria",2380.0,97735604.0,35.0,68.0,74.0,1.0,0.0,65000.0,Santiago,Centro Histórico De Santiago,2026-09-27,2026-09-26,https://www.portalinmobiliario.com/MLC-2276129669-inversionista-estrategica-ubicacion-bellas-artes-lastarria-_JM
Excelente Y Cómodo Dpto. Venta 2d 2b 1est. Y Bod.,3200.0,131409216.0,47.0,68.09,83.0,2.0,1.0,0.0,Santiago,Barrio Diez De Julio,2026-09-21,2026-09-20,https://www.portalinmobiliario.com/MLC-4499774022-excelente-y-comodo-dpto-venta-2d-2b-1est-y-bod-_JM
1 Dormitorio 1 Baño Cocina A Gas,2180.0,89522528.0,32.0,68.12,83.0,1.0,1.0,,Santiago,Bogotá - Sierra Bella,2026-09-24,2026-09-23,https://www.portalinmobiliario.com/MLC-4510795634-1-dormitorio-1-bano-cocina-a-gas-_JM
"Departamento En Venta 1dormitorio Y 1 Baño,  Santiago",2180.0,89522528.0,32.0,68.12,,1.0,,,Santiago,San Diego,2026-10-01,,https://www.portalinmobiliario.com/MLC-2283591699-departamento-en-venta-1dormitorio-y-1-bano-santiago-_JM
Departamento En Venta En Santiago,2590.0,106359334.0,38.0,68.16,74.0,1.0,0.0,65000.0,Santiago,Ejército - Toesca,2026-09-23,2026-09-22,https://www.portalinmobiliario.com/MLC-2268754075-departamento-en-venta-en-santiago-_JM
Se Vende Departamento Barrio República 2d-2b-1e  Santiago C,3000.0,123196140.0,44.0,68.18,75.0,2.0,1.0,130000.0,Santiago,Ejército - Toesca,2026-09-28,2026-09-27,https://www.portalinmobiliario.com/MLC-4519050602-se-vende-departamento-barrio-republica-2d-2b-1e-santiago-c-_JM
Suecia / Dr. Lautaro Ferrer,6000.0,246392280.0,88.0,68.18,,3.0,,,Providencia,Campus Oriente,2026-10-01,,https://www.portalinmobiliario.com/MLC-4531670874-suecia-dr-lautaro-ferrer-_JM
Impecable Dpto Con Estacionamiento (180786),2799.0,114941999.0,41.0,68.27,,2.0,,,Santiago,Santa Isabel,2026-10-01,,https://www.portalinmobiliario.com/MLC-4524158064-impecable-dpto-con-estacionamiento-180786-_JM
"Departamento En Venta  1dormitorio 1baño, Santiago",2050.0,84184029.0,30.0,68.33,,1.0,,,Santiago,Barrio Yungay,2026-10-01,,https://www.portalinmobiliario.com/MLC-2283643471-departamento-en-venta-1dormitorio-1bano-santiago-_JM
Amplio Y Luminoso Departamento,4100.0,168368058.0,60.0,68.33,54.0,2.0,1.0,180000.0,Santiago,Parque Almagro,2026-09-26,2026-09-25,https://www.portalinmobiliario.com/MLC-2275607847-amplio-y-luminoso-departamento-_JM
Departamento En Venta 1d/1b Metro Bellas Artes,2050.0,84184029.0,30.0,68.33,74.0,1.0,0.0,82000.0,Santiago,Centro Histórico De Santiago,2026-09-26,2026-09-25,https://www.portalinmobiliario.com/MLC-2276132029-departamento-en-venta-1d1b-metro-bellas-artes-_JM
Metro Irarrázaval - Av. Portugal - Coquimbo,2118.6,87000000.0,31.0,68.34,83.0,1.0,1.0,85000.0,Santiago,Barrio Diez De Julio,2026-09-26,2026-09-25,https://www.portalinmobiliario.com/MLC-4515399330-metro-irarrazaval-av-portugal-coquimbo-_JM
Depto En Venta Santa Elena 2 D1b Estacionamiento,3350.0,137569023.0,49.0,68.37,79.0,2.0,1.0,70000.0,Santiago,Bogotá - Sierra Bella,2026-09-21,2026-09-21,https://www.portalinmobiliario.com/MLC-4501914946-depto-en-venta-santa-elena-2-d1b-estacionamiento-_JM
Venta Departamento Estilo Mariposa Parque Los Reyes Santiago,3283.0,134817643.0,48.0,68.4,66.0,2.0,1.0,120000.0,Santiago,Parque Los Reyes,2026-09-24,2026-09-23,https://www.portalinmobiliario.com/MLC-4509236084-venta-departamento-estilo-mariposa-parque-los-reyes-santiago-_JM
"Amplio, Luminoso Y Con Buena Conectividad",9850.0,404493993.0,144.0,68.4,,3.0,2.0,,Providencia,Metro Tobalaba - Mall Costanera,2026-09-24,2026-09-24,https://www.portalinmobiliario.com/MLC-4509235456-amplio-luminoso-y-con-buena-conectividad-_JM
"Pie 1% Pago A 12 Cuotas &#43;cdto 80% Estudio,nuevo, Alamos",1986.0,81555845.0,29.0,68.48,72.0,1.0,0.0,0.0,Santiago,Parque O'Higgins,2026-09-24,2026-09-23,https://www.portalinmobiliario.com/MLC-4510328850-pie-1-pago-a-12-cuotas-43cdto-80-estudionuevo-alamos-_JM
Excelente Distribución Y Conectividad (176960),1850.0,75970953.0,27.0,68.52,79.0,1.0,0.0,65000.0,Santiago,Bogotá - Sierra Bella,2026-09-27,2026-09-26,https://www.portalinmobiliario.com/MLC-4517562830-excelente-distribucion-y-conectividad-176960-_JM
Departamento Studio En Venta En Santiago Centro,1850.0,75970953.0,27.0,68.52,66.0,1.0,0.0,60000.0,Santiago,Parque Los Reyes,2026-09-21,2026-09-21,https://www.portalinmobiliario.com/MLC-2264199129-departamento-studio-en-venta-en-santiago-centro-_JM
Dpto. En El Corazón De Santiago 1d 1b 1e,1990.0,81720106.0,29.0,68.62,83.0,1.0,1.0,80000.0,Santiago,Bogotá - Sierra Bella,2026-09-24,2026-09-23,https://www.portalinmobiliario.com/MLC-4510301572-dpto-en-el-corazon-de-santiago-1d-1b-1e-_JM
Vista Totalmente Despejada Al Norte Providencia  3d 2b 1e1b,5700.0,234072666.0,83.0,68.67,95.0,3.0,1.0,140000.0,Providencia,Metro Bilbao,2026-09-21,2026-09-21,https://www.portalinmobiliario.com/MLC-2261820755-vista-totalmente-despejada-al-norte-providencia-3d-2b-1e1b-_JM
"Pie Paga3% Contado Y 3% En 48 Cuotas, 3d 2b,serrano 157 Stgo",5564.0,228487774.0,81.0,68.69,,3.0,,,Santiago,Bulnes,2026-10-01,,https://www.portalinmobiliario.com/MLC-2285741973-pie-paga3-contado-y-3-en-48-cuotas-3d-2bserrano-157-stgo-_JM
Home Studio Con Estacionamiento | Metro Tosca,1580.0,64883300.0,23.0,68.7,74.0,1.0,1.0,90000.0,Santiago,Parque Almagro,2026-09-21,2026-09-21,https://www.portalinmobiliario.com/MLC-2264198599-home-studio-con-estacionamiento-metro-tosca-_JM
Venta Depto. 1d-1b Metro Moneda,2200.0,90343836.0,32.0,68.75,74.0,1.0,0.0,70000.0,Santiago,Parque Almagro,2026-09-18,2026-09-18,https://www.portalinmobiliario.com/MLC-4491461286-venta-depto-1d-1b-metro-moneda-_JM
Venta  Depto.cristobal Colon- Apumanque (183979),5990.0,245981626.0,87.0,68.85,93.0,3.0,0.0,0.0,Las Condes,Sebastián Elcano,2026-09-26,2026-09-25,https://www.portalinmobiliario.com/MLC-4515020272-venta-deptocristobal-colon-apumanque-183979-_JM
Se Vende Depto Mariposa - Eleuterio Ramirez 2d/2b,3100.0,127302678.0,45.0,68.89,75.0,2.0,0.0,85000.0,Santiago,Bulnes,2026-09-29,2026-09-28,https://www.portalinmobiliario.com/MLC-2282584681-se-vende-depto-mariposa-eleuterio-ramirez-2d2b-_JM
Venta Departamento Las Condes Domingo Bondi,9650.0,396280917.0,140.0,68.93,92.0,4.0,2.0,330000.0,Las Condes,Sebastián Elcano,2026-09-18,2026-09-18,https://www.portalinmobiliario.com/MLC-4490286224-venta-departamento-las-condes-domingo-bondi-_JM
Super Conectado A Pasos Del Metro Los Dominicos 104 Totales,7180.0,294849428.0,104.0,69.04,96.0,3.0,1.0,170000.0,Las Condes,Metro Hernando De Magallanes,2026-09-26,2026-09-25,https://www.portalinmobiliario.com/MLC-2275960975-super-conectado-a-pasos-del-metro-los-dominicos-104-totales-_JM
"Providencia / Holanda , Sector Mut , Metro Tobalaba",5800.0,238179204.0,84.0,69.05,94.0,3.0,0.0,95000.0,Providencia,Metro Tobalaba - Mall Costanera,2026-09-25,2026-09-24,https://www.portalinmobiliario.com/MLC-2274104827-providencia-holanda-sector-mut-metro-tobalaba-_JM
"Studio Av. Vicuña Mackenna, Av. Matta, Metro  (172675)",1450.0,59544801.0,21.0,69.05,83.0,1.0,0.0,35000.0,Santiago,Bogotá - Sierra Bella,2026-09-26,2026-09-25,https://www.portalinmobiliario.com/MLC-2276131183-studio-av-vicuna-mackenna-av-matta-metro-172675-_JM
"Rebajado, Cerca Centro Comercial Y Metro (182156)",8980.0,368767112.0,130.0,69.08,104.0,4.0,1.0,65000.0,Las Condes,Alto Las Condes,2026-09-23,2026-09-22,https://www.portalinmobiliario.com/MLC-4506291060-rebajado-cerca-centro-comercial-y-metro-182156-_JM
"Venta Depto.1d/1b, Estacionamiento Santo Domingo/teatinos",2280.0,93629066.0,33.0,69.09,,1.0,,,Santiago,Centro Histórico De Santiago,2026-10-01,,https://www.portalinmobiliario.com/MLC-4531686294-venta-depto1d1b-estacionamiento-santo-domingoteatinos-_JM
Alcántara / Colegio Verbo Divino,8500.0,349055730.0,123.0,69.11,92.0,3.0,1.0,0.0,Las Condes,Vaticano,2026-09-23,2026-09-22,https://www.portalinmobiliario.com/MLC-2268766643-alcantara-colegio-verbo-divino-_JM
Depto Remodelado En Oasis Verde Con Balcones,6500.0,266924970.0,94.0,69.15,73.0,2.0,1.0,100000.0,Providencia,Barrio Italia,2026-09-21,2026-09-21,https://www.portalinmobiliario.com/MLC-2264199089-depto-remodelado-en-oasis-verde-con-balcones-_JM
"Se Vende Departamento El Lira, Santiago",3389.0,139170573.0,49.0,69.16,83.0,2.0,1.0,100000.0,Santiago,Santa Isabel,2026-09-24,2026-09-23,https://www.portalinmobiliario.com/MLC-4510754704-se-vende-departamento-el-lira-santiago-_JM
"Departamento Pocuro Gran Potencial Para Remodelar, Rebajado!",9000.0,369588420.0,130.0,69.23,,3.0,,,Providencia,Las Lilas,2026-10-01,,https://www.portalinmobiliario.com/MLC-2288304617-departamento-pocuro-gran-potencial-para-remodelar-rebajado-_JM
Depto 1d + 1b + Bodega + Est.  Alta Liquidez,1800.0,73917684.0,26.0,69.23,73.0,1.0,1.0,30000.0,Santiago,Barrio Brasil,2026-09-22,2026-09-21,https://www.portalinmobiliario.com/MLC-4505388698-depto-1d-1b-bodega-est-alta-liquidez-_JM
"En Sta. María, Metro Salvador, Emblemático! 1d-1b",3670.0,150709945.0,53.0,69.25,68.0,1.0,0.0,70000.0,Providencia,Bellavista,2026-09-23,2026-09-22,https://www.portalinmobiliario.com/MLC-2267439673-en-sta-maria-metro-salvador-emblematico-1d-1b-_JM
Martin Zamora / Sebastian Elcano / 2 Estacionamie /4 D - 3 B,9350.0,383961303.0,135.0,69.26,92.0,4.0,2.0,210000.0,Las Condes,Sebastián Elcano,2026-09-28,2026-09-27,https://www.portalinmobiliario.com/MLC-4522141358-martin-zamora-sebastian-elcano-2-estacionamie-4-d-3-b-_JM
Hermoso Loft En General Mackenna,4505.0,185000000.0,65.0,69.31,51.0,2.0,1.0,,Santiago,Centro Histórico De Santiago,2026-09-21,2026-09-21,https://www.portalinmobiliario.com/MLC-4500846210-hermoso-loft-en-general-mackenna-_JM
Venta Depto Amoblado 1 Habitación - San Isidro (5232),2150.0,88290567.0,31.0,69.35,,1.0,,,Santiago,Santa Isabel,2026-10-01,,https://www.portalinmobiliario.com/MLC-4526067212-venta-depto-amoblado-1-habitacion-san-isidro-5232-_JM
Depto. 1d+1b Amoblado Con Bod Precio Rebajado,2290.0,94039720.0,33.0,69.39,68.0,1.0,0.0,70000.0,Santiago,Barrio República,2026-09-29,2026-09-28,https://www.portalinmobiliario.com/MLC-2282597331-depto-1d1b-amoblado-con-bod-precio-rebajado-_JM
Duplex A Pasos De Metro Tobalaba,6800.0,279244584.0,98.0,69.39,,3.0,,,Providencia,Metro Tobalaba - Mall Costanera,2026-10-01,,https://www.portalinmobiliario.com/MLC-4533909518-duplex-a-pasos-de-metro-tobalaba-_JM
Gran Departamento Con Estacionamiento,2500.0,102663450.0,36.0,69.44,83.0,1.0,1.0,60000.0,Santiago,Santa Isabel,2026-09-24,2026-09-23,https://www.portalinmobiliario.com/MLC-4510755868-gran-departamento-con-estacionamiento-_JM
Chiloé 1221 / Av Matta,2085.0,85621317.0,30.0,69.5,75.0,1.0,1.0,72000.0,Santiago,Parque O'Higgins,2026-09-26,2026-09-25,https://www.portalinmobiliario.com/MLC-2275702851-chiloe-1221-av-matta-_JM
"Excelente Ubicación En Las Torres De Apoquindo, Departament",5700.0,234072666.0,82.0,69.51,,3.0,,,Las Condes,Los Dominicos,2026-10-01,,https://www.portalinmobiliario.com/MLC-4531655976-excelente-ubicacion-en-las-torres-de-apoquindo-departament-_JM
Departamento 2d Con Conexión A Lavadora (184235),2990.0,122785486.0,43.0,69.53,72.0,2.0,1.0,0.0,Santiago,Centro Histórico De Santiago,2026-09-29,2026-09-28,https://www.portalinmobiliario.com/MLC-2282600675-departamento-2d-con-conexion-a-lavadora-184235-_JM
Dto Venta-marin-sta Isabel- Irarrazaval-entrega Inmediata,1948.1,80000000.0,28.0,69.58,83.0,1.0,0.0,50000.0,Santiago,Santa Isabel,2026-09-22,2026-09-22,https://www.portalinmobiliario.com/MLC-4502092790-dto-venta-marin-sta-isabel-irarrazaval-entrega-inmediata-_JM
Inversionista Dpto Frente Club Hipico,3620.0,148656676.0,52.0,69.62,,2.0,,,Santiago,Parque O'Higgins,2026-10-01,,https://www.portalinmobiliario.com/MLC-2283617131-inversionista-dpto-frente-club-hipico-_JM
Excelente 2d2b Con Terraza En Santiago,2925.0,120116236.0,42.0,69.64,75.0,2.0,0.0,155000.0,Santiago,Ejército - Toesca,2026-09-24,2026-09-23,https://www.portalinmobiliario.com/MLC-4510768964-excelente-2d2b-con-terraza-en-santiago-_JM
Venta Departamento Remodelado Santiago,2090.0,85826644.0,30.0,69.67,83.0,1.0,0.0,45000.0,Santiago,Bogotá - Sierra Bella,2026-09-22,2026-09-22,https://www.portalinmobiliario.com/MLC-4502088314-venta-departamento-remodelado-santiago-_JM
Venta Departamento 1 Habitación - Santiago (5007),2300.0,94450374.0,33.0,69.7,74.0,1.0,0.0,40000.0,Santiago,Centro Histórico De Santiago,2026-09-28,2026-09-27,https://www.portalinmobiliario.com/MLC-4522102614-venta-departamento-1-habitacion-santiago-5007-_JM
"1 Dormitorio. Argomedo, Entre Lira Y Portugal (173570)",2300.0,94450374.0,33.0,69.7,,1.0,,,Santiago,Santa Isabel,2026-10-01,,https://www.portalinmobiliario.com/MLC-4531658986-1-dormitorio-argomedo-entre-lira-y-portugal-173570-_JM
Ñuñoa 4d 3b Amplios Espacios Estac Y Bodega Metro L3,7250.0,297724005.0,104.0,69.71,86.0,4.0,1.0,240000.0,Providencia,Manuel Montt,2026-09-26,2026-09-25,https://www.portalinmobiliario.com/MLC-2276120641-nunoa-4d-3b-amplios-espacios-estac-y-bodega-metro-l3-_JM
Departamento 2d2b Lastarria A Pasos Metro U Catolica,3490.0,143318176.0,50.0,69.8,,2.0,,,Santiago,Barrio Lastarria,2026-10-01,,https://www.portalinmobiliario.com/MLC-4526068544-departamento-2d2b-lastarria-a-pasos-metro-u-catolica-_JM
Venta Departamento 4 Habitaciones Av. Cristobal Colon (5344),8100.0,332629578.0,116.0,69.83,,4.0,,,Las Condes,Sebastián Elcano,2026-10-01,,https://www.portalinmobiliario.com/MLC-4528506170-venta-departamento-4-habitaciones-av-cristobal-colon-5344-_JM
Depto 2 Dormitorios 2 Baños Metro Manuel Montt,4400.0,180687672.0,63.0,69.84,98.0,2.0,0.0,150000.0,Providencia,Manuel Montt,2026-09-21,2026-09-21,https://www.portalinmobiliario.com/MLC-4499772876-depto-2-dormitorios-2-banos-metro-manuel-montt-_JM
Vista Despejada Norponiente. Potencial Para Remodelar,10200.0,418866876.0,146.0,69.86,104.0,4.0,2.0,290000.0,Las Condes,Mall Sport,2026-09-18,2026-09-18,https://www.portalinmobiliario.com/MLC-4490527860-vista-despejada-norponiente-potencial-para-remodelar-_JM
Depto En Venta 4d 2b Cond P Sn Cristobal,5450.0,223806321.0,78.0,69.87,81.0,4.0,1.0,120000.0,Providencia,Bellavista,2026-09-26,2026-09-25,https://www.portalinmobiliario.com/MLC-2276133085-depto-en-venta-4d-2b-cond-p-sn-cristobal-_JM
Hermoso Departamento En Venta De 3 Dorm. En Providencia,6290.0,258301240.0,90.0,69.89,,3.0,,,Providencia,Plaza Italia,2026-10-01,,https://www.portalinmobiliario.com/MLC-4526103490-hermoso-departamento-en-venta-de-3-dorm-en-providencia-_JM
Venta Depto Santiago Centro 3 Dorm Y 3 Baños Providencia,6290.0,258301240.0,90.0,69.89,80.0,3.0,0.0,130000.0,Providencia,Plaza Italia,2026-09-21,2026-09-21,https://www.portalinmobiliario.com/MLC-4499467614-venta-depto-santiago-centro-3-dorm-y-3-banos-providencia-_JM
Departamento En Venta En Santiago,2100.0,86237298.0,30.0,70.0,83.0,1.0,0.0,55000.0,Santiago,Barrio Diez De Julio,2026-09-21,2026-09-21,https://www.portalinmobiliario.com/MLC-4501523910-departamento-en-venta-en-santiago-_JM
Atencion Inversionistas Excelente Rentabilidad,2800.0,114983064.0,40.0,70.0,74.0,2.0,1.0,0.0,Santiago,Barrio República,2026-09-21,2026-09-21,https://www.portalinmobiliario.com/MLC-4499466806-atencion-inversionistas-excelente-rentabilidad-_JM
Se Vende Departamento Uf2.800 Sector Metro Sta. Ana Santiago,2800.0,114983064.0,40.0,70.0,74.0,1.0,0.0,90000.0,Santiago,Barrio Brasil,2026-09-25,2026-09-24,https://www.portalinmobiliario.com/MLC-4513682284-se-vende-departamento-uf2800-sector-metro-sta-ana-santiago-_JM
Dpto En Venta De 1 Dorm. En Santiago Metro Sta Lucia,2100.0,86237298.0,30.0,70.0,83.0,1.0,0.0,70000.0,Santiago,Santa Isabel,2026-09-28,2026-09-27,https://www.portalinmobiliario.com/MLC-4520106912-dpto-en-venta-de-1-dorm-en-santiago-metro-sta-lucia-_JM
¡vive En Bellas Artes! Depto Central En Venta,2100.0,86237298.0,30.0,70.0,83.0,1.0,0.0,,Santiago,Centro Histórico De Santiago,2026-09-26,2026-09-25,https://www.portalinmobiliario.com/MLC-2275609841-vive-en-bellas-artes-depto-central-en-venta-_JM
Metro Inés De Suárez / Piso De Párquet / 2 Estacionamientos,6790.0,278833930.0,97.0,70.0,86.0,3.0,2.0,170000.0,Providencia,Inés De Suárez,2026-09-22,2026-09-21,https://www.portalinmobiliario.com/MLC-2265364485-metro-ines-de-suarez-piso-de-parquet-2-estacionamientos-_JM
Venta Departamento Antiguo Remodelado 3d 2b - Las Condes,5600.0,229966128.0,80.0,70.0,88.0,3.0,1.0,100000.0,Las Condes,Parque Padre Alberto Hurtado,2026-09-20,2026-09-20,https://www.portalinmobiliario.com/MLC-4495765492-venta-departamento-antiguo-remodelado-3d-2b-las-condes-_JM
Metro Ñuble Impecable,1890.0,77613568.0,27.0,70.0,83.0,1.0,0.0,50000.0,Santiago,METRO ÑUBLE IMPECABLE,2026-09-22,2026-09-21,https://www.portalinmobiliario.com/MLC-2265339813-metro-nuble-impecable-_JM
Metro Ñuble Impecable,1890.0,77613568.0,27.0,70.0,83.0,1.0,0.0,50000.0,Santiago,METRO ÑUBLE IMPECABLE,2026-09-22,2026-09-21,https://www.portalinmobiliario.com/MLC-2265352443-metro-nuble-impecable-_JM
Amplitud Luz Y Diseño En El Corazon De Santiago,3500.0,143728830.0,50.0,70.0,83.0,1.0,1.0,68000.0,Santiago,Santa Isabel,2026-09-22,2026-09-22,https://www.portalinmobiliario.com/MLC-2264457765-amplitud-luz-y-diseno-en-el-corazon-de-santiago-_JM
Venta Depart. En Santiago Metro Cumming - Piso 13,2100.0,86237298.0,30.0,70.0,66.0,1.0,0.0,70000.0,Santiago,Barrio Yungay,2026-09-22,2026-09-22,https://www.portalinmobiliario.com/MLC-4502089258-venta-depart-en-santiago-metro-cumming-piso-13-_JM
Departamento En Venta En Santiago,2380.0,97735604.0,34.0,70.0,74.0,1.0,0.0,30000.0,Santiago,Centro Histórico De Santiago,2026-09-23,2026-09-22,https://www.portalinmobiliario.com/MLC-2268767119-departamento-en-venta-en-santiago-_JM
Departamento En Venta En Santiago,2380.0,97735604.0,34.0,70.0,72.0,1.0,0.0,35000.0,Santiago,Centro Histórico De Santiago,2026-09-23,2026-09-22,https://www.portalinmobiliario.com/MLC-2268754137-departamento-en-venta-en-santiago-_JM
Departamento En Venta De 2 Dorm. En Providencia,4200.0,172474596.0,60.0,70.0,98.0,2.0,0.0,0.0,Providencia,Nueva Providencia/ Carlos Antunez,2026-09-23,2026-09-22,https://www.portalinmobiliario.com/MLC-2268778815-departamento-en-venta-de-2-dorm-en-providencia-_JM
Hermoso Depto Mariposa Venta Calle Tarapaca,3500.0,143728830.0,50.0,70.0,75.0,2.0,1.0,80.0,Santiago,Bulnes,2026-09-24,2026-09-23,https://www.portalinmobiliario.com/MLC-4510782778-hermoso-depto-mariposa-venta-calle-tarapaca-_JM
San Isidro Est Y Bod Impecable,3500.0,143728830.0,50.0,70.0,83.0,2.0,1.0,86000.0,Santiago,Santa Isabel,2026-09-24,2026-09-23,https://www.portalinmobiliario.com/MLC-2271028303-san-isidro-est-y-bod-impecable-_JM
Venta Departamento En Santiago Centro,2100.0,86237298.0,30.0,70.0,,1.0,,,Santiago,Bulnes,2026-10-01,,https://www.portalinmobiliario.com/MLC-4528516250-venta-departamento-en-santiago-centro-_JM
Departamento En Venta De 3 Dormitorios En Las Condes,9800.0,402440724.0,140.0,70.0,,3.0,,,Las Condes,Metro Escuela Militar,2026-10-01,,https://www.portalinmobiliario.com/MLC-2288292277-departamento-en-venta-de-3-dormitorios-en-las-condes-_JM
Venta Dpto Vintage Providencia 3d 2b A Pasos Del Metro,5740.0,235715281.0,82.0,70.0,,3.0,,,Providencia,Pedro De Valdivia,2026-10-01,,https://www.portalinmobiliario.com/MLC-2283642975-venta-dpto-vintage-providencia-3d-2b-a-pasos-del-metro-_JM
Venta Departamento 1 Dormitorio Santa Isabel,2100.0,86237298.0,30.0,70.0,83.0,1.0,0.0,65000.0,Santiago,Barrio Diez De Julio,2026-09-26,2026-09-25,https://www.portalinmobiliario.com/MLC-4515242918-venta-departamento-1-dormitorio-santa-isabel-_JM
Departamento 2 Dor 2 Baños Estacionamiento Y Bodega,3850.0,158101713.0,55.0,70.0,54.0,2.0,1.0,0.0,Santiago,Parque Almagro,2026-09-23,2026-09-22,https://www.portalinmobiliario.com/MLC-2268780483-departamento-2-dor-2-banos-estacionamiento-y-bodega-_JM
Venta Estudio Con Terraza  Límite Provide (155405),1680.2,69000000.0,24.0,70.01,,1.0,,,Santiago,Santa Isabel,2026-10-01,,https://www.portalinmobiliario.com/MLC-4531670664-venta-estudio-con-terraza-limite-provide-155405-_JM
"Pie1% Pago A 12 Cuotas;cdto 80% 1d1b Nuevo, Alamos Stgo",2385.0,97940931.0,34.0,70.15,72.0,1.0,0.0,45000.0,Santiago,Parque O'Higgins,2026-09-24,2026-09-23,https://www.portalinmobiliario.com/MLC-2270953557-pie1-pago-a-12-cuotascdto-80-1d1b-nuevo-alamos-stgo-_JM
Santo Domingo (piso 7),3860.0,158512367.0,55.0,70.18,53.0,2.0,1.0,,Santiago,Centro Histórico De Santiago,2026-09-21,2026-09-21,https://www.portalinmobiliario.com/MLC-4499467336-santo-domingo-piso-7-_JM
Departamento En Venta 2 Dormitorios 2 Baños En Santiago,3160.0,129766601.0,45.0,70.22,75.0,2.0,1.0,0.0,Santiago,Parque Almagro,2026-09-26,2026-09-25,https://www.portalinmobiliario.com/MLC-2276108091-departamento-en-venta-2-dormitorios-2-banos-en-santiago-_JM
"En Venta Departamento 2dormitorios Y 2baños, Serrano 627",2950.0,121142871.0,42.0,70.24,,2.0,,,Santiago,San Diego,2026-10-01,,https://www.portalinmobiliario.com/MLC-2283617529-en-venta-departamento-2dormitorios-y-2banos-serrano-627-_JM
Frente Al Metro Hernando De Magallanes. Luminoso Piso 3,5900.0,242285742.0,84.0,70.24,,3.0,,,Las Condes,Metro Hernando De Magallanes,2026-10-01,,https://www.portalinmobiliario.com/MLC-2290632453-frente-al-metro-hernando-de-magallanes-luminoso-piso-3-_JM
2d2b + 2 Bod |metro Santa Isabel|2.600 Uf,2600.0,106769988.0,37.0,70.27,83.0,2.0,0.0,100000.0,Santiago,Santa Isabel,2026-09-25,2026-09-24,https://www.portalinmobiliario.com/MLC-4515016306-2d2b-2-bod-metro-santa-isabel2600-uf-_JM
Oportunidad Única: Inversión Segura (178562),2180.0,89522528.0,31.0,70.32,,10.0,,,Santiago,Parque O'Higgins,2026-10-01,,https://www.portalinmobiliario.com/MLC-4530109646-oportunidad-unica-inversion-segura-178562-_JM
"Parque Almagro, Rebajado, 1 Dormitorio, Amplia Terraza",1900.0,78024222.0,27.0,70.37,74.0,1.0,0.0,,Santiago,San Diego,2026-09-18,2026-09-18,https://www.portalinmobiliario.com/MLC-4490282008-parque-almagro-rebajado-1-dormitorio-amplia-terraza-_JM
Departamento 2 Dormitorios Costado Parque Arauco Las Condes,7250.0,297724005.0,103.0,70.39,99.0,2.0,1.0,230000.0,Las Condes,Parque Arauco,2026-09-23,2026-09-22,https://www.portalinmobiliario.com/MLC-2268778725-departamento-2-dormitorios-costado-parque-arauco-las-condes-_JM
Departamento Estilo Mariposa Santiago Centro,3450.0,141675561.0,49.0,70.41,74.0,2.0,1.0,100000.0,Santiago,Barrio Brasil,2026-09-25,2026-09-24,https://www.portalinmobiliario.com/MLC-4514951906-departamento-estilo-mariposa-santiago-centro-_JM
"Venta Departamento 2d, 2b Cocina Equipada",3450.0,141675561.0,49.0,70.41,83.0,2.0,1.0,95000.0,Santiago,Barrio Diez De Julio,2026-09-22,2026-09-21,https://www.portalinmobiliario.com/MLC-2265361651-venta-departamento-2d-2b-cocina-equipada-_JM
Cercano A Parque Almagro - Home Studio + Est (65238),1690.0,69400492.0,24.0,70.42,,1.0,,,Santiago,Parque Almagro,2026-10-01,,https://www.portalinmobiliario.com/MLC-2283596681-cercano-a-parque-almagro-home-studio-est-65238-_JM
Metro Sta Isabel Con Estacionamiento,3099.0,127261613.0,44.0,70.43,83.0,2.0,1.0,60000.0,Santiago,Santa Isabel,2026-09-28,2026-09-27,https://www.portalinmobiliario.com/MLC-4522128566-metro-sta-isabel-con-estacionamiento-_JM
De Verdad! Impecable Depto Estupendo Barrio 3d Y 2b,5567.0,228610970.0,79.0,70.47,55.0,3.0,1.0,150000.0,Santiago,Barrio República,2026-09-26,2026-09-25,https://www.portalinmobiliario.com/MLC-4514984156-de-verdad-impecable-depto-estupendo-barrio-3d-y-2b-_JM
"Gran Oportunidad Depto 3d, 2b En Las Condes (180204)",8600.0,353162268.0,122.0,70.49,92.0,3.0,1.0,240000.0,Las Condes,Vaticano,2026-09-25,2026-09-24,https://www.portalinmobiliario.com/MLC-4513687626-gran-oportunidad-depto-3d-2b-en-las-condes-180204-_JM
Hernando De Magallanes/ Colón /metro Hernando De Magallanes,5725.0,235099300.0,81.0,70.68,93.0,2.0,0.0,160000.0,Las Condes,Rotonda Atenas,2026-09-25,2026-09-24,https://www.portalinmobiliario.com/MLC-2274115139-hernando-de-magallanes-colon-metro-hernando-de-magallanes-_JM
Gran Lugar Para Vivir Cómodamente. (132527),3110.0,127713332.0,44.0,70.68,,2.0,,,Santiago,San Diego,2026-10-01,,https://www.portalinmobiliario.com/MLC-4524204484-gran-lugar-para-vivir-comodamente-132527-_JM
Departamento En Venta De 1d1b En Santiago,2050.0,84184029.0,29.0,70.69,79.0,1.0,0.0,55000.0,Santiago,Bogotá - Sierra Bella,2026-09-23,2026-09-22,https://www.portalinmobiliario.com/MLC-2267403397-departamento-en-venta-de-1d1b-en-santiago-_JM
Dpto Con Ubicación Inmejorable.,4383.3,180000000.0,62.0,70.7,,2.0,,,Providencia,Metro Tobalaba - Mall Costanera,2026-10-01,,https://www.portalinmobiliario.com/MLC-2285739487-dpto-con-ubicacion-inmejorable-_JM
Venta Departamento 2 Habitaciones - Arturo Prat (5261),2900.0,119089602.0,41.0,70.73,75.0,2.0,0.0,55000.0,Santiago,San Diego,2026-09-28,2026-09-27,https://www.portalinmobiliario.com/MLC-4522141478-venta-departamento-2-habitaciones-arturo-prat-5261-_JM
Oportunidad Cómodo Departamento En Las Condes (176532),7500.0,307990350.0,106.0,70.75,95.0,2.0,1.0,225000.0,Las Condes,Vaticano,2026-09-23,2026-09-22,https://www.portalinmobiliario.com/MLC-4507132668-oportunidad-comodo-departamento-en-las-condes-176532-_JM
Remodelado En Excelente Barrio 3 D 1 B . Estac.. Termopanel,4600.0,188900748.0,65.0,70.77,85.0,3.0,1.0,40000.0,Providencia,Inés De Suárez,2026-09-28,2026-09-27,https://www.portalinmobiliario.com/MLC-2279837559-remodelado-en-excelente-barrio-3-d-1-b-estac-termopanel-_JM
Venta Departamento Studio Santo Domingo - Santiago (5071),1770.0,72685723.0,25.0,70.8,74.0,,0.0,60000.0,Santiago,Centro Histórico De Santiago,2026-09-28,2026-09-27,https://www.portalinmobiliario.com/MLC-4522102602-venta-departamento-studio-santo-domingo-santiago-5071-_JM
Se Vende Amplio Depto En Muy Buen Estado Muy Bien Ubicado,5100.0,209433438.0,72.0,70.83,,3.0,,,Providencia,Barrio Italia,2026-10-01,,https://www.portalinmobiliario.com/MLC-2288276039-se-vende-amplio-depto-en-muy-buen-estado-muy-bien-ubicado-_JM
"Depto 1 Dorm. 1 Baño, Estac. Y Bod. Rentabilidad Arrendado.",1700.0,69811146.0,24.0,70.83,74.0,1.0,1.0,85000.0,Santiago,Barrio Brasil,2026-09-27,2026-09-26,https://www.portalinmobiliario.com/MLC-2278812025-depto-1-dorm-1-bano-estac-y-bod-rentabilidad-arrendado-_JM
Morandé,3400.0,139622292.0,48.0,70.83,73.0,2.0,1.0,,Santiago,Centro Histórico De Santiago,2026-09-21,2026-09-21,https://www.portalinmobiliario.com/MLC-4499467394-morande-_JM
"Excelente Propiedad.metro Inés De Suarez, Amplio, Luminoso.",6800.0,279244584.0,96.0,70.83,,3.0,,,Providencia,Providencia,2026-10-01,,https://www.portalinmobiliario.com/MLC-2290629163-excelente-propiedadmetro-ines-de-suarez-amplio-luminoso-_JM
Dpto 3d 3b Sala De Estar Martín Alonso Pinzón (126931),7792.5,320000000.0,110.0,70.84,,3.0,,,Las Condes,Sebastián Elcano,2026-10-01,,https://www.portalinmobiliario.com/MLC-4524179656-dpto-3d-3b-sala-de-estar-martin-alonso-pinzon-126931-_JM
4 Dormitorios A Pasos Metro Los Dominicos (172901),7800.0,320309964.0,110.0,70.91,96.0,4.0,1.0,80000.0,Las Condes,Los Dominicos,2026-09-27,2026-09-26,https://www.portalinmobiliario.com/MLC-4517626468-4-dormitorios-a-pasos-metro-los-dominicos-172901-_JM
Lindo Estudio En Metro U. Chile,1490.0,61187416.0,21.0,70.95,,1.0,,,Santiago,Bulnes,2026-10-01,,https://www.portalinmobiliario.com/MLC-4530711896-lindo-estudio-en-metro-u-chile-_JM
"Pie1% Pago A12 Cuotas &#43;cdto 80% Estudio,nuevo, Alamos St",2059.0,84553617.0,29.0,71.0,72.0,1.0,0.0,47000.0,Santiago,Parque O'Higgins,2026-09-25,2026-09-24,https://www.portalinmobiliario.com/MLC-2274586829-pie1-pago-a12-cuotas-43cdto-80-estudionuevo-alamos-st-_JM
Departamento En Venta En Vicuña Mackenna Comuna Santiago,1988.0,81637975.0,28.0,71.0,,1.0,,,Santiago,Bogotá - Sierra Bella,2026-10-01,,https://www.portalinmobiliario.com/MLC-4530701812-departamento-en-venta-en-vicuna-mackenna-comuna-santiago-_JM
Departamento En Venta De 1 Dorm. En Santiago,2130.0,87469259.0,30.0,71.0,,1.0,,,Santiago,Santa Isabel,2026-10-01,,https://www.portalinmobiliario.com/MLC-4533914276-departamento-en-venta-de-1-dorm-en-santiago-_JM
Dpto. En Venta 3d 2b Estac/bodega Santiago,5113.8,210000000.0,72.0,71.03,,3.0,,,Santiago,Barrio Brasil,2026-10-01,,https://www.portalinmobiliario.com/MLC-2288567505-dpto-en-venta-3d-2b-estacbodega-santiago-_JM
Gran Departamento/ 2 Terrazas /excelente Ubicación,10300.0,422973414.0,145.0,71.03,91.0,3.0,2.0,290000.0,Providencia,Las Lilas,2026-09-22,2026-09-21,https://www.portalinmobiliario.com/MLC-2265326219-gran-departamento-2-terrazas-excelente-ubicacion-_JM
Departamento Vergara Id: 150953,2700.0,110876526.0,38.0,71.05,75.0,1.0,0.0,70000.0,Santiago,Ejército - Toesca,2026-09-25,2026-09-24,https://www.portalinmobiliario.com/MLC-2274593871-departamento-vergara-id-150953-_JM
Departamento En Venta De 2 Dorm. En Santiago,3340.0,137158369.0,47.0,71.06,,2.0,,,Santiago,Parque O'Higgins,2026-10-01,,https://www.portalinmobiliario.com/MLC-2290689269-departamento-en-venta-de-2-dorm-en-santiago-_JM
Departamento En Venta De 3 Dorm. 3b. 1e. 1b Las Condes,8600.0,353162268.0,121.0,71.07,92.0,3.0,1.0,250000.0,Las Condes,Vaticano,2026-09-23,2026-09-22,https://www.portalinmobiliario.com/MLC-4509207764-departamento-en-venta-de-3-dorm-3b-1e-1b-las-condes-_JM
Hermoso Depto En Piso 4 (sin Ascensor),9100.0,373694958.0,128.0,71.09,91.0,4.0,1.0,,Providencia,Pedro De Valdivia,2026-09-21,2026-09-21,https://www.portalinmobiliario.com/MLC-4499773040-hermoso-depto-en-piso-4-sin-ascensor-_JM
Vendemos Departamentoi Remodelado En Providencia,6400.0,262818432.0,90.0,71.11,94.0,3.0,0.0,120000.0,Providencia,Los Leones,2026-09-23,2026-09-22,https://www.portalinmobiliario.com/MLC-2268754525-vendemos-departamentoi-remodelado-en-providencia-_JM
Venta Departamento 1 Habitación - Huérfanos (5142),2490.0,102252796.0,35.0,71.14,,1.0,,,Santiago,Centro Histórico De Santiago,2026-10-01,,https://www.portalinmobiliario.com/MLC-4528519310-venta-departamento-1-habitacion-huerfanos-5142-_JM
Departamento Lado Metro Santa Ana,3700.0,151941906.0,52.0,71.15,53.0,2.0,1.0,140000.0,Santiago,Centro Histórico De Santiago,2026-09-22,2026-09-22,https://www.portalinmobiliario.com/MLC-4502685324-departamento-lado-metro-santa-ana-_JM
Depto. Metro Sta Ana 1d/1b/estac./bod.,2350.0,96503643.0,33.0,71.21,74.0,1.0,1.0,95000.0,Santiago,Centro Histórico De Santiago,2026-09-23,2026-09-22,https://www.portalinmobiliario.com/MLC-2268766887-depto-metro-sta-ana-1d1bestacbod-_JM
Venta 2piso Departamento 3d 3b - Providencia,6700.0,275138046.0,94.0,71.28,94.0,3.0,0.0,180000.0,Providencia,Manuel Montt,2026-09-21,2026-09-21,https://www.portalinmobiliario.com/MLC-4501913500-venta-2piso-departamento-3d-3b-providencia-_JM
Departamento En Manquehue Sur A Pasos Del Metro,6990.0,287047006.0,98.0,71.33,92.0,3.0,0.0,150000.0,Las Condes,Rotonda Atenas,2026-09-18,2026-09-18,https://www.portalinmobiliario.com/MLC-4490277672-departamento-en-manquehue-sur-a-pasos-del-metro-_JM
Departamento En Venta Tipo Estudio En Barrio Franklin,1499.0,61557005.0,21.0,71.38,72.0,1.0,0.0,60000.0,Santiago,Franklin - Biobío,2026-09-26,2026-09-25,https://www.portalinmobiliario.com/MLC-2276108093-departamento-en-venta-tipo-estudio-en-barrio-franklin-_JM
Tu Nuevo Hogar En El Corazón De Las Condes (172553),9995.0,410448473.0,140.0,71.39,98.0,3.0,2.0,300000.0,Las Condes,Presidente Riesco,2026-09-26,2026-09-25,https://www.portalinmobiliario.com/MLC-2276119357-tu-nuevo-hogar-en-el-corazon-de-las-condes-172553-_JM
Vive Cerca De Todo - Depto Centro Santiago - 1b 1b,2500.0,102663450.0,35.0,71.43,83.0,1.0,0.0,55000.0,Santiago,Santa Isabel,2026-09-24,2026-09-23,https://www.portalinmobiliario.com/MLC-4509217560-vive-cerca-de-todo-depto-centro-santiago-1b-1b-_JM
"Luminoso Excelente Cerca Colegios, Parque Diego De Almagro,",2000.0,82130760.0,28.0,71.43,74.0,1.0,5.0,50000.0,Santiago,Parque Almagro,2026-09-24,2026-09-23,https://www.portalinmobiliario.com/MLC-4510328670-luminoso-excelente-cerca-colegios-parque-diego-de-almagro-_JM
Oportunidad / Metro U.católica / 2 Ambientes / Amplio/ Bodeg,2500.0,102663450.0,35.0,71.43,83.0,1.0,0.0,65000.0,Santiago,Barrio San Borja,2026-09-29,2026-09-28,https://www.portalinmobiliario.com/MLC-4523805362-oportunidad-metro-ucatolica-2-ambientes-amplio-bodeg-_JM
Departamento Portugal Id: 131749,3000.0,123196140.0,42.0,71.43,83.0,2.0,1.0,100000.0,Santiago,Santa Isabel,2026-09-27,2026-09-26,https://www.portalinmobiliario.com/MLC-2278810551-departamento-portugal-id-131749-_JM
"Vendo Depto 4d 3b Calle California, Providencia (180541)",9500.0,390121110.0,133.0,71.43,82.0,4.0,2.0,280000.0,Providencia,California,2026-09-27,2026-09-26,https://www.portalinmobiliario.com/MLC-4517626340-vendo-depto-4d-3b-calle-california-providencia-180541-_JM
Venta Departamento 1hab 1ba Santiago,2500.0,102663450.0,35.0,71.43,72.0,1.0,0.0,65000.0,Santiago,Parque O'Higgins,2026-09-26,2026-09-25,https://www.portalinmobiliario.com/MLC-2275659853-venta-departamento-1hab-1ba-santiago-_JM
"Excelente Departamento, Lord Cochrane 136, Comisión Sin Iva",2000.0,82130760.0,28.0,71.43,75.0,1.0,0.0,0.0,Santiago,Bulnes,2026-09-24,2026-09-23,https://www.portalinmobiliario.com/MLC-4510777558-excelente-departamento-lord-cochrane-136-comision-sin-iva-_JM
En Venta Seminuevo 2 Dormitorios,3500.0,143728830.0,49.0,71.43,75.0,2.0,1.0,0.0,Santiago,San Diego,2026-09-24,2026-09-23,https://www.portalinmobiliario.com/MLC-4510768804-en-venta-seminuevo-2-dormitorios-_JM
Moderno Y Luminoso/av Manuel Antonio Matta #524 (184099),3000.0,123196140.0,42.0,71.43,83.0,2.0,1.0,95000.0,Santiago,Bogotá - Sierra Bella,2026-09-27,2026-09-26,https://www.portalinmobiliario.com/MLC-4517551678-moderno-y-luminosoav-manuel-antonio-matta-524-184099-_JM
"Venta -  Las Condes - Departamento - Presidente Riesco 2955,",10500.0,431186490.0,147.0,71.43,99.0,3.0,2.0,,Las Condes,RM (Metropolitana),2026-09-24,2026-09-23,https://www.portalinmobiliario.com/MLC-4510757904-venta-las-condes-departamento-presidente-riesco-2955-_JM
Excelente Oportunidad Estacionamiento Y 2 Bodegas,3000.0,123196140.0,42.0,71.43,74.0,2.0,1.0,,Santiago,Bulnes,2026-09-22,2026-09-22,https://www.portalinmobiliario.com/MLC-4501531788-excelente-oportunidad-estacionamiento-y-2-bodegas-_JM
Departamento En Venta En Las Condes,10000.0,410653800.0,140.0,71.43,97.0,4.0,1.0,280000.0,Las Condes,Barrio El Golf,2026-09-23,2026-09-22,https://www.portalinmobiliario.com/MLC-2267449305-departamento-en-venta-en-las-condes-_JM
Depto En Venta De 3 Dorm. 2 Baños En Las Condes,8500.0,349055730.0,119.0,71.43,92.0,3.0,2.0,165000.0,Las Condes,Vaticano,2026-09-25,2026-09-24,https://www.portalinmobiliario.com/MLC-4513362142-depto-en-venta-de-3-dorm-2-banos-en-las-condes-_JM
Vendo Departamento Santiago,3000.0,123196140.0,42.0,71.43,74.0,2.0,1.0,120000.0,Santiago,Ejército - Toesca,2026-09-21,2026-09-21,https://www.portalinmobiliario.com/MLC-2264197267-vendo-departamento-santiago-_JM
3 Habitaciones Mas Servicio Y 2 Estacionamientos,8500.0,349055730.0,119.0,71.43,92.0,4.0,2.0,120000.0,Las Condes,Vaticano,2026-09-25,2026-09-24,https://www.portalinmobiliario.com/MLC-4513371948-3-habitaciones-mas-servicio-y-2-estacionamientos-_JM
"Venta Depto. 1d 1b, Blanco Encalada 2527, Santiago",2215.0,90959817.0,31.0,71.45,68.0,1.0,0.0,52000.0,Santiago,Barrio República,2026-09-24,2026-09-23,https://www.portalinmobiliario.com/MLC-4510797072-venta-depto-1d-1b-blanco-encalada-2527-santiago-_JM
"Departamento Venta 2 Dormitorios - Manquehue Sur, Las Condes",7790.0,319899310.0,109.0,71.47,92.0,2.0,1.0,140000.0,Las Condes,Sebastián Elcano,2026-09-18,2026-09-18,https://www.portalinmobiliario.com/MLC-4491577676-departamento-venta-2-dormitorios-manquehue-sur-las-condes-_JM
Departamento Metrotren Maestranza San Bernardo,4290.0,176170480.0,60.0,71.5,54.0,2.0,0.0,0.0,Santiago,Bulnes,2026-09-26,2026-09-25,https://www.portalinmobiliario.com/MLC-2275710259-departamento-metrotren-maestranza-san-bernardo-_JM
Departamento En Venta De 2 Dorm. En Providencia,3720.0,152763214.0,52.0,71.54,98.0,2.0,0.0,98000.0,Providencia,Manuel Montt,2026-09-24,2026-09-23,https://www.portalinmobiliario.com/MLC-4510775150-departamento-en-venta-de-2-dorm-en-providencia-_JM
2d1b Departamento Linda Vista Al Cerro San Cristobal,3720.0,152763214.0,52.0,71.54,98.0,2.0,0.0,98000.0,Providencia,Manuel Montt,2026-09-23,2026-09-22,https://www.portalinmobiliario.com/MLC-4506405722-2d1b-departamento-linda-vista-al-cerro-san-cristobal-_JM
Departamento En Venta De 2 Dorm. En Providencia,4150.0,170421327.0,58.0,71.55,68.0,2.0,0.0,50000.0,Providencia,Plaza Italia,2026-09-22,2026-09-21,https://www.portalinmobiliario.com/MLC-4505387594-departamento-en-venta-de-2-dorm-en-providencia-_JM
Departamento En Venta De 2 Dorm. En Providencia,4150.0,170421327.0,58.0,71.55,68.0,2.0,0.0,50000.0,Providencia,Plaza Italia,2026-09-28,2026-09-24,https://www.portalinmobiliario.com/MLC-4522128726-departamento-en-venta-de-2-dorm-en-providencia-_JM
Departamento Excelente Ubicación / Iluminado / Remodelar,9950.0,408600531.0,139.0,71.58,97.0,3.0,1.0,400000.0,Las Condes,Avenida Presidente Riesco,2026-09-22,2026-09-21,https://www.portalinmobiliario.com/MLC-2265326263-departamento-excelente-ubicacion-iluminado-remodelar-_JM
Para Remodelar / 154 M² Totales / Metro El Golf,9950.0,408600531.0,139.0,71.58,99.0,3.0,1.0,400000.0,Las Condes,Centro Financiero,2026-09-22,2026-09-21,https://www.portalinmobiliario.com/MLC-2265364769-para-remodelar-154-m-totales-metro-el-golf-_JM
Excelente Oportunidad/ Amplio Departamento /buena Ubicación,9950.0,408600531.0,139.0,71.58,99.0,3.0,1.0,400000.0,Las Condes,Centro Financiero,2026-09-22,2026-09-21,https://www.portalinmobiliario.com/MLC-2265351881-excelente-oportunidad-amplio-departamento-buena-ubicacion-_JM
Para Remoledar / Metro El Golf / Oportunidad Única,9950.0,408600531.0,139.0,71.58,99.0,3.0,1.0,400000.0,Las Condes,Centro Financiero,2026-09-22,2026-09-21,https://www.portalinmobiliario.com/MLC-2265364899-para-remoledar-metro-el-golf-oportunidad-unica-_JM
Departamento En Venta De 1 Dorm. En Santiago,2362.1,97000000.0,33.0,71.58,,1.0,,,Santiago,,2026-10-01,,https://www.portalinmobiliario.com/MLC-4531690710-departamento-en-venta-de-1-dorm-en-santiago-_JM
Depto Remodelado,6087.9,250000000.0,85.0,71.62,,1.0,,,Providencia,,2026-10-01,,https://www.portalinmobiliario.com/MLC-4531676940-depto-remodelado-_JM
Las Condes Apumanque Uf 8600,8600.0,353162268.0,120.0,71.67,98.0,3.0,1.0,250000.0,Las Condes,Metro Manquehue - Apumanque,2026-09-22,2026-09-21,https://www.portalinmobiliario.com/MLC-2265364927-las-condes-apumanque-uf-8600-_JM
Se Vende Depto. Mariposa  2d 2b Stgo Centro,3800.0,156048444.0,53.0,71.7,,,,,Santiago,Santa Isabel,2026-10-01,,https://www.portalinmobiliario.com/MLC-4530724282-se-vende-depto-mariposa-2d-2b-stgo-centro-_JM
Venta Dpto-stgo Centro-ideal Inversionistas-monoambiente,1650.0,67757877.0,23.0,71.74,,1.0,,,Santiago,Santa Isabel,2026-10-01,,https://www.portalinmobiliario.com/MLC-2283617069-venta-dpto-stgo-centro-ideal-inversionistas-monoambiente-_JM
Departamento En Venta De 1d&#43;1b En Santiago,1580.0,64883300.0,22.0,71.82,83.0,1.0,0.0,80000.0,Santiago,Barrio San Borja,2026-09-23,2026-09-22,https://www.portalinmobiliario.com/MLC-2268752915-departamento-en-venta-de-1d431b-en-santiago-_JM
Departamento De 2 Dormitorios En Infante Y Eliodoro Yañez !,4600.0,188900748.0,64.0,71.88,98.0,2.0,1.0,0.0,Providencia,Salvador,2026-09-23,2026-09-22,https://www.portalinmobiliario.com/MLC-2268778843-departamento-de-2-dormitorios-en-infante-y-eliodoro-yanez--_JM
"Excelente Departamento, Cercano A Av Colón / Manquehue",9200.0,377801496.0,128.0,71.88,92.0,4.0,2.0,400000.0,Las Condes,Rotonda Atenas,2026-09-28,2026-09-27,https://www.portalinmobiliario.com/MLC-4522112568-excelente-departamento-cercano-a-av-colon-manquehue-_JM
"Bello Horizonte,colon-manquehue, Vista Asegurada, Impecable",9200.0,377801496.0,128.0,71.88,92.0,4.0,2.0,400000.0,Las Condes,Rotonda Atenas,2026-09-24,2026-09-23,https://www.portalinmobiliario.com/MLC-2270966243-bello-horizontecolon-manquehue-vista-asegurada-impecable-_JM
Departamento En Venta De 3 Dorm. En Providencia,8200.0,336736116.0,114.0,71.93,82.0,3.0,1.0,160000.0,Providencia,Inés De Suárez,2026-09-27,2026-09-26,https://www.portalinmobiliario.com/MLC-4517627532-departamento-en-venta-de-3-dorm-en-providencia-_JM
"Invierte Hoy ,  Departamento Con Alta Rentabilidad",2590.0,106359334.0,36.0,71.94,,1.0,,,Santiago,Parque O'Higgins,2026-10-01,,https://www.portalinmobiliario.com/MLC-2288302021-invierte-hoy-departamento-con-alta-rentabilidad-_JM
Depto. 3 Hab. Ideal Para Inversión.  (170136),5900.0,242285742.0,82.0,71.95,94.0,3.0,0.0,210000.0,Providencia,Los Leones,2026-09-25,2026-09-24,https://www.portalinmobiliario.com/MLC-4513698766-depto-3-hab-ideal-para-inversion-170136-_JM
Depto En Venta De 4 Dormitorios Y Terraza - Felix De Amesti,7990.0,328112386.0,111.0,71.98,95.0,3.0,1.0,220000.0,Las Condes,Metro Escuela Militar,2026-09-26,2026-09-25,https://www.portalinmobiliario.com/MLC-2275680805-depto-en-venta-de-4-dormitorios-y-terraza-felix-de-amesti-_JM
Venta Metro Union Latinoamericana / Libertad,1872.0,76874391.0,26.0,72.0,68.0,1.0,0.0,0.0,Santiago,Barrio Yungay,2026-09-22,2026-09-22,https://www.portalinmobiliario.com/MLC-4502089046-venta-metro-union-latinoamericana-libertad-_JM
Depto En Venta Metro Franklin,3600.0,147835368.0,50.0,72.0,72.0,2.0,1.0,125000.0,Santiago,Parque O'Higgins,2026-09-21,2026-09-21,https://www.portalinmobiliario.com/MLC-2262135319-depto-en-venta-metro-franklin-_JM
"Pie 1% Pago A 12 Cuotas &#43;cdto 80% Estudio,nuevo, Alamos",2019.0,82911002.0,28.0,72.11,72.0,1.0,0.0,47000.0,Santiago,Parque O'Higgins,2026-09-24,2026-09-23,https://www.portalinmobiliario.com/MLC-4510328992-pie-1-pago-a-12-cuotas-43cdto-80-estudionuevo-alamos-_JM
Departamento 2d 1 B I Providencia | Piso 12 |,4115.4,169000000.0,57.0,72.2,98.0,2.0,0.0,100000.0,Providencia,Pedro De Valdivia,2026-09-28,2026-09-27,https://www.portalinmobiliario.com/MLC-2282570395-departamento-2d-1-b-i-providencia-piso-12--_JM
Depto 2d 2b Más Estac Y Bodega Metro Ohiggins,3467.0,142373672.0,48.0,72.23,75.0,2.0,1.0,0.0,Santiago,Parque O'Higgins,2026-09-26,2026-09-25,https://www.portalinmobiliario.com/MLC-2276108879-depto-2d-2b-mas-estac-y-bodega-metro-ohiggins-_JM
Departamento En Venta De 5 Dorm. En Las Condes,10700.0,439399566.0,148.0,72.3,92.0,5.0,1.0,350000.0,Las Condes,Vaticano,2026-09-27,2026-09-26,https://www.portalinmobiliario.com/MLC-4517563886-departamento-en-venta-de-5-dorm-en-las-condes-_JM
¡gran Oportunidad En Las Condes! Depto De 108 M²,7305.4,300000000.0,101.0,72.33,,4.0,,,Las Condes,Sebastián Elcano,2026-10-01,,https://www.portalinmobiliario.com/MLC-4533911442-gran-oportunidad-en-las-condes-depto-de-108-m-_JM
¡gran Oportunidad En Las Condes! Depto De 108 M²,7305.4,300000000.0,101.0,72.33,,4.0,,,Las Condes,Sebastián Elcano,2026-10-01,,https://www.portalinmobiliario.com/MLC-4533656396-gran-oportunidad-en-las-condes-depto-de-108-m-_JM
"Depto Venta 2 D 2b, Estac. Y Bodega, Stgo, Metro Irarrázaval",3400.0,139622292.0,47.0,72.34,,2.0,,,Santiago,Barrio Diez De Julio,2026-10-01,,https://www.portalinmobiliario.com/MLC-2285757377-depto-venta-2-d-2b-estac-y-bodega-stgo-metro-irarrazaval-_JM
Vista Despejada Oriente,9990.0,410243146.0,138.0,72.39,,4.0,,,Providencia,Los Leones,2026-10-01,,https://www.portalinmobiliario.com/MLC-2288298223-vista-despejada-oriente-_JM
Oportunidad Con Estacionamiento! 1d/1b/vista/metro,2100.0,86237298.0,29.0,72.41,79.0,1.0,1.0,1.0,Santiago,Bogotá - Sierra Bella,2026-09-21,2026-09-21,https://www.portalinmobiliario.com/MLC-2262138487-oportunidad-con-estacionamiento-1d1bvistametro-_JM
Venta Depto 1 Habitación  Arturo Prat (5222),2100.0,86237298.0,29.0,72.41,,1.0,,,Santiago,San Diego,2026-10-01,,https://www.portalinmobiliario.com/MLC-4528545432-venta-depto-1-habitacion-arturo-prat-5222-_JM
Departamento Claudio Gay Id: 71296,2680.0,110055218.0,37.0,72.43,74.0,1.0,0.0,70000.0,Santiago,Ejército - Toesca,2026-09-19,2026-09-19,https://www.portalinmobiliario.com/MLC-2256946721-departamento-claudio-gay-id-71296-_JM
Departamento En Venta En Santiago,2900.0,119089602.0,40.0,72.5,,,,,Santiago,Parque Almagro,2026-10-01,,https://www.portalinmobiliario.com/MLC-2290652871-departamento-en-venta-en-santiago-_JM
Venta Departamento Remodelado,2250.0,92397105.0,31.0,72.58,79.0,1.0,0.0,65000.0,Santiago,Bogotá - Sierra Bella,2026-09-22,2026-09-22,https://www.portalinmobiliario.com/MLC-4501921444-venta-departamento-remodelado-_JM
"Orientación N-o 3d + Servicios, 3b A Sólo 7.990 Uf",7990.0,328112386.0,110.0,72.64,93.0,4.0,1.0,270000.0,Las Condes,Sebastián Elcano,2026-09-28,2026-09-27,https://www.portalinmobiliario.com/MLC-4522137286-orientacion-n-o-3d-servicios-3b-a-solo-7990-uf-_JM
Amplio Depto 3d + Servicio Y Gran Terraza - Cristobal Colón,10750.0,441452835.0,148.0,72.64,92.0,4.0,2.0,300000.0,Las Condes,Rotonda Atenas,2026-09-25,2026-09-24,https://www.portalinmobiliario.com/MLC-2273840903-amplio-depto-3d-servicio-y-gran-terraza-cristobal-colon-_JM
Venta Departamento Nuevo Semi Amoblado,2470.0,101431489.0,34.0,72.65,83.0,1.0,0.0,55000.0,Santiago,Barrio Diez De Julio,2026-09-27,2026-09-26,https://www.portalinmobiliario.com/MLC-2278340469-venta-departamento-nuevo-semi-amoblado-_JM
Departamento En Providencia/ Holanda,8500.0,349055730.0,117.0,72.65,91.0,4.0,1.0,170000.0,Providencia,Providencia,2026-09-23,2026-09-22,https://www.portalinmobiliario.com/MLC-4506281054-departamento-en-providencia-holanda-_JM
Depto Renovado Listo Para Vivir 2d 1b 1e,2690.0,110465872.0,37.0,72.7,75.0,2.0,1.0,110000.0,Santiago,San Diego,2026-09-24,2026-09-23,https://www.portalinmobiliario.com/MLC-4510787414-depto-renovado-listo-para-vivir-2d-1b-1e-_JM
Depto 110m2 En Venta En Providencia,8000.0,328523040.0,110.0,72.73,94.0,3.0,1.0,200000.0,Providencia,Las Lilas,2026-09-26,2026-09-25,https://www.portalinmobiliario.com/MLC-4515206234-depto-110m2-en-venta-en-providencia-_JM
Carmen // Santiago (75538),2400.0,98556912.0,33.0,72.73,83.0,1.0,1.0,60000.0,Santiago,Bogotá - Sierra Bella,2026-09-22,2026-09-21,https://www.portalinmobiliario.com/MLC-2265358077-carmen-santiago-75538-_JM
Departamento En Venta De 3 Dorm. En Providencia,8000.0,328523040.0,110.0,72.73,86.0,3.0,1.0,150000.0,Providencia,GRAN OPORTUNIDAD¡¡¡¡¡ SECTOR MUY TRANQUILO¡¡¡¡,2026-09-23,2026-09-22,https://www.portalinmobiliario.com/MLC-2268766147-departamento-en-venta-de-3-dorm-en-providencia-_JM
Excelente Oportunidad / 1 Dor / 1 Estacionamiento,2400.0,98556912.0,33.0,72.73,75.0,1.0,1.0,100000.0,Santiago,Parque O'Higgins,2026-09-25,2026-09-24,https://www.portalinmobiliario.com/MLC-2273825301-excelente-oportunidad-1-dor-1-estacionamiento-_JM
Depto En Venta 1 Dorm Y 1 Baño Blanco Encalada Club Hípico,2550.0,104716719.0,35.0,72.86,68.0,1.0,0.0,8.0,Santiago,Barrio República,2026-09-25,2026-09-24,https://www.portalinmobiliario.com/MLC-2274591109-depto-en-venta-1-dorm-y-1-bano-blanco-encalada-club-hipico-_JM
Oportunidad Inversionistas Dpto Estudio Portugal Pasos Posta,1750.0,71864415.0,24.0,72.92,83.0,1.0,0.0,0.0,Santiago,Barrio Diez De Julio,2026-09-25,2026-09-24,https://www.portalinmobiliario.com/MLC-4514081320-oportunidad-inversionistas-dpto-estudio-portugal-pasos-posta-_JM
Metro Parque Almagro - Serrano - Stgo Centro (113597),3500.0,143728830.0,48.0,72.92,74.0,2.0,1.0,110000.0,Santiago,San Diego,2026-09-20,2026-09-20,https://www.portalinmobiliario.com/MLC-4496593736-metro-parque-almagro-serrano-stgo-centro-113597-_JM
Departamentos Nuevos Cercano Al Parque Ohiggins,2990.0,122785486.0,41.0,72.93,,2.0,,,Santiago,San Diego,2026-10-01,,https://www.portalinmobiliario.com/MLC-2288297421-departamentos-nuevos-cercano-al-parque-ohiggins-_JM
Departamento En Argomedo 2d 1b 1e 1b,2990.0,122785486.0,41.0,72.93,83.0,2.0,1.0,120000.0,Santiago,Santa Isabel,2026-09-25,2026-09-24,https://www.portalinmobiliario.com/MLC-4514085498-departamento-en-argomedo-2d-1b-1e-1b-_JM
Departamento Miguel Claro / Pocuro /metro I. De Suárez,6200.0,254605356.0,85.0,72.94,86.0,3.0,1.0,165000.0,Providencia,Manuel Montt,2026-09-21,2026-09-21,https://www.portalinmobiliario.com/MLC-2259891311-departamento-miguel-claro-pocuro-metro-i-de-suarez-_JM
Oportunidad 1d1b Opcion Beneficio Fogaes,1751.0,71905480.0,24.0,72.96,66.0,1.0,0.0,55000.0,Santiago,Parque Los Reyes,2026-09-21,2026-09-21,https://www.portalinmobiliario.com/MLC-2262137387-oportunidad-1d1b-opcion-beneficio-fogaes-_JM
Venta Departamento Remodelado,2190.0,89933182.0,30.0,73.0,83.0,1.0,0.0,60000.0,Santiago,Santa Isabel,2026-09-22,2026-09-22,https://www.portalinmobiliario.com/MLC-4502088312-venta-departamento-remodelado-_JM
Depto Tipo Estudio Para Remodelar,1825.0,74944318.0,25.0,73.0,,1.0,,,Santiago,Santa Isabel,2026-10-01,,https://www.portalinmobiliario.com/MLC-4528542138-depto-tipo-estudio-para-remodelar-_JM
Tomas Moro (rotonda Atenas),7300.0,299777274.0,100.0,73.0,88.0,3.0,1.0,190000.0,Las Condes,Rotonda Atenas,2026-09-21,2026-09-21,https://www.portalinmobiliario.com/MLC-4499772958-tomas-moro-rotonda-atenas-_JM
"Departamento Muy Luminoso, 3d + 3b, Estacionamiento Y Bodega",6500.0,266924970.0,89.0,73.03,,3.0,,,Providencia,Las Lilas,2026-10-01,,https://www.portalinmobiliario.com/MLC-2288278109-departamento-muy-luminoso-3d-3b-estacionamiento-y-bodega-_JM
"Depto Vendo , Edo. De La Barra Providencia",5113.8,210000000.0,70.0,73.05,,2.0,1.0,,Providencia,Inés De Suárez,2026-09-23,2026-09-23,https://www.portalinmobiliario.com/MLC-2267400033-depto-vendo-edo-de-la-barra-providencia-_JM
Venta Departamento Las Condes,8700.0,357268806.0,119.0,73.11,92.0,3.0,1.0,,Las Condes,Sebastián Elcano,2026-09-22,2026-09-22,https://www.portalinmobiliario.com/MLC-4502087564-venta-departamento-las-condes-_JM
Excelente 2d2b Con Terraza En Santiago,2925.0,120116236.0,40.0,73.12,74.0,2.0,0.0,155000.0,Santiago,Ejército - Toesca,2026-09-22,2026-09-21,https://www.portalinmobiliario.com/MLC-4505437538-excelente-2d2b-con-terraza-en-santiago-_JM
Rebajada ! Oportunidad Av Pocuro / Metro Inés De Suarez,6800.0,279244584.0,93.0,73.12,86.0,3.0,1.0,200000.0,Providencia,Pedro De Valdivia,2026-09-23,2026-09-22,https://www.portalinmobiliario.com/MLC-4506241942-rebajada-oportunidad-av-pocuro-metro-ines-de-suarez-_JM
Colon / Vespucio Sur,6290.0,258301240.0,86.0,73.14,95.0,2.0,1.0,65000.0,Las Condes,Sebastián Elcano,2026-09-24,2026-09-23,https://www.portalinmobiliario.com/MLC-4509177298-colon-vespucio-sur-_JM
Departamento Carmen Id: 151013,2195.0,90138509.0,30.0,73.17,83.0,1.0,0.0,60000.0,Santiago,Santa Isabel,2026-09-27,2026-09-26,https://www.portalinmobiliario.com/MLC-2278343865-departamento-carmen-id-151013-_JM
"La Comodidad De Una Casa, Las Ventajas De Un Departamento",8790.0,360964690.0,120.0,73.25,,4.0,,,Las Condes,Sebastián Elcano,2026-10-01,,https://www.portalinmobiliario.com/MLC-4533858452-la-comodidad-de-una-casa-las-ventajas-de-un-departamento-_JM
Metro Bustamante Fen,2200.0,90343836.0,30.0,73.33,83.0,1.0,0.0,50000.0,Santiago,Santa Isabel,2026-09-24,2026-09-23,https://www.portalinmobiliario.com/MLC-4510756612-metro-bustamante-fen-_JM
"Depto Luminoso, Ideal Inversión (184599)",2200.0,90343836.0,30.0,73.33,,1.0,,,Santiago,Santa Isabel,2026-10-01,,https://www.portalinmobiliario.com/MLC-4530714496-depto-luminoso-ideal-inversion-184599-_JM
Venta Departamento 1 Dormitorio Santiago,2350.0,96503643.0,32.0,73.44,68.0,1.0,0.0,0.0,Santiago,Barrio República,2026-09-21,2026-09-21,https://www.portalinmobiliario.com/MLC-4501528680-venta-departamento-1-dormitorio-santiago-_JM
Acogedor Dp  2d/2b En Torres De Bilbao Frente A Gran Parque,5000.0,205326900.0,68.0,73.53,101.0,2.0,1.0,90000.0,Las Condes,Parque Padre Alberto Hurtado,2026-09-23,2026-09-22,https://www.portalinmobiliario.com/MLC-2268780721-acogedor-dp-2d2b-en-torres-de-bilbao-frente-a-gran-parque-_JM
"Departamento 1 D, 1b, Catedral 2143 Metro Cumming",2280.0,93629066.0,31.0,73.55,,1.0,,,Santiago,Barrio Brasil,2026-10-01,,https://www.portalinmobiliario.com/MLC-2290689019-departamento-1-d-1b-catedral-2143-metro-cumming-_JM
Luminoso Y Amplio Dpto 1 Piso- Las Condes Fleming /s.piñera,5590.0,229555474.0,76.0,73.55,,3.0,,,Las Condes,Parque Padre Alberto Hurtado,2026-10-01,,https://www.portalinmobiliario.com/MLC-4526072564-luminoso-y-amplio-dpto-1-piso-las-condes-fleming-spinera-_JM
Luminoso Y Amplio Dpto 1 Piso- Las Condes Fleming /s.piñera,5590.0,229555474.0,76.0,73.55,,3.0,,,Las Condes,Parque Padre Alberto Hurtado,2026-10-01,,https://www.portalinmobiliario.com/MLC-4526129510-luminoso-y-amplio-dpto-1-piso-las-condes-fleming-spinera-_JM
Cercano A Colegios Avda Las Condes (171051),6850.0,281297853.0,93.0,73.66,102.0,3.0,1.0,130000.0,Las Condes,Quinchamalí,2026-09-18,2026-09-18,https://www.portalinmobiliario.com/MLC-4491473174-cercano-a-colegios-avda-las-condes-171051-_JM
Estupendo Depto Studio!!!!!! Eyzaguirre 766,1400.0,57491532.0,19.0,73.68,75.0,1.0,0.0,47000.0,Santiago,San Diego,2026-09-28,2026-09-27,https://www.portalinmobiliario.com/MLC-2282620883-estupendo-depto-studio-eyzaguirre-766-_JM
Parque Almagro Estudio!,1400.0,57491532.0,19.0,73.68,75.0,1.0,0.0,,Santiago,San Diego,2026-09-24,2026-09-23,https://www.portalinmobiliario.com/MLC-4510803786-parque-almagro-estudio-_JM
Venta Depto 2d + 2b + 1e,3980.0,163440212.0,54.0,73.7,,2.0,1.0,,Santiago,San Diego,2026-09-28,2026-09-28,https://www.portalinmobiliario.com/MLC-4522117236-venta-depto-2d-2b-1e-_JM
Departamento En Venta De 3 Dorm. En Las Condes,8490.0,348645076.0,115.0,73.83,98.0,3.0,1.0,250000.0,Las Condes,Metro Manquehue - Apumanque,2026-09-22,2026-09-21,https://www.portalinmobiliario.com/MLC-2265325465-departamento-en-venta-de-3-dorm-en-las-condes-_JM
Inversión Segura Comuna De Providencia (183034),9600.0,394227648.0,130.0,73.85,91.0,3.0,2.0,400000.0,Providencia,Las Lilas,2026-09-25,2026-09-24,https://www.portalinmobiliario.com/MLC-2274578665-inversion-segura-comuna-de-providencia-183034-_JM
Parque Almagro Seminuevo  (141960),2216.0,91000000.0,30.0,73.87,74.0,1.0,0.0,80000.0,Santiago,Parque Almagro,2026-09-20,2026-09-20,https://www.portalinmobiliario.com/MLC-4496593618-parque-almagro-seminuevo-141960-_JM
Venta Departamento Studio - Arturo Prat (5020),1700.0,69811146.0,23.0,73.91,75.0,,0.0,40000.0,Santiago,San Diego,2026-09-28,2026-09-24,https://www.portalinmobiliario.com/MLC-4522128450-venta-departamento-studio-arturo-prat-5020-_JM
Depto  2 Dormitorios 2 Baños 2 Estacionamintos 1 Bodega,3700.0,151941906.0,50.0,74.0,68.0,2.0,2.0,130000.0,Santiago,Barrio Yungay,2026-09-24,2026-09-23,https://www.portalinmobiliario.com/MLC-4510767868-depto-2-dormitorios-2-banos-2-estacionamintos-1-bodega-_JM
"Departamento 3d/3b En Las Condes, Mar Del Sur",8000.0,328523040.0,108.0,74.07,93.0,3.0,1.0,0.0,Las Condes,Sebastián Elcano,2026-09-22,2026-09-21,https://www.portalinmobiliario.com/MLC-2264836193-departamento-3d3b-en-las-condes-mar-del-sur-_JM
General Jofre Lira 1 Ambiente,1704.6,70000000.0,23.0,74.11,83.0,1.0,0.0,70000.0,Santiago,Santa Isabel,2026-09-29,2026-09-28,https://www.portalinmobiliario.com/MLC-4523761564-general-jofre-lira-1-ambiente-_JM
Gran Departamento Muy Bien Ubicado (154614),2150.0,88290567.0,29.0,74.14,83.0,1.0,0.0,1.0,Santiago,Barrio Diez De Julio,2026-09-26,2026-09-25,https://www.portalinmobiliario.com/MLC-2276107157-gran-departamento-muy-bien-ubicado-154614-_JM
Venta Departamento Carlos Antunez Los Leones 2 Dormitorios,6750.0,277191315.0,91.0,74.18,94.0,2.0,0.0,85000.0,Providencia,Los Leones,2026-09-26,2026-09-25,https://www.portalinmobiliario.com/MLC-2275684427-venta-departamento-carlos-antunez-los-leones-2-dormitorios-_JM
"Espacioso Dpto, A Pasos Del Metro. (183033)",9650.0,396280917.0,130.0,74.23,91.0,3.0,2.0,400000.0,Providencia,Las Lilas,2026-09-25,2026-09-24,https://www.portalinmobiliario.com/MLC-2274591573-espacioso-dpto-a-pasos-del-metro-183033-_JM
Departamento En Venta En Santiago,2450.0,100610181.0,33.0,74.24,74.0,1.0,0.0,60000.0,Santiago,San Diego,2026-09-23,2026-09-22,https://www.portalinmobiliario.com/MLC-2268767065-departamento-en-venta-en-santiago-_JM
Deptos. Nuevos 1 Y 2d Con 1 Y 2b Desde Uf 2.079,2079.0,85374925.0,28.0,74.25,,,,,Santiago,Bogotá - Sierra Bella,2026-10-01,,https://www.portalinmobiliario.com/MLC-4528522590-deptos-nuevos-1-y-2d-con-1-y-2b-desde-uf-2079-_JM
Departamento En Venta De 1 Dorm. En Santiago,2600.0,106769988.0,35.0,74.29,,1.0,,,Santiago,Barrio Yungay,2026-10-01,,https://www.portalinmobiliario.com/MLC-2285737995-departamento-en-venta-de-1-dorm-en-santiago-_JM
Oportunidad En Santiago (183818),2600.0,106769988.0,35.0,74.29,75.0,1.0,0.0,0.0,Santiago,San Diego,2026-09-25,2026-09-24,https://www.portalinmobiliario.com/MLC-4513357938-oportunidad-en-santiago-183818-_JM
Departamento En Venta De 2 Dorm. En Santiago,3640.0,149477983.0,49.0,74.29,79.0,2.0,1.0,0.0,Santiago,Bogotá - Sierra Bella,2026-09-18,2026-09-18,https://www.portalinmobiliario.com/MLC-4491460966-departamento-en-venta-de-2-dorm-en-santiago-_JM
En Venta Amplio Y Luminoso Departamento Tipo Estudio,2750.0,112929795.0,37.0,74.32,74.0,1.0,1.0,0.0,Santiago,Parque Almagro,2026-09-21,2026-09-21,https://www.portalinmobiliario.com/MLC-2262135101-en-venta-amplio-y-luminoso-departamento-tipo-estudio-_JM
Departamento Fray Camilo Henríquez Id: 44690,3570.0,146603407.0,48.0,74.38,83.0,2.0,0.0,50000.0,Santiago,Barrio Diez De Julio,2026-09-19,2026-09-19,https://www.portalinmobiliario.com/MLC-2256972241-departamento-fray-camilo-henriquez-id-44690-_JM
"Departamento En Venta Stgo, 2d, 2 B, 1e, 1b, Santo Domingo",6100.0,250498818.0,82.0,74.39,,2.0,,,Santiago,Centro Histórico De Santiago,2026-10-01,,https://www.portalinmobiliario.com/MLC-2283617619-departamento-en-venta-stgo-2d-2-b-1e-1b-santo-domingo-_JM
Departamento En Venta De 3 Dorm. En Providencia,6400.0,262818432.0,86.0,74.42,94.0,3.0,1.0,170000.0,Providencia,Los Leones,2026-09-23,2026-09-22,https://www.portalinmobiliario.com/MLC-2267436855-departamento-en-venta-de-3-dorm-en-providencia-_JM
(173327),3500.0,143728830.0,47.0,74.47,,2.0,,,Santiago,Bulnes,2026-10-01,,https://www.portalinmobiliario.com/MLC-4528511056-173327-_JM
Dpto En Venta 2d2beb Excelente Estado Santiago,3500.0,143728830.0,47.0,74.47,,2.0,,,Santiago,Centro Histórico De Santiago,2026-10-01,,https://www.portalinmobiliario.com/MLC-4528528834-dpto-en-venta-2d2beb-excelente-estado-santiago-_JM
Inversionistas Moderno Dpto Estudio Metro Parque Almagro,1862.0,76463738.0,25.0,74.48,74.0,1.0,0.0,60000.0,Santiago,San Diego,2026-09-22,2026-09-21,https://www.portalinmobiliario.com/MLC-4503359624-inversionistas-moderno-dpto-estudio-metro-parque-almagro-_JM
Hermoso Depto Studio / Inversión,1862.0,76463738.0,25.0,74.48,,1.0,,,Santiago,San Diego,2026-10-01,,https://www.portalinmobiliario.com/MLC-4526100930-hermoso-depto-studio-inversion-_JM
23291 - Barrio Las Lilas / Departamento,8200.0,336736116.0,110.0,74.55,,3.0,,,Providencia,Las Lilas,2026-10-01,,https://www.portalinmobiliario.com/MLC-4528547826-23291-barrio-las-lilas-departamento-_JM
Departamento En Exclusiva Zona De Las Condes (171867),8200.0,336736116.0,110.0,74.55,107.0,3.0,1.0,300000.0,Las Condes,Alto Las Condes,2026-09-23,2026-09-22,https://www.portalinmobiliario.com/MLC-4507135284-departamento-en-exclusiva-zona-de-las-condes-171867-_JM
Gran Vista // Remodelado,4400.0,180687672.0,59.0,74.58,68.0,3.0,1.0,80000.0,Providencia,Barrio Italia,2026-09-25,2026-09-24,https://www.portalinmobiliario.com/MLC-2273843175-gran-vista-remodelado-_JM
Remodelado A Pasos Del Metro Bustamante,4400.0,180687672.0,59.0,74.58,,3.0,,,Providencia,Barrio Italia,2026-10-01,,https://www.portalinmobiliario.com/MLC-4531680514-remodelado-a-pasos-del-metro-bustamante-_JM
Depto Venta Bilbao/amapolas 3d &#43; 2b &#43; Terraza,5000.0,205326900.0,67.0,74.63,103.0,3.0,0.0,80000.0,Providencia,Metro Bilbao,2026-09-23,2026-09-22,https://www.portalinmobiliario.com/MLC-2268792095-depto-venta-bilbaoamapolas-3d-43-2b-43-terraza-_JM
Oportunidad De Inversion/venta Dpto En San Pablo/2hab/2banos,2990.0,122785486.0,40.0,74.75,72.0,2.0,0.0,80.0,Santiago,Centro Histórico De Santiago,2026-09-28,2026-09-27,https://www.portalinmobiliario.com/MLC-4522146680-oportunidad-de-inversionventa-dpto-en-san-pablo2hab2banos-_JM
Venta Departamento Torres De Apoquindo  Las Condes,4635.0,190338036.0,62.0,74.76,107.0,2.0,0.0,100000.0,Las Condes,Los Dominicos,2026-09-28,2026-09-27,https://www.portalinmobiliario.com/MLC-4519058816-venta-departamento-torres-de-apoquindo-las-condes-_JM
Departamento En Venta De 3 Dorm. En Las Condes,8900.0,365481882.0,119.0,74.79,,3.0,,,Las Condes,Vaticano,2026-10-01,,https://www.portalinmobiliario.com/MLC-4531686036-departamento-en-venta-de-3-dorm-en-las-condes-_JM
Oportunidad,10250.0,420920145.0,137.0,74.82,91.0,2.0,2.0,450000.0,Providencia,Las Lilas,2026-09-25,2026-09-24,https://www.portalinmobiliario.com/MLC-2274092313-oportunidad-_JM
Penthouse En Las Condes  Sector Colón/sebastián Elcano,8680.0,356447498.0,116.0,74.83,92.0,4.0,1.0,250000.0,Las Condes,Sebastián Elcano,2026-09-24,2026-09-23,https://www.portalinmobiliario.com/MLC-2271033629-penthouse-en-las-condes-sector-colonsebastian-elcano-_JM
"Departamento 2d 2b Portugal 520, M Santa Isabel",4491.0,184424622.0,60.0,74.85,65.0,2.0,1.0,,Santiago,Santa Isabel,2026-09-23,2026-09-22,https://www.portalinmobiliario.com/MLC-2267404827-departamento-2d-2b-portugal-520-m-santa-isabel-_JM
Departamento En Venta De 4 Dorm. A Pasos Del Parque Arauco,10490.0,430775836.0,140.0,74.93,,4.0,,,Las Condes,Parque Arauco,2026-10-01,,https://www.portalinmobiliario.com/MLC-4528546896-departamento-en-venta-de-4-dorm-a-pasos-del-parque-arauco-_JM
Venta Depto 2 D+ 2 B Fray Camilo Henriquez - Santiago (5098),3600.0,147835368.0,48.0,75.0,83.0,2.0,1.0,70000.0,Santiago,Santa Isabel,2026-09-28,2026-09-24,https://www.portalinmobiliario.com/MLC-4522141480-venta-depto-2-d-2-b-fray-camilo-henriquez-santiago-5098-_JM
Dpto. Venta En Holanda 3d 2b Providencia (184161),5850.0,240232473.0,78.0,75.0,98.0,3.0,0.0,38000.0,Providencia,Chile,2026-09-28,2026-09-27,https://www.portalinmobiliario.com/MLC-4520022818-dpto-venta-en-holanda-3d-2b-providencia-184161-_JM
"Amplio Depto. En Providencia: 3 Dorm. 3 Baños, 2 Est.",10500.0,431186490.0,140.0,75.0,91.0,4.0,2.0,480000.0,Providencia,Las Lilas,2026-09-21,2026-09-21,https://www.portalinmobiliario.com/MLC-4499777298-amplio-depto-en-providencia-3-dorm-3-banos-2-est-_JM
"Departamento 2d En Suite/2b/e/b/, Metro Santa Lucía",3750.0,153995175.0,50.0,75.0,,2.0,1.0,,Santiago,Santa Isabel,2026-09-23,2026-09-23,https://www.portalinmobiliario.com/MLC-2267424265-departamento-2d-en-suite2beb-metro-santa-lucia-_JM
Oportunidad,10500.0,431186490.0,140.0,75.0,91.0,3.0,1.0,430000.0,Providencia,Las Lilas,2026-09-25,2026-09-24,https://www.portalinmobiliario.com/MLC-2274092691-oportunidad-_JM
Departamento Avenida Almirante Blanco Encalada Id: 168368,3000.0,123196140.0,40.0,75.0,68.0,1.0,1.0,70000.0,Santiago,Barrio República,2026-09-27,2026-09-26,https://www.portalinmobiliario.com/MLC-2277780377-departamento-avenida-almirante-blanco-encalada-id-168368-_JM
Venta Departamento Cerca Metro Ines De Suarez,5100.0,209433438.0,68.0,75.0,103.0,3.0,50.0,80000.0,Las Condes,Vaticano,2026-09-27,2026-09-26,https://www.portalinmobiliario.com/MLC-2278342441-venta-departamento-cerca-metro-ines-de-suarez-_JM
Alcántara / Presidente Errazuriz (114499),10500.0,431186490.0,140.0,75.0,92.0,3.0,2.0,400.0,Las Condes,Vaticano,2026-09-25,2026-09-24,https://www.portalinmobiliario.com/MLC-2274534805-alcantara-presidente-errazuriz-114499-_JM
Departamento Santo Domingo Id: 150375,2700.0,110876526.0,36.0,75.0,,1.0,,,Santiago,Barrio Brasil,2026-10-01,,https://www.portalinmobiliario.com/MLC-2283616583-departamento-santo-domingo-id-150375-_JM
Venta Departamento Santiago Futura Linea L7,2100.0,86237298.0,28.0,75.0,,1.0,,,Santiago,,2026-10-01,,https://www.portalinmobiliario.com/MLC-2283617395-venta-departamento-santiago-futura-linea-l7-_JM
Venta Departamento 1 Habitación San Diego - Santiago (5065),2250.0,92397105.0,30.0,75.0,,1.0,,,Santiago,Bulnes,2026-10-01,,https://www.portalinmobiliario.com/MLC-4526093144-venta-departamento-1-habitacion-san-diego-santiago-5065-_JM
"Departamento 1 Dormitorio En Venta, Calle Callao, Las Condes",3000.0,123196140.0,40.0,75.0,,1.0,,,Las Condes,Barrio El Golf,2026-10-01,,https://www.portalinmobiliario.com/MLC-4528532122-departamento-1-dormitorio-en-venta-calle-callao-las-condes-_JM
Vendo Depto 3d3b Mas Servicios En Pocuro,9000.0,369588420.0,120.0,75.0,,3.0,,,Providencia,Las Lilas,2026-10-01,,https://www.portalinmobiliario.com/MLC-4528542810-vendo-depto-3d3b-mas-servicios-en-pocuro-_JM
Departamento Remodelado En Venta De 3 Dorm. En Las Condes,10200.0,418866876.0,136.0,75.0,92.0,3.0,1.0,200000.0,Las Condes,Sebastián Elcano,2026-09-24,2026-09-23,https://www.portalinmobiliario.com/MLC-4510313182-departamento-remodelado-en-venta-de-3-dorm-en-las-condes-_JM
3b 1350 Uf A Pasos Estacion Metro Santa Isabel,1350.0,55438263.0,18.0,75.0,83.0,1.0,0.0,45000.0,Santiago,Santa Isabel,2026-09-24,2026-09-23,https://www.portalinmobiliario.com/MLC-4510795662-3b-1350-uf-a-pasos-estacion-metro-santa-isabel-_JM
"Deptos.nuevos 1, 2 Y 3d+1 Y 2b Desde Uf 2102 Compra Sin Iva!",2102.0,86319429.0,28.0,75.07,,1.0,,,Santiago,Centro Histórico De Santiago,2026-10-01,,https://www.portalinmobiliario.com/MLC-4526125502-deptosnuevos-1-2-y-3d1-y-2b-desde-uf-2102-compra-sin-iva-_JM
Departamento En Las Condes.,8201.0,336777181.0,109.0,75.24,93.0,4.0,0.0,,Las Condes,,2026-09-28,2026-09-27,https://www.portalinmobiliario.com/MLC-2282567361-departamento-en-las-condes-_JM
Ubicación Amplio Dpto 3d/2b + Servicio Apumanque Las Condes,8740.0,358911421.0,116.0,75.34,98.0,3.0,1.0,190000.0,Las Condes,Metro Manquehue - Apumanque,2026-09-24,2026-09-23,https://www.portalinmobiliario.com/MLC-4509178324-ubicacion-amplio-dpto-3d2b-servicio-apumanque-las-condes-_JM
Departamento 4d/3b Metro Manquehue,8740.0,358911421.0,116.0,75.34,,4.0,,,Las Condes,Metro Manquehue - Apumanque,2026-10-01,,https://www.portalinmobiliario.com/MLC-2290627657-departamento-4d3b-metro-manquehue-_JM
Amplio Departamento 5d+4b,10550.0,433239759.0,140.0,75.36,,5.0,,,Las Condes,Rotonda Atenas,2026-10-01,,https://www.portalinmobiliario.com/MLC-4531668140-amplio-departamento-5d4b-_JM
En Venta 3 Dormitorios Rotonda Atenas / Tomás Moro / Colón,4900.0,201220362.0,65.0,75.38,103.0,3.0,1.0,180000.0,Las Condes,Rotonda Atenas,2026-09-28,2026-09-27,https://www.portalinmobiliario.com/MLC-4522122036-en-venta-3-dormitorios-rotonda-atenas-tomas-moro-colon-_JM
Departamento En Venta 4 Dorm. En Las Condes,9800.0,402440724.0,130.0,75.38,104.0,4.0,1.0,130000.0,Las Condes,Mall Sport,2026-09-22,2026-09-22,https://www.portalinmobiliario.com/MLC-2264460583-departamento-en-venta-4-dorm-en-las-condes-_JM
Venta  Dpto. Rodrigo De Triana / Colon-vespucio / Las Condes,8900.0,365481882.0,118.0,75.42,92.0,4.0,1.0,260000.0,Las Condes,Vaticano,2026-09-18,2026-09-18,https://www.portalinmobiliario.com/MLC-4491476488-venta-dpto-rodrigo-de-triana-colon-vespucio-las-condes-_JM
"Depto 4d 3b 109 M2, Manquehue Sur, Estac Y Bod",8300.0,340842654.0,110.0,75.45,93.0,4.0,1.0,,Las Condes,Rotonda Atenas,2026-09-23,2026-09-22,https://www.portalinmobiliario.com/MLC-2267456441-depto-4d-3b-109-m2-manquehue-sur-estac-y-bod-_JM
Venta Departamento Remodelado,2190.0,89933182.0,29.0,75.52,71.0,1.0,0.0,80000.0,Santiago,Centro Histórico De Santiago,2026-09-22,2026-09-22,https://www.portalinmobiliario.com/MLC-2264203291-venta-departamento-remodelado-_JM
Venta Departamento Remodelado,2190.0,89933182.0,29.0,75.52,74.0,1.0,0.0,65000.0,Santiago,Bulnes,2026-09-22,2026-09-22,https://www.portalinmobiliario.com/MLC-4501921448-venta-departamento-remodelado-_JM
"Depto En Venta De 2 Dorm. En Santiago, A Pasos Del Metro",3550.0,145782099.0,47.0,75.53,74.0,2.0,0.0,120000.0,Santiago,Centro Histórico De Santiago,2026-09-29,2026-09-22,https://www.portalinmobiliario.com/MLC-2282584239-depto-en-venta-de-2-dorm-en-santiago-a-pasos-del-metro-_JM
"Venta De Departamento En Santiago 1d, 1b, 1estaciona, Bodega",2569.0,105496961.0,34.0,75.56,,1.0,,,Santiago,Barrio República,2026-10-01,,https://www.portalinmobiliario.com/MLC-2283591769-venta-de-departamento-en-santiago-1d-1b-1estaciona-bodega-_JM
Dpto 3 Dor + 2 Bñ + Est + Bod - Av. Santa Maria Providencia,5900.0,242285742.0,78.0,75.64,98.0,3.0,1.0,,Providencia,Pedro De Valdivia Norte,2026-09-28,2026-09-27,https://www.portalinmobiliario.com/MLC-4520107334-dpto-3-dor-2-bn-est-bod-av-santa-maria-providencia-_JM
Se Vende Depto 1 Dormitorio A Pasos Metro Santa Ana,2800.0,114983064.0,37.0,75.68,66.0,1.0,0.0,80000.0,Santiago,Barrio Brasil,2026-09-24,2026-09-23,https://www.portalinmobiliario.com/MLC-2271045557-se-vende-depto-1-dormitorio-a-pasos-metro-santa-ana-_JM
Dpto En Venta De 1d1b Moderno Edificio En Sector Sta Isabel,2650.0,108823257.0,35.0,75.71,83.0,1.0,1.0,72000.0,Santiago,Barrio Diez De Julio,2026-09-25,2026-09-24,https://www.portalinmobiliario.com/MLC-4514979096-dpto-en-venta-de-1d1b-moderno-edificio-en-sector-sta-isabel-_JM
Oportunidad Luis Thayer Ojeda Con Bilbao,5300.0,217646514.0,70.0,75.71,85.0,2.0,2.0,150000.0,Providencia,Campus Oriente,2026-09-29,2026-09-28,https://www.portalinmobiliario.com/MLC-4523753250-oportunidad-luis-thayer-ojeda-con-bilbao-_JM
Amoblado 1d 1b (172343),2499.0,102622385.0,33.0,75.73,68.0,1.0,0.0,80000.0,Santiago,Barrio República,2026-09-25,2026-09-24,https://www.portalinmobiliario.com/MLC-4513702566-amoblado-1d-1b-172343-_JM
Oportunidad / Metro U.católica / 2 Ambientes / Amplio/bodega,2500.0,102663450.0,33.0,75.76,83.0,1.0,0.0,65000.0,Santiago,Barrio San Borja,2026-09-29,2026-09-28,https://www.portalinmobiliario.com/MLC-4523752398-oportunidad-metro-ucatolica-2-ambientes-ampliobodega-_JM
"Estupendo, Amplio Duplex  Metro Tobalaba",6600.0,271031508.0,87.0,75.86,94.0,4.0,0.0,170000.0,Providencia,Metro Tobalaba - Mall Costanera,2026-09-23,2026-09-22,https://www.portalinmobiliario.com/MLC-4506385350-estupendo-amplio-duplex-metro-tobalaba-_JM
Amplio Departamento/vista Despejada/alto Las Condes,11000.0,451719180.0,145.0,75.86,,4.0,,,Las Condes,Alto Las Condes,2026-10-01,,https://www.portalinmobiliario.com/MLC-4530116738-amplio-departamentovista-despejadaalto-las-condes-_JM
Venta Departamento 1er Piso 2d 2b Oficina Y Patio - I.suáre,5235.6,215000000.0,69.0,75.88,85.0,3.0,0.0,69000.0,Providencia,Inés De Suárez,2026-09-20,2026-09-20,https://www.portalinmobiliario.com/MLC-2256990185-venta-departamento-1er-piso-2d-2b-oficina-y-patio-isuare-_JM
Vistas Panorámicas Y Diseño Exclusivo (165242),5700.0,234072666.0,75.0,76.0,101.0,2.0,1.0,100000.0,Las Condes,Rotonda Atenas,2026-09-23,2026-09-22,https://www.portalinmobiliario.com/MLC-2267398253-vistas-panoramicas-y-diseno-exclusivo-165242-_JM
"Departamento 2 Dormitorios, Providencia",5700.0,234072666.0,75.0,76.0,91.0,2.0,0.0,,Providencia,Metro Bilbao,2026-09-18,2026-09-18,https://www.portalinmobiliario.com/MLC-4490527308-departamento-2-dormitorios-providencia-_JM
Departamento Metrotren Maestranza San Bernardo,3876.0,159169413.0,51.0,76.0,75.0,2.0,0.0,0.0,Santiago,Bulnes,2026-09-26,2026-09-25,https://www.portalinmobiliario.com/MLC-2275659761-departamento-metrotren-maestranza-san-bernardo-_JM
Venta Precioso Dpto Remodelado De 1 Dorm. En Providencia,3652.7,150000000.0,48.0,76.1,154.0,1.0,0.0,80000.0,Providencia,Los Leones,2026-09-21,2026-09-21,https://www.portalinmobiliario.com/MLC-4499467526-venta-precioso-dpto-remodelado-de-1-dorm-en-providencia-_JM
"Av Cristobal Colon, Manquehue Sur",6400.0,262818432.0,84.0,76.19,92.0,3.0,1.0,200000.0,Las Condes,Sebastián Elcano,2026-09-18,2026-09-18,https://www.portalinmobiliario.com/MLC-4490524266-av-cristobal-colon-manquehue-sur-_JM
Venta Home Estudio  Metro Irarrazaval,1830.0,75149645.0,24.0,76.25,83.0,1.0,0.0,60000.0,Santiago,Bogotá - Sierra Bella,2026-09-23,2026-09-22,https://www.portalinmobiliario.com/MLC-2268768107-venta-home-estudio-metro-irarrazaval-_JM
Dpto Kennedy A 10.600uf 4d 4b,10600.0,435293028.0,139.0,76.26,97.0,4.0,2.0,120000.0,Las Condes,Parque Arauco,2026-09-21,2026-09-21,https://www.portalinmobiliario.com/MLC-2264198461-dpto-kennedy-a-10600uf-4d-4b-_JM
"Colón/d.bondi  ,3 D, 2 B, 2 E + B, Servicios",10600.0,435293028.0,139.0,76.26,92.0,3.0,2.0,400000.0,Las Condes,Sebastián Elcano,2026-09-18,2026-09-18,https://www.portalinmobiliario.com/MLC-4491580814-colondbondi-3-d-2-b-2-e-b-servicios-_JM
Depto Venta 3 Dorm. Providencia Bx Y Bd / Hern. De Aguirre,10300.0,422973414.0,135.0,76.3,,3.0,1.0,,Providencia,Las Lilas,2026-09-25,2026-09-25,https://www.portalinmobiliario.com/MLC-2274578851-depto-venta-3-dorm-providencia-bx-y-bd-hern-de-aguirre-_JM
Oportunidad Depto En Venta 1d/1b Estacionamiento Y Bodega,2290.0,94039720.0,30.0,76.33,83.0,,1.0,75000.0,Santiago,Santa Isabel,2026-09-26,2026-09-25,https://www.portalinmobiliario.com/MLC-2275706359-oportunidad-depto-en-venta-1d1b-estacionamiento-y-bodega-_JM
Departamento En Barrio Sebastián Elcano,7100.0,291564198.0,93.0,76.34,95.0,3.0,1.0,220000.0,Las Condes,Sebastián Elcano,2026-09-27,2026-09-26,https://www.portalinmobiliario.com/MLC-2278813325-departamento-en-barrio-sebastian-elcano-_JM
"Pie 1% Pago A 12cuotas &#43;cdto 80%1d&#43;1b Nuevo,alamos 1",2522.0,103566888.0,33.0,76.42,72.0,1.0,0.0,45000.0,Santiago,Parque O'Higgins,2026-09-24,2026-09-23,https://www.portalinmobiliario.com/MLC-4510337400-pie-1-pago-a-12cuotas-43cdto-801d431b-nuevoalamos-1-_JM
23204 - Los Leones / Carlos Antunez,10400.0,427079952.0,136.0,76.47,91.0,3.0,2.0,265000.0,Providencia,Los Leones,2026-09-27,2026-09-26,https://www.portalinmobiliario.com/MLC-4517553612-23204-los-leones-carlos-antunez-_JM
Hermoso Depto En Venta En Las Lilas,6200.0,254605356.0,81.0,76.54,94.0,2.0,0.0,180000.0,Providencia,Las Lilas,2026-09-24,2026-09-23,https://www.portalinmobiliario.com/MLC-2270946311-hermoso-depto-en-venta-en-las-lilas-_JM
Departamento En Venta De 4 Dorm. En Providencia,10950.0,449665911.0,143.0,76.57,,4.0,,,Providencia,Las Lilas,2026-10-01,,https://www.portalinmobiliario.com/MLC-4531685960-departamento-en-venta-de-4-dorm-en-providencia-_JM
Departamento En Venta De 5 Dorm. En Providencia,10950.0,449665911.0,143.0,76.57,,5.0,2.0,,Providencia,Las Lilas,2026-09-19,2026-09-19,https://www.portalinmobiliario.com/MLC-2256945511-departamento-en-venta-de-5-dorm-en-providencia-_JM
¡vive A Pasos Del Metro Toesca! Depto. En Santiago.,3600.0,147835368.0,47.0,76.6,74.0,2.0,1.0,80000.0,Santiago,Parque Almagro,2026-09-23,2026-09-22,https://www.portalinmobiliario.com/MLC-4506424234-vive-a-pasos-del-metro-toesca-depto-en-santiago-_JM
Se Vende Impecable Departamento En Santiago Centro,2069.9,85000000.0,27.0,76.66,,1.0,,,Santiago,Parque O'Higgins,2026-10-01,,https://www.portalinmobiliario.com/MLC-4528542784-se-vende-impecable-departamento-en-santiago-centro-_JM
Venta Departamento 1 Habitación Vicuña Mackenna (5049),2300.0,94450374.0,30.0,76.67,83.0,1.0,0.0,40000.0,Santiago,Santa Isabel,2026-09-28,2026-09-27,https://www.portalinmobiliario.com/MLC-4522128442-venta-departamento-1-habitacion-vicuna-mackenna-5049-_JM
Moneda - Metro Moneda (93123),2530.0,103895411.0,33.0,76.67,74.0,1.0,0.0,65000.0,Santiago,Centro Histórico De Santiago,2026-09-24,2026-09-23,https://www.portalinmobiliario.com/MLC-4510754170-moneda-metro-moneda-93123-_JM
"2d,2b,1bod - Metro Parque Bustamante",6900.0,283351122.0,90.0,76.67,73.0,2.0,0.0,100000.0,Providencia,Barrio Italia,2026-09-22,2026-09-21,https://www.portalinmobiliario.com/MLC-2265365097-2d2b1bod-metro-parque-bustamante-_JM
Vista Comunidad En Luminoso Departamento En Providencia 2 D,5600.0,229966128.0,73.0,76.71,98.0,2.0,1.0,150000.0,Providencia,Manuel Montt,2026-09-25,2026-09-24,https://www.portalinmobiliario.com/MLC-4513389718-vista-comunidad-en-luminoso-departamento-en-providencia-2-d-_JM
Maravillosas Vistas. ¡vive O Invierte En Providencia!,6600.0,271031508.0,86.0,76.74,,3.0,,,Providencia,Salvador,2026-10-01,,https://www.portalinmobiliario.com/MLC-2285772891-maravillosas-vistas-vive-o-invierte-en-providencia-_JM
Departamento En Venta De 4 Dorm. En Providencia,9900.0,406547262.0,129.0,76.74,91.0,4.0,1.0,89000.0,Providencia,Salvador,2026-09-22,2026-09-21,https://www.portalinmobiliario.com/MLC-2265360965-departamento-en-venta-de-4-dorm-en-providencia-_JM
Departamento 2d/2b Con Estacionamiento En Santiago,2922.2,120000000.0,38.0,76.9,74.0,2.0,0.0,120000.0,Santiago,Centro Histórico De Santiago,2026-09-25,2026-09-24,https://www.portalinmobiliario.com/MLC-2274115631-departamento-2d2b-con-estacionamiento-en-santiago-_JM
"Oportunidad De Inversión | Las Condes, Metro El Golf",3000.0,123196140.0,39.0,76.92,,1.0,,,Las Condes,Barrio El Golf,2026-10-01,,https://www.portalinmobiliario.com/MLC-4533654576-oportunidad-de-inversion-las-condes-metro-el-golf-_JM
Departamento Carmen Id: 91442,2540.0,104306065.0,33.0,76.97,83.0,1.0,1.0,50000.0,Santiago,Barrio Diez De Julio,2026-09-22,2026-09-21,https://www.portalinmobiliario.com/MLC-4505431474-departamento-carmen-id-91442-_JM
Para Remodelar 3 Dorm 2 Bñs. Con Patio. Piscina. Cerca Mall,4850.0,199167093.0,63.0,76.98,101.0,3.0,1.0,78000.0,Las Condes,Los Dominicos,2026-09-28,2026-09-27,https://www.portalinmobiliario.com/MLC-2282580831-para-remodelar-3-dorm-2-bns-con-patio-piscina-cerca-mall-_JM
Venta Departamento S 3d 2b + Servicio  - Providencia,8700.0,357268806.0,113.0,76.99,91.0,4.0,1.0,250000.0,Providencia,Las Lilas,2026-09-20,2026-09-20,https://www.portalinmobiliario.com/MLC-2256976677-venta-departamento-s-3d-2b-servicio-providencia-_JM
Depto/venta/dos Dormitorios/duplex/las Condes/,10400.0,427079952.0,135.0,77.04,92.0,2.0,1.0,130000.0,Las Condes,Vaticano,2026-09-22,2026-09-21,https://www.portalinmobiliario.com/MLC-4505423084-deptoventados-dormitoriosduplexlas-condes-_JM
"Depto 3d Y Servicio, Terrazas Y Vista, Providencia",10790.0,443095450.0,140.0,77.07,91.0,4.0,2.0,0.0,Providencia,Las Lilas,2026-09-27,2026-09-26,https://www.portalinmobiliario.com/MLC-2278425007-depto-3d-y-servicio-terrazas-y-vista-providencia-_JM
Loft Dúplex Con Estacionamiento Y Bodega,3470.0,142496869.0,45.0,77.11,,1.0,,,Santiago,Centro Histórico De Santiago,2026-10-01,,https://www.portalinmobiliario.com/MLC-4530729504-loft-duplex-con-estacionamiento-y-bodega-_JM
Hermoso Dúplex En Las Condes,7790.0,319899310.0,101.0,77.13,93.0,3.0,1.0,220000.0,Las Condes,Sebastián Elcano,2026-09-25,2026-09-24,https://www.portalinmobiliario.com/MLC-2274115911-hermoso-duplex-en-las-condes-_JM
Oportunidad Las Condes Dpto 3d2b  (183638),5400.0,221753052.0,70.0,77.14,101.0,3.0,1.0,90000.0,Las Condes,Parque Padre Alberto Hurtado,2026-09-24,2026-09-23,https://www.portalinmobiliario.com/MLC-4509241128-oportunidad-las-condes-dpto-3d2b-183638-_JM
"Depto 4 Dormitorios, Providencia",10500.0,431186490.0,136.0,77.21,91.0,4.0,2.0,290000.0,Providencia,Las Lilas,2026-09-22,2026-09-22,https://www.portalinmobiliario.com/MLC-4502089008-depto-4-dormitorios-providencia-_JM
Luis Thayer Ojeda / Carlos Antunez - Metro Tobalaba,10500.0,431186490.0,136.0,77.21,,4.0,,,Providencia,Las Lilas,2026-10-01,,https://www.portalinmobiliario.com/MLC-4530720726-luis-thayer-ojeda-carlos-antunez-metro-tobalaba-_JM
Se Vende Depto Para Remodelar - En Sector Pocuro/los Leones,6490.0,266514316.0,84.0,77.26,94.0,3.0,1.0,180000.0,Providencia,Los Leones,2026-09-26,2026-09-25,https://www.portalinmobiliario.com/MLC-4515400186-se-vende-depto-para-remodelar-en-sector-pocurolos-leones-_JM
Oportunidad!!!! Departamento En Venta Club Hípico Republica,2705.0,111081853.0,35.0,77.29,68.0,1.0,0.0,80000.0,Santiago,Barrio República,2026-09-22,2026-09-21,https://www.portalinmobiliario.com/MLC-2265322595-oportunidad-departamento-en-venta-club-hipico-republica-_JM
"Dpto 1 Dorm. Estac Y Bodega, Metro Sta Lucia. (132226)",2320.0,95271682.0,30.0,77.33,83.0,1.0,1.0,65000.0,Santiago,Santa Isabel,2026-09-27,2026-09-26,https://www.portalinmobiliario.com/MLC-4517588912-dpto-1-dorm-estac-y-bodega-metro-sta-lucia-132226-_JM
A Pasos De Metro Bilbao,6500.0,266924970.0,84.0,77.38,95.0,3.0,0.0,,Providencia,Metro Bilbao,2026-09-21,2026-09-21,https://www.portalinmobiliario.com/MLC-4499467384-a-pasos-de-metro-bilbao-_JM
Vive Con Comodidad Y Excelente Ubicación,4800.0,197113824.0,62.0,77.42,68.0,2.0,1.0,200000.0,Providencia,Bellavista,2026-09-23,2026-09-22,https://www.portalinmobiliario.com/MLC-2268769823-vive-con-comodidad-y-excelente-ubicacion-_JM
Ideal Para Inversión Con Gran Demanda (177324),2400.0,98556912.0,31.0,77.42,,1.0,,,Santiago,Parque Almagro,2026-10-01,,https://www.portalinmobiliario.com/MLC-4528510352-ideal-para-inversion-con-gran-demanda-177324-_JM
"Ap729 M Araucano 680 3d2b En 78 M2 Mas 4 De Bodega, Estacion",6039.2,248000000.0,78.0,77.43,68.0,3.0,1.0,146499.0,Providencia,Bellavista,2026-09-21,2026-09-21,https://www.portalinmobiliario.com/MLC-4499772522-ap729-m-araucano-680-3d2b-en-78-m2-mas-4-de-bodega-estacion-_JM
Metro Colón/alcantara  90 M2 (165306),6970.0,286225699.0,90.0,77.44,,2.0,,,Las Condes,Vaticano,2026-10-01,,https://www.portalinmobiliario.com/MLC-4533860246-metro-colonalcantara-90-m2-165306-_JM
Venta Departamento Cantagallo 130m2 3d Y 3b Piso 3,9450.0,388067841.0,122.0,77.46,104.0,3.0,1.0,0.0,Las Condes,Mall Sport,2026-09-24,2026-09-23,https://www.portalinmobiliario.com/MLC-4510781948-venta-departamento-cantagallo-130m2-3d-y-3b-piso-3-_JM
Ñuñoa / 2d / Metro Ñuble,3100.0,127302678.0,40.0,77.5,,2.0,,,Santiago,Bogotá - Sierra Bella,2026-10-01,,https://www.portalinmobiliario.com/MLC-2288305107-nunoa-2d-metro-nuble-_JM
Departamento En Venta 2d 2b En Santiago Centro,3100.0,127302678.0,40.0,77.5,83.0,2.0,1.0,0.0,Santiago,Bogotá - Sierra Bella,2026-09-21,2026-09-21,https://www.portalinmobiliario.com/MLC-2262134685-departamento-en-venta-2d-2b-en-santiago-centro-_JM
"Departamento 1 Dormitorio, Avenida Santa Isabel, Santiago",2403.0,98680108.0,31.0,77.52,83.0,1.0,0.0,85000.0,Santiago,Santa Isabel,2026-09-27,2026-09-26,https://www.portalinmobiliario.com/MLC-2278340399-departamento-1-dormitorio-avenida-santa-isabel-santiago-_JM
Deptos.nuevos 1d+1b Desde Uf 2248 Bono Pie 10%,2248.0,92314974.0,29.0,77.52,79.0,1.0,0.0,50000.0,Santiago,Bogotá - Sierra Bella,2026-09-23,2026-09-22,https://www.portalinmobiliario.com/MLC-2267449773-deptosnuevos-1d1b-desde-uf-2248-bono-pie-10-_JM
Funcional Depto 3d/2b &#43; Servicio Metro Manquehue,9000.0,369588420.0,116.0,77.59,98.0,3.0,7.0,190000.0,Las Condes,Metro Manquehue - Apumanque,2026-09-24,2026-09-23,https://www.portalinmobiliario.com/MLC-4509217254-funcional-depto-3d2b-43-servicio-metro-manquehue-_JM
Depto En Vta. En Mejor Sector De Las Condes,8535.0,350493018.0,110.0,77.59,95.0,3.0,1.0,190000.0,Las Condes,Vaticano,2026-09-21,2026-09-21,https://www.portalinmobiliario.com/MLC-4499467558-depto-en-vta-en-mejor-sector-de-las-condes-_JM
Departamento En Venta En Santiago,2950.0,121142871.0,38.0,77.63,83.0,1.0,0.0,110000.0,Santiago,Barrio Lastarria,2026-09-22,2026-09-22,https://www.portalinmobiliario.com/MLC-4502092822-departamento-en-venta-en-santiago-_JM
Depto. Av. Américo Vespucio - Excelente Conectividad,7690.0,315792772.0,99.0,77.68,,3.0,,,Las Condes,Sebastián Elcano,2026-10-01,,https://www.portalinmobiliario.com/MLC-4531660876-depto-av-americo-vespucio-excelente-conectividad-_JM
Departamento En Venta De 3 Dorm. En Providencia,5750.0,236125935.0,74.0,77.7,85.0,3.0,1.0,176000.0,Providencia,Inés De Suárez,2026-09-22,2026-09-22,https://www.portalinmobiliario.com/MLC-2264200751-departamento-en-venta-de-3-dorm-en-providencia-_JM
"Departamento En Venta, Martín Alonso Pinzón, Las Condes.",11500.0,472251870.0,148.0,77.7,92.0,3.0,2.0,350000.0,Las Condes,Rotonda Atenas,2026-09-25,2026-09-24,https://www.portalinmobiliario.com/MLC-2274115879-departamento-en-venta-martin-alonso-pinzon-las-condes-_JM
Duplex / Vista Despejada / Último Piso,10500.0,431186490.0,135.0,77.78,92.0,2.0,1.0,130000.0,Las Condes,Vaticano,2026-09-22,2026-09-21,https://www.portalinmobiliario.com/MLC-4505435898-duplex-vista-despejada-ultimo-piso-_JM
Departamento Franklin Id: 100377,3500.0,143728830.0,45.0,77.78,79.0,2.0,1.0,108000.0,Santiago,Bogotá - Sierra Bella,2026-09-20,2026-09-20,https://www.portalinmobiliario.com/MLC-2259364571-departamento-franklin-id-100377-_JM
Venta Departamento 1hab 1ba Santiago,2100.0,86237298.0,27.0,77.78,72.0,1.0,0.0,50000.0,Santiago,Parque O'Higgins,2026-09-26,2026-09-25,https://www.portalinmobiliario.com/MLC-4514955054-venta-departamento-1hab-1ba-santiago-_JM
Carlos Antunez  / Thayer Ojeda / Holanda (170211),10500.0,431186490.0,135.0,77.78,91.0,4.0,1.0,280000.0,Providencia,Las Lilas,2026-09-23,2026-09-22,https://www.portalinmobiliario.com/MLC-2268771335-carlos-antunez-thayer-ojeda-holanda-170211-_JM
Rebajado  Nuevo Departamanto/2d/2b/bodega/estacionamiento,5990.0,245981626.0,77.0,77.79,,2.0,,,Providencia,Bellavista,2026-10-01,,https://www.portalinmobiliario.com/MLC-4525962950-rebajado-nuevo-departamanto2d2bbodegaestacionamiento-_JM
Inés Matte Urrejola | 2d+2b | 80 M2 | Excelente Rentabilidad,5990.0,245981626.0,77.0,77.79,,2.0,,,Providencia,Bellavista,2026-10-01,,https://www.portalinmobiliario.com/MLC-4528545790-ines-matte-urrejola-2d2b-80-m2-excelente-rentabilidad-_JM
Amplio Depto En Pleno Barrio Lastarria (173553),8950.0,367535151.0,115.0,77.83,,3.0,,,Santiago,Barrio Lastarria,2026-10-01,,https://www.portalinmobiliario.com/MLC-4531672018-amplio-depto-en-pleno-barrio-lastarria-173553-_JM
Venta Departamento 4d 4b E B - Las Condes,10900.0,447612642.0,140.0,77.86,97.0,4.0,1.0,0.0,Las Condes,Rotonda Atenas,2026-09-20,2026-09-20,https://www.portalinmobiliario.com/MLC-2256976647-venta-departamento-4d-4b-e-b-las-condes-_JM
"Nuevo Precio! 3dorm,+ Sala Estar +2 Est, L7 Metro",10590.0,434882374.0,136.0,77.87,104.0,3.0,2.0,450000.0,Las Condes,Alto Las Condes,2026-09-26,2026-09-25,https://www.portalinmobiliario.com/MLC-2275685509-nuevo-precio-3dorm-sala-estar-2-est-l7-metro-_JM
"Acogedor Depto 4 D 3 B, Sebastian Elcano",8200.0,336736116.0,105.0,78.1,,4.0,2.0,,Las Condes,Sebastián Elcano,2026-09-21,2026-09-21,https://www.portalinmobiliario.com/MLC-4499778856-acogedor-depto-4-d-3-b-sebastian-elcano-_JM
"Excelente Ubicación, 1 D, Centro Histórico",2500.0,102663450.0,32.0,78.12,73.0,1.0,0.0,,Santiago,Centro Histórico De Santiago,2026-09-18,2026-09-18,https://www.portalinmobiliario.com/MLC-4490231832-excelente-ubicacion-1-d-centro-historico-_JM
"Amplios Espacios, Vista Despejada - Cristóbal Colón",8600.0,353162268.0,110.0,78.18,,3.0,,,Las Condes,Sebastián Elcano,2026-10-01,,https://www.portalinmobiliario.com/MLC-4533656644-amplios-espacios-vista-despejada-cristobal-colon-_JM
Depto 3d/3b Metro Colon,11260.0,462396179.0,144.0,78.19,,3.0,,,Las Condes,Vaticano,2026-10-01,,https://www.portalinmobiliario.com/MLC-4533921380-depto-3d3b-metro-colon-_JM
"Martin De Zamora / San Pascual, Piso 4, 2 Estacionamientos",6490.0,266514316.0,83.0,78.19,,3.0,,,Las Condes,Sebastián Elcano,2026-10-01,,https://www.portalinmobiliario.com/MLC-2285726413-martin-de-zamora-san-pascual-piso-4-2-estacionamientos-_JM
Atención Inversionistas,6100.0,250498818.0,78.0,78.21,98.0,3.0,0.0,90000.0,Providencia,Providencia,2026-09-27,2026-09-26,https://www.portalinmobiliario.com/MLC-2277771481-atencion-inversionistas-_JM
Edificio Almagro / 2d 2b E Bod / Metro Irarrázaval,3600.0,147835368.0,46.0,78.26,83.0,2.0,1.0,140000.0,Santiago,Barrio Diez De Julio,2026-09-22,2026-09-21,https://www.portalinmobiliario.com/MLC-4505387568-edificio-almagro-2d-2b-e-bod-metro-irarrazaval-_JM
Venta Departamento Providencia - Barrio Italia,5478.0,224956152.0,70.0,78.26,78.0,2.0,1.0,220000.0,Providencia,Barrio Italia,2026-09-29,2026-09-28,https://www.portalinmobiliario.com/MLC-2282571219-venta-departamento-providencia-barrio-italia-_JM
Rebajado!! Depto En Venta Lira 399  (113840),2270.0,93218413.0,29.0,78.28,83.0,1.0,1.0,80000.0,Santiago,Santa Isabel,2026-09-21,2026-09-21,https://www.portalinmobiliario.com/MLC-2262133489-rebajado-depto-en-venta-lira-399-113840-_JM
Venta Departamento Barrio Franklin,2897.8,119000000.0,37.0,78.32,72.0,1.0,1.0,100000.0,Santiago,Franklin - Biobío,2026-09-24,2026-09-23,https://www.portalinmobiliario.com/MLC-4510772660-venta-departamento-barrio-franklin-_JM
Hernado De Magallanes / Oportunidad,10990.0,451308526.0,140.0,78.5,,3.0,,,Las Condes,Rotonda Atenas,2026-10-01,,https://www.portalinmobiliario.com/MLC-4526100958-hernado-de-magallanes-oportunidad-_JM
Vista Despejada Depto 4d-3b-2est-2bod,10990.0,451308526.0,140.0,78.5,,4.0,,,Las Condes,Rotonda Atenas,2026-10-01,,https://www.portalinmobiliario.com/MLC-4531668276-vista-despejada-depto-4d-3b-2est-2bod-_JM
Excelente Departamento Inversión O Vivir,2748.0,112847664.0,35.0,78.51,74.0,1.0,1.0,130000.0,Santiago,Ejército - Toesca,2026-09-18,2026-09-18,https://www.portalinmobiliario.com/MLC-4490278858-excelente-departamento-inversion-o-vivir-_JM
Dp Bx Y Bd Economia Y Con Vista,2120.0,87058606.0,27.0,78.52,83.0,1.0,1.0,40000.0,Santiago,Bogotá - Sierra Bella,2026-09-25,2026-09-24,https://www.portalinmobiliario.com/MLC-2274594125-dp-bx-y-bd-economia-y-con-vista-_JM
Vista Despejada Al Norte - Alto Las Condes,11000.0,451719180.0,140.0,78.57,104.0,4.0,2.0,300000.0,Las Condes,Alto Las Condes,2026-09-24,2026-09-23,https://www.portalinmobiliario.com/MLC-4510301484-vista-despejada-al-norte-alto-las-condes-_JM
Hermoso Departamento Nuevo Se Vende,3615.0,148451349.0,46.0,78.59,83.0,2.0,0.0,70000.0,Santiago,Barrio Diez De Julio,2026-09-29,2026-09-28,https://www.portalinmobiliario.com/MLC-2282577051-hermoso-departamento-nuevo-se-vende-_JM
"Ideal En Las Condes: 4d, 3b Y Terraza",8650.0,355215537.0,110.0,78.64,93.0,4.0,1.0,290000.0,Las Condes,Sebastián Elcano,2026-09-24,2026-09-23,https://www.portalinmobiliario.com/MLC-4510782656-ideal-en-las-condes-4d-3b-y-terraza-_JM
Pocuro - Pedro De Valdivia / Metro Ines De Suarez,7000.0,287457660.0,89.0,78.65,,2.0,,,Providencia,Pedro De Valdivia,2026-10-01,,https://www.portalinmobiliario.com/MLC-4530117274-pocuro-pedro-de-valdivia-metro-ines-de-suarez-_JM
Hermoso Departamento En Providencia 2d2b Con Estacionamiento,7000.0,287457660.0,89.0,78.65,82.0,2.0,1.0,120000.0,Providencia,Barrio Italia,2026-09-26,2026-09-25,https://www.portalinmobiliario.com/MLC-4515208900-hermoso-departamento-en-providencia-2d2b-con-estacionamiento-_JM
Excelente Ubicación Remodelado 3d+2b (184533),5900.0,242285742.0,75.0,78.67,,3.0,,,Las Condes,Parque Arauco,2026-10-01,,https://www.portalinmobiliario.com/MLC-2288302581-excelente-ubicacion-remodelado-3d2b-184533-_JM
Excelente Depto. Metro Santa Lucia / Almagro 2d 1b 1bod 40m2,2990.0,122785486.0,38.0,78.68,,2.0,,,Santiago,San Diego,2026-10-01,,https://www.portalinmobiliario.com/MLC-4530721138-excelente-depto-metro-santa-lucia-almagro-2d-1b-1bod-40m2-_JM
Departamento En Venta De 3 Dorm. En Las Condes,8500.0,349055730.0,108.0,78.7,,3.0,,,Las Condes,Sebastián Elcano,2026-10-01,,https://www.portalinmobiliario.com/MLC-4526124438-departamento-en-venta-de-3-dorm-en-las-condes-_JM
Exquisito Departamento Muy Luminoso,10000.0,410653800.0,127.0,78.74,92.0,3.0,1.0,180000.0,Las Condes,Vaticano,2026-09-25,2026-09-24,https://www.portalinmobiliario.com/MLC-4514951446-exquisito-departamento-muy-luminoso-_JM
Departamento De 2d Y 2b  En Santa Isabel,3150.0,129355947.0,40.0,78.75,,2.0,,,Santiago,Santa Isabel,2026-10-01,,https://www.portalinmobiliario.com/MLC-2290683103-departamento-de-2d-y-2b-en-santa-isabel-_JM
Estadio Italiano 3 Dormitorios + Servicio,8350.0,342895923.0,106.0,78.77,99.0,3.0,1.0,380000.0,Las Condes,Metro Hernando De Magallanes,2026-09-26,2026-09-25,https://www.portalinmobiliario.com/MLC-4515236068-estadio-italiano-3-dormitorios-servicio-_JM
"Departamento En Venta, Ideal Para Remodelar Parque Araucano",9000.0,369588420.0,114.0,78.95,97.0,4.0,2.0,200000.0,Las Condes,Parque Arauco,2026-09-21,2026-09-21,https://www.portalinmobiliario.com/MLC-4499466768-departamento-en-venta-ideal-para-remodelar-parque-araucano-_JM
Departamento Centrico Amoblado,2290.0,94039720.0,29.0,78.97,74.0,1.0,0.0,26000.0,Santiago,Bulnes,2026-09-23,2026-09-22,https://www.portalinmobiliario.com/MLC-4505369734-departamento-centrico-amoblado-_JM
Departamento En Venta De 2 Dorm. En Providencia,7900.0,324416502.0,100.0,79.0,94.0,2.0,1.0,120000.0,Providencia,Pedro De Valdivia,2026-09-22,2026-09-21,https://www.portalinmobiliario.com/MLC-2265321519-departamento-en-venta-de-2-dorm-en-providencia-_JM
Depto Con Gran Terraza En Calle Guanabara,7900.0,324416502.0,100.0,79.0,88.0,3.0,1.0,180000.0,Las Condes,Rotonda Atenas,2026-09-21,2026-09-21,https://www.portalinmobiliario.com/MLC-4500846146-depto-con-gran-terraza-en-calle-guanabara-_JM
"Seminuevo 1d/1b Piscina, 4 Quinchos, Sala Gourmet",2690.0,110465872.0,34.0,79.12,,1.0,,,Santiago,San Diego,2026-10-01,,https://www.portalinmobiliario.com/MLC-4530723568-seminuevo-1d1b-piscina-4-quinchos-sala-gourmet-_JM
Roberto Del Rio - El Vergel,8941.7,367194662.0,113.0,79.13,,3.0,,,Providencia,Las Lilas,2026-10-01,,https://www.portalinmobiliario.com/MLC-2288279001-roberto-del-rio-el-vergel-_JM
"Espectacular 3d + Sala De Estar, Norte Y Gran Terraza",10290.0,422562760.0,130.0,79.15,,3.0,,,Las Condes,Rotonda Atenas,2026-10-01,,https://www.portalinmobiliario.com/MLC-4533920980-espectacular-3d-sala-de-estar-norte-y-gran-terraza-_JM
"Se Vende Departamento 1dormitorio, 1 Baño Y Bodega",2375.0,97530278.0,30.0,79.17,83.0,1.0,0.0,70000.0,Santiago,Centro Histórico De Santiago,2026-09-23,2026-09-22,https://www.portalinmobiliario.com/MLC-2267430385-se-vende-departamento-1dormitorio-1-bano-y-bodega-_JM
Departamento En Venta De 3 Dorm. En Las Condes,11800.0,484571484.0,149.0,79.19,92.0,3.0,1.0,390000.0,Las Condes,Barrio El Golf,2026-09-25,2026-09-24,https://www.portalinmobiliario.com/MLC-2274092743-departamento-en-venta-de-3-dorm-en-las-condes-_JM
Exclusivo Departamento En Venta En Providencia,9900.0,406547262.0,125.0,79.2,91.0,3.0,2.0,240000.0,Providencia,Las Lilas,2026-09-28,2026-09-27,https://www.portalinmobiliario.com/MLC-4522118848-exclusivo-departamento-en-venta-en-providencia-_JM
Departamento En Venta De 3 Dorm. En Providencia,9900.0,406547262.0,125.0,79.2,91.0,3.0,2.0,240000.0,Providencia,Las Lilas,2026-09-29,2026-09-18,https://www.portalinmobiliario.com/MLC-2282587535-departamento-en-venta-de-3-dorm-en-providencia-_JM
Departamento En Venta De 1 Dorm. En Santiago,2300.0,94450374.0,29.0,79.31,66.0,1.0,0.0,50000.0,Santiago,Barrio Yungay,2026-09-23,2026-09-22,https://www.portalinmobiliario.com/MLC-2268779227-departamento-en-venta-de-1-dorm-en-santiago-_JM
"Lira, Santiago Centro, 1d 1b, 34/36m2",2700.0,110876526.0,34.0,79.41,,1.0,,,Santiago,Santa Isabel,2026-10-01,,https://www.portalinmobiliario.com/MLC-2285745331-lira-santiago-centro-1d-1b-3436m2-_JM
"Santiago Centro, 1d 1b, 34/36m2",2700.0,110876526.0,34.0,79.41,,1.0,,,Santiago,Santa Isabel,2026-10-01,,https://www.portalinmobiliario.com/MLC-2285770941-santiago-centro-1d-1b-3436m2-_JM
Los Descubridores,8500.0,349055730.0,107.0,79.44,95.0,3.0,1.0,,Las Condes,Sebastián Elcano,2026-09-28,2026-09-27,https://www.portalinmobiliario.com/MLC-4522151386-los-descubridores-_JM
Venta Departamento 3hab 2ba Providencia Gran Ubicación,6200.0,254605356.0,78.0,79.49,98.0,3.0,0.0,150000.0,Providencia,Los Leones,2026-09-22,2026-09-21,https://www.portalinmobiliario.com/MLC-4505424150-venta-departamento-3hab-2ba-providencia-gran-ubicacion-_JM
Encanto Clásico Y Ubicación Privilegiada En Providencia,4770.0,195881863.0,60.0,79.5,,3.0,0.0,,Providencia,Manuel Montt,2026-09-18,2026-09-18,https://www.portalinmobiliario.com/MLC-2253170287-encanto-clasico-y-ubicacion-privilegiada-en-providencia-_JM
Encanto Clásico Y Ubicación Privilegiada En Providencia,4770.0,195881863.0,60.0,79.5,98.0,3.0,0.0,100000.0,Providencia,Manuel Montt,2026-09-18,2026-09-18,https://www.portalinmobiliario.com/MLC-2253397565-encanto-clasico-y-ubicacion-privilegiada-en-providencia-_JM
Cercano A Metro Piso Bajo (160322),7792.5,320000000.0,98.0,79.52,,4.0,,,Las Condes,Metro Manquehue - Apumanque,2026-10-01,,https://www.portalinmobiliario.com/MLC-4528515618-cercano-a-metro-piso-bajo-160322-_JM
"Vendo Dpto Hermoso 3d 3b 2e 1b. Parque Araucano, Las Condes",8750.0,359322075.0,110.0,79.55,99.0,3.0,1.0,220000.0,Las Condes,Parque Arauco,2026-09-24,2026-09-23,https://www.portalinmobiliario.com/MLC-4510775892-vendo-dpto-hermoso-3d-3b-2e-1b-parque-araucano-las-condes-_JM
"Estupendo Departameno, Muy Amplio Y Luminoso. Sect...",8990.0,369177766.0,113.0,79.56,97.0,3.0,1.0,170000.0,Las Condes,Nueva Las Condes,2026-09-23,2026-09-22,https://www.portalinmobiliario.com/MLC-4509166962-estupendo-departameno-muy-amplio-y-luminoso-sect-_JM
Excelente Ubicación - Pocuro / Los Leones (125488),8990.0,369177766.0,113.0,79.56,91.0,3.0,3.0,290000.0,Providencia,Las Lilas,2026-09-23,2026-09-22,https://www.portalinmobiliario.com/MLC-2268785027-excelente-ubicacion-pocuro-los-leones-125488-_JM
Oportunidad Venta Depto 3d3b + Estac. + Oficina. Mall Sport,8990.0,369177766.0,113.0,79.56,104.0,3.0,1.0,250000.0,Las Condes,Mall Sport,2026-09-19,2026-09-19,https://www.portalinmobiliario.com/MLC-4495763534-oportunidad-venta-depto-3d3b-estac-oficina-mall-sport-_JM
Acogedor Departamento Sector De Las Condes,7800.0,320309964.0,98.0,79.59,,3.0,,,Las Condes,Vaticano,2026-10-01,,https://www.portalinmobiliario.com/MLC-2288562133-acogedor-departamento-sector-de-las-condes-_JM
Atencion Inversionistas! Departamento Metro Los Leones 2d 2b,4620.0,189722056.0,58.0,79.66,,2.0,,,Providencia,Los Leones,2026-10-01,,https://www.portalinmobiliario.com/MLC-4533914602-atencion-inversionistas-departamento-metro-los-leones-2d-2b-_JM
Departamento En Venta En Providencia Sector Eliodo...,9800.0,402440724.0,123.0,79.67,91.0,3.0,2.0,,Providencia,Las Lilas,2026-09-23,2026-09-22,https://www.portalinmobiliario.com/MLC-2267425411-departamento-en-venta-en-providencia-sector-eliodo-_JM
En Venta Dpto 3d+3b Con Cocina Remodelada,7250.0,297724005.0,91.0,79.67,93.0,3.0,1.0,170000.0,Las Condes,Sebastián Elcano,2026-09-22,2026-09-22,https://www.portalinmobiliario.com/MLC-4502089208-en-venta-dpto-3d3b-con-cocina-remodelada-_JM
Venta Depto Almagro 4d+3b+2 Estac. Las Condes (180947),8690.0,356858152.0,109.0,79.72,,4.0,,,Las Condes,Rotonda Atenas,2026-10-01,,https://www.portalinmobiliario.com/MLC-4531671424-venta-depto-almagro-4d3b2-estac-las-condes-180947-_JM
Depto Entre Martín De Zamora Y Colón A Pasos De Manquehue,8690.0,356858152.0,109.0,79.72,93.0,4.0,2.0,350000.0,Las Condes,Rotonda Atenas,2026-09-23,2026-09-22,https://www.portalinmobiliario.com/MLC-4505434558-depto-entre-martin-de-zamora-y-colon-a-pasos-de-manquehue-_JM
Dpto En Venta 4d+3b+2e+1b Bello Horizonte,8690.0,356858152.0,109.0,79.72,93.0,4.0,2.0,350000.0,Las Condes,Rotonda Atenas,2026-09-23,2026-09-22,https://www.portalinmobiliario.com/MLC-2267436677-dpto-en-venta-4d3b2e1b-bello-horizonte-_JM
Espectacular Depto 2d + 2b Mariposa | Metro Parque Almagro,3590.0,147424714.0,45.0,79.78,74.0,2.0,1.0,80000.0,Santiago,San Diego,2026-09-20,2026-09-20,https://www.portalinmobiliario.com/MLC-4497575150-espectacular-depto-2d-2b-mariposa-metro-parque-almagro-_JM
Venta De Departamento De 2d-2b. Calle Sazié. Stgo.,3990.0,163850866.0,50.0,79.8,75.0,2.0,1.0,,Santiago,Ejército - Toesca,2026-09-26,2026-09-25,https://www.portalinmobiliario.com/MLC-2276108455-venta-de-departamento-de-2d-2b-calle-sazie-stgo-_JM
"Venta Depto 2d+2b+1e Sazie 2565, Con Abate Molina, Stgo.",3990.0,163850866.0,50.0,79.8,68.0,2.0,1.0,,Santiago,Barrio República,2026-09-20,2026-09-20,https://www.portalinmobiliario.com/MLC-4495769676-venta-depto-2d2b1e-sazie-2565-con-abate-molina-stgo-_JM
"Pie Paga 3% Contado Y 3% Pago 48cuotas,home Serrano 157 Stgo",2394.0,98310520.0,30.0,79.8,75.0,1.0,0.0,50000.0,Santiago,Bulnes,2026-09-25,2026-09-24,https://www.portalinmobiliario.com/MLC-4513656472-pie-paga-3-contado-y-3-pago-48cuotashome-serrano-157-stgo-_JM
Excelente Oportunidad A Pasos Del Parque Arauco (180822),8300.0,340842654.0,104.0,79.81,,4.0,,,Las Condes,Parque Arauco,2026-10-01,,https://www.portalinmobiliario.com/MLC-2285746665-excelente-oportunidad-a-pasos-del-parque-arauco-180822-_JM
Departamento En Venta De 3 Dorm. En Las Condes,8300.0,340842654.0,104.0,79.81,99.0,3.0,1.0,180000.0,Las Condes,Parque Arauco,2026-09-23,2026-09-22,https://www.portalinmobiliario.com/MLC-4505367170-departamento-en-venta-de-3-dorm-en-las-condes-_JM
Buenos Espacios (180091),7183.7,295000000.0,90.0,79.82,94.0,2.0,1.0,185000.0,Providencia,Los Leones,2026-09-23,2026-09-22,https://www.portalinmobiliario.com/MLC-4507117356-buenos-espacios-180091-_JM
Amplio / 2 Terrazas / Actualizado,7990.0,328112386.0,100.0,79.9,94.0,3.0,2.0,250000.0,Providencia,Pedro De Valdivia,2026-09-22,2026-09-21,https://www.portalinmobiliario.com/MLC-2265351727-amplio-2-terrazas-actualizado-_JM
Dpto Seminuevo 1d + 1b Santiago Santa Isabel,2399.0,98515847.0,30.0,79.97,83.0,1.0,0.0,75000.0,Santiago,Santa Isabel,2026-09-21,2026-09-21,https://www.portalinmobiliario.com/MLC-4501528040-dpto-seminuevo-1d-1b-santiago-santa-isabel-_JM
"Departamento, Estacionamiento Y Bodega Metro Matta",2400.0,98556912.0,30.0,80.0,83.0,1.0,1.0,0.0,Santiago,San Diego,2026-09-22,2026-09-21,https://www.portalinmobiliario.com/MLC-4505357622-departamento-estacionamiento-y-bodega-metro-matta-_JM
"Av. Cristóbal Colón, Américo Vespucio",8000.0,328523040.0,100.0,80.0,95.0,3.0,1.0,150000.0,Las Condes,Vaticano,2026-09-24,2026-09-23,https://www.portalinmobiliario.com/MLC-4510297046-av-cristobal-colon-americo-vespucio-_JM
Condor / San Diego,2560.0,105127373.0,32.0,80.0,74.0,1.0,0.0,60000.0,Santiago,San Diego,2026-09-24,2026-09-23,https://www.portalinmobiliario.com/MLC-4509177248-condor-san-diego-_JM
Santa Elena (piso 10),5200.0,213539976.0,65.0,80.0,61.0,2.0,1.0,120000.0,Santiago,Bogotá - Sierra Bella,2026-09-21,2026-09-21,https://www.portalinmobiliario.com/MLC-4499467400-santa-elena-piso-10-_JM
Depto 1d 1b Cercano Parque Ohiggins,2482.0,101924273.0,31.0,80.06,,1.0,,,Santiago,Parque O'Higgins,2026-10-01,,https://www.portalinmobiliario.com/MLC-2283617603-depto-1d-1b-cercano-parque-ohiggins-_JM
Metro Francisco De Bilbao 3d-2b- E-b,6900.0,283351122.0,86.0,80.23,,3.0,,,Providencia,Metro Bilbao,2026-10-01,,https://www.portalinmobiliario.com/MLC-2285757315-metro-francisco-de-bilbao-3d-2b-e-b-_JM
Amplio Departamento 3d 3b Con Terraza Y Vista Despejada,8990.0,369177766.0,112.0,80.27,88.0,3.0,1.0,,Las Condes,Colón Oriente - Vital Apoquindo,2026-09-24,2026-09-23,https://www.portalinmobiliario.com/MLC-4509171460-amplio-departamento-3d-3b-con-terraza-y-vista-despejada-_JM
Vista Panorámica Depto 1 Dorm Con Bodega (138026),2650.0,108823257.0,33.0,80.3,,1.0,,,Santiago,Barrio Diez De Julio,2026-10-01,,https://www.portalinmobiliario.com/MLC-4524190474-vista-panoramica-depto-1-dorm-con-bodega-138026-_JM
Inversión Perfecta En Zona Oriente (166018),10440.0,428722567.0,130.0,80.31,98.0,3.0,2.0,240000.0,Las Condes,Metro Manquehue - Apumanque,2026-09-26,2026-09-25,https://www.portalinmobiliario.com/MLC-2276131411-inversion-perfecta-en-zona-oriente-166018-_JM
Tu Próximo Activo De Renta En El Corazón De Santiago,2490.0,102252796.0,31.0,80.32,74.0,1.0,0.0,45000.0,Santiago,Parque Almagro,2026-09-21,2026-09-21,https://www.portalinmobiliario.com/MLC-2264199247-tu-proximo-activo-de-renta-en-el-corazon-de-santiago-_JM
Oportunidad 2d+2b+1 Est + 1 Bodega Vista Despejada,4018.0,165000000.0,50.0,80.36,101.0,2.0,1.0,130000.0,Providencia,Barrio Italia,2026-09-25,2026-09-24,https://www.portalinmobiliario.com/MLC-4513400978-oportunidad-2d2b1-est-1-bodega-vista-despejada-_JM
Departamentos Venta De 1 Dorm. En Santiago Caupolican,2331.0,95723401.0,29.0,80.38,,1.0,,,Santiago,San Diego,2026-10-01,,https://www.portalinmobiliario.com/MLC-2283590921-departamentos-venta-de-1-dorm-en-santiago-caupolican-_JM
Departamento En Venta De 1 Dorm. En Providencia,4100.0,168368058.0,51.0,80.39,154.0,1.0,0.0,0.0,Providencia,Los Leones,2026-09-22,2026-09-22,https://www.portalinmobiliario.com/MLC-4502089232-departamento-en-venta-de-1-dorm-en-providencia-_JM
Departamento Para Remodelar/segundo Piso/colón,7400.0,303883812.0,92.0,80.43,,3.0,,,Las Condes,Sebastián Elcano,2026-10-01,,https://www.portalinmobiliario.com/MLC-2288302413-departamento-para-remodelarsegundo-pisocolon-_JM
Venta Departamento Estudio 22 Mts N 1b - Santiago Centro,1690.0,69400492.0,21.0,80.48,74.0,1.0,1.0,52000.0,Santiago,Bulnes,2026-09-20,2026-09-20,https://www.portalinmobiliario.com/MLC-2256976723-venta-departamento-estudio-22-mts-n-1b-santiago-centro-_JM
Oportunidad Departamento En Barrio Lastarria,3384.8,139000000.0,42.0,80.59,83.0,1.0,0.0,69000.0,Santiago,Barrio Lastarria,2026-09-21,2026-09-21,https://www.portalinmobiliario.com/MLC-2262135089-oportunidad-departamento-en-barrio-lastarria-_JM
Departamento En Venta De 4 Dorm. En Las Condes,11690.0,480054292.0,145.0,80.62,98.0,4.0,2.0,220000.0,Las Condes,Las Condes,2026-09-24,2026-09-23,https://www.portalinmobiliario.com/MLC-4510779180-departamento-en-venta-de-4-dorm-en-las-condes-_JM
"Departamento Luminoso En Venta, 1d 1b Con 1 Estacionamiento",2500.0,102663450.0,31.0,80.65,,1.0,,,Santiago,Bulnes,2026-10-01,,https://www.portalinmobiliario.com/MLC-4526093428-departamento-luminoso-en-venta-1d-1b-con-1-estacionamiento-_JM
Venta Departamento 2hab 2ba Providencia,6300.0,258711894.0,78.0,80.77,78.0,2.0,1.0,0.0,Providencia,Barrio Italia,2026-09-24,2026-09-23,https://www.portalinmobiliario.com/MLC-4509241882-venta-departamento-2hab-2ba-providencia-_JM
Departamento En Venta Pdte. Riesco I Metro Manquehue,10500.0,431186490.0,130.0,80.77,99.0,3.0,1.0,220000.0,Las Condes,Parque Arauco,2026-09-25,2026-09-24,https://www.portalinmobiliario.com/MLC-4513694294-departamento-en-venta-pdte-riesco-i-metro-manquehue-_JM
"Clásico Dpto En El Corazon Del Golf, 3 Dormitorios, 2 Baños",10500.0,431186490.0,130.0,80.77,92.0,4.0,1.0,0.0,Las Condes,Vaticano,2026-09-22,2026-09-22,https://www.portalinmobiliario.com/MLC-4502663254-clasico-dpto-en-el-corazon-del-golf-3-dormitorios-2-banos-_JM
Incluye Estacionamiento!  (183753),6550.0,268978239.0,81.0,80.86,93.0,3.0,1.0,200000.0,Las Condes,Sebastián Elcano,2026-09-24,2026-09-23,https://www.portalinmobiliario.com/MLC-4510795226-incluye-estacionamiento-183753-_JM
Vendo Estupendo Depto 3d3b 2estac Bod Los Vikingos 9300 Uf,9300.0,381908034.0,115.0,80.87,98.0,3.0,2.0,290000.0,Las Condes,Metro Manquehue - Apumanque,2026-09-24,2026-09-23,https://www.portalinmobiliario.com/MLC-4510302762-vendo-estupendo-depto-3d3b-2estac-bod-los-vikingos-9300-uf-_JM
Gran Vista Dpto 3d 3b I Servicio Las Condes,8900.0,365481882.0,110.0,80.91,88.0,4.0,2.0,280000.0,Las Condes,Colón Oriente - Vital Apoquindo,2026-09-21,2026-09-21,https://www.portalinmobiliario.com/MLC-4502083818-gran-vista-dpto-3d-3b-i-servicio-las-condes-_JM
Depto 2d 2b + Estac. Y Bodega  Barrio República.,5350.0,219699783.0,66.0,81.06,54.0,2.0,1.0,150000.0,Santiago,Ejército - Toesca,2026-09-26,2026-09-25,https://www.portalinmobiliario.com/MLC-2276112019-depto-2d-2b-estac-y-bodega-barrio-republica-_JM
"3d/3b Metro P.de Valdivia Y Los Leones,ciclovias A. Comunes",8190.0,336325462.0,101.0,81.09,,3.0,,,Providencia,Los Leones,2026-10-01,,https://www.portalinmobiliario.com/MLC-4525971448-3d3b-metro-pde-valdivia-y-los-leonesciclovias-a-comunes-_JM
Vendo Departamento 4d/3b/est/ Metro Manquehue (132955),10300.0,422973414.0,127.0,81.1,,4.0,,,Las Condes,Metro Escuela Militar,2026-10-01,,https://www.portalinmobiliario.com/MLC-4524203418-vendo-departamento-4d3best-metro-manquehue-132955-_JM
Huelen/de La Olleria,7300.0,299777274.0,90.0,81.11,,2.0,,,Providencia,Salvador,2026-10-01,,https://www.portalinmobiliario.com/MLC-4525973486-huelende-la-olleria-_JM
Se Vende Centrico Departamento Cercano A 3 Lineas De Metro,2435.1,100000000.0,30.0,81.17,,1.0,,,Santiago,Santa Isabel,2026-10-01,,https://www.portalinmobiliario.com/MLC-4528547692-se-vende-centrico-departamento-cercano-a-3-lineas-de-metro-_JM
Departamento En Venta Oportunidad 2d3b El Golf Las Condes,9500.0,390121110.0,117.0,81.2,92.0,3.0,1.0,250000.0,Las Condes,Barrio El Golf,2026-09-26,2026-09-25,https://www.portalinmobiliario.com/MLC-4515235950-departamento-en-venta-oportunidad-2d3b-el-golf-las-condes-_JM
"Se Vende Amplio Depto El Golf 2 Dorm, 2 Baños Servicios",9500.0,390121110.0,117.0,81.2,92.0,2.0,1.0,0.0,Las Condes,Barrio El Golf,2026-09-24,2026-09-23,https://www.portalinmobiliario.com/MLC-4510325408-se-vende-amplio-depto-el-golf-2-dorm-2-banos-servicios-_JM
Luminoso Departamento En Mejor Sector De Providencia,10000.0,410653800.0,123.0,81.3,91.0,3.0,1.0,400000.0,Providencia,Las Lilas,2026-09-23,2026-09-22,https://www.portalinmobiliario.com/MLC-2268766111-luminoso-departamento-en-mejor-sector-de-providencia-_JM
Depto. 3d2b+1e / Metro Bilbao - Providencia,5450.0,223806321.0,67.0,81.34,103.0,3.0,1.0,100000.0,Providencia,Metro Bilbao,2026-09-26,2026-09-25,https://www.portalinmobiliario.com/MLC-4515632002-depto-3d2b1e-metro-bilbao-providencia-_JM
Gran Conectividad,10500.0,431186490.0,129.0,81.4,92.0,4.0,1.0,180000.0,Las Condes,Sebastián Elcano,2026-09-25,2026-09-24,https://www.portalinmobiliario.com/MLC-4514951640-gran-conectividad-_JM
"Se Vende Departamento En Calle Chiloé, Santiago",2850.0,117036333.0,35.0,81.43,74.0,1.0,1.0,80000.0,Santiago,Parque O'Higgins,2026-09-23,2026-09-22,https://www.portalinmobiliario.com/MLC-4507151668-se-vende-departamento-en-calle-chiloe-santiago-_JM
Departamento En Barrio Universitario (2 Opciones De Dptos),3829.0,157239340.0,47.0,81.47,68.0,2.0,1.0,,Santiago,Barrio República,2026-09-22,2026-09-21,https://www.portalinmobiliario.com/MLC-4505358842-departamento-en-barrio-universitario-2-opciones-de-dptos-_JM
Exclusivo Triplex  Elegancia Distinción Y Vanguardia,7500.0,307990350.0,92.0,81.52,86.0,2.0,1.0,200000.0,Providencia,Campus Oriente,2026-09-26,2026-09-25,https://www.portalinmobiliario.com/MLC-2275514707-exclusivo-triplex-elegancia-distincion-y-vanguardia-_JM
"Remoelar: Amplio Y Luminoso, Con Esta Y Bodega. (172079)",6200.0,254605356.0,76.0,81.58,103.0,2.0,1.0,200000.0,Las Condes,Vaticano,2026-09-24,2026-09-23,https://www.portalinmobiliario.com/MLC-4510792892-remoelar-amplio-y-luminoso-con-esta-y-bodega-172079-_JM
Se Vende Departamento  Estudio  Cercano Metro Santa Lucia,1550.0,63651339.0,19.0,81.58,83.0,1.0,0.0,44000.0,Santiago,Santa Isabel,2026-09-29,2026-09-28,https://www.portalinmobiliario.com/MLC-2282576459-se-vende-departamento-estudio-cercano-metro-santa-lucia-_JM
Lindo Dpto Remodelado 2 Dormit Metro Escuela Militar,4980.0,204505592.0,61.0,81.64,,2.0,,,Las Condes,Depto Recien Remodelado A Pasos Del Metro Escuela Militar,2026-10-01,,https://www.portalinmobiliario.com/MLC-2288307805-lindo-dpto-remodelado-2-dormit-metro-escuela-militar-_JM
Venta Moderno Departamento 3d 2b 2e 1b. Providencia,9800.0,402440724.0,120.0,81.67,91.0,3.0,1.0,0.0,Providencia,Las Lilas,2026-09-23,2026-09-22,https://www.portalinmobiliario.com/MLC-2268778931-venta-moderno-departamento-3d-2b-2e-1b-providencia-_JM
Departamento En Venta De 3 Dorm. En El Golf,9800.0,402440724.0,120.0,81.67,92.0,3.0,1.0,200000.0,Las Condes,Barrio El Golf,2026-09-21,2026-09-21,https://www.portalinmobiliario.com/MLC-4501530982-departamento-en-venta-de-3-dorm-en-el-golf-_JM
"Departamento En Venta  Piso Alto, Excelente  (137107)",11450.0,470198601.0,140.0,81.79,,3.0,,,Las Condes,Mall Sport,2026-10-01,,https://www.portalinmobiliario.com/MLC-2290662841-departamento-en-venta-piso-alto-excelente-137107-_JM
Vendo 2d2b En Carmen Totalmente Amoblado,4500.0,184794210.0,55.0,81.82,68.0,2.0,1.0,100000.0,Santiago,Santa Isabel,2026-09-22,2026-09-21,https://www.portalinmobiliario.com/MLC-2265336689-vendo-2d2b-en-carmen-totalmente-amoblado-_JM
Venta Dp 2 Dorm / 1 Estac. Presidente Riesco-estocolmo,3600.0,147835368.0,44.0,81.82,166.0,2.0,1.0,15000.0,Las Condes,PRESIDENTE RIESCO / ESTOCOLMO,2026-09-21,2026-09-21,https://www.portalinmobiliario.com/MLC-4501913442-venta-dp-2-dorm-1-estac-presidente-riesco-estocolmo-_JM
Departamento En Venta De 1 Dorm. En Santiago,2700.0,110876526.0,33.0,81.82,,1.0,,,Santiago,Barrio Lastarria,2026-10-01,,https://www.portalinmobiliario.com/MLC-4531687382-departamento-en-venta-de-1-dorm-en-santiago-_JM
Sector Plaza Las Lilas - 3d 3b / Pocuro,9500.0,390121110.0,116.0,81.9,,3.0,,,Providencia,Las Lilas,2026-10-01,,https://www.portalinmobiliario.com/MLC-2288559771-sector-plaza-las-lilas-3d-3b-pocuro-_JM
Departamento Con Vista Despejada Al Oriente,7700.0,316203426.0,94.0,81.91,93.0,3.0,1.0,155000.0,Las Condes,Sebastián Elcano,2026-09-26,2026-09-25,https://www.portalinmobiliario.com/MLC-4515655202-departamento-con-vista-despejada-al-oriente-_JM
Departamento En Venta De 3 Dorm. En Las Condes,11800.0,484571484.0,144.0,81.94,,3.0,,,Las Condes,Vaticano,2026-10-01,,https://www.portalinmobiliario.com/MLC-4526068078-departamento-en-venta-de-3-dorm-en-las-condes-_JM
Primer Piso Con Jardin Propio Ideal Para Remodelar,5000.0,205326900.0,61.0,81.97,85.0,3.0,1.0,100000.0,Providencia,Campus Oriente,2026-09-24,2026-09-23,https://www.portalinmobiliario.com/MLC-4510774538-primer-piso-con-jardin-propio-ideal-para-remodelar-_JM
Departamento En Venta En Las Condes,10990.0,451308526.0,134.0,82.01,91.0,3.0,1.0,450000.0,Las Condes,Barrio El Golf,2026-09-18,2026-09-18,https://www.portalinmobiliario.com/MLC-4491447710-departamento-en-venta-en-las-condes-_JM
Departamento En Venta De 1 Dorm. En Santiago,2790.0,114572410.0,34.0,82.06,83.0,1.0,0.0,80000.0,Santiago,Santa Isabel,2026-09-23,2026-09-22,https://www.portalinmobiliario.com/MLC-2268752797-departamento-en-venta-de-1-dorm-en-santiago-_JM
"Latadía, Cercano Jumbo Bilbao Novación Crédito",9850.0,404493993.0,120.0,82.08,,3.0,,,Las Condes,Las Condes,2026-10-01,,https://www.portalinmobiliario.com/MLC-4527536634-latadia-cercano-jumbo-bilbao-novacion-credito-_JM
Venta Departamento 4d 4b 2e Sebastián Elcano - Las Condes,11500.0,472251870.0,140.0,82.14,92.0,4.0,2.0,350.0,Las Condes,Sebastián Elcano,2026-09-20,2026-09-20,https://www.portalinmobiliario.com/MLC-2256990159-venta-departamento-4d-4b-2e-sebastian-elcano-las-condes-_JM
"Espacio, Luz Y Vistas Panorámicas En Último Piso",11500.0,472251870.0,140.0,82.14,97.0,3.0,2.0,300000.0,Las Condes,Barrio El Golf,2026-09-23,2026-09-22,https://www.portalinmobiliario.com/MLC-4506389396-espacio-luz-y-vistas-panoramicas-en-ultimo-piso-_JM
"Oportunidad Dpto A 82uf/mt2 Y En La Zona A 93uf/mt2, Amplio!",8380.0,344127884.0,102.0,82.16,94.0,3.0,1.0,390000.0,Providencia,Pedro De Valdivia,2026-09-25,2026-09-24,https://www.portalinmobiliario.com/MLC-4514951666-oportunidad-dpto-a-82ufmt2-y-en-la-zona-a-93ufmt2-amplio-_JM
Departamento En Venta De 3 Dorm. En Providencia,6500.0,266924970.0,79.0,82.28,94.0,3.0,1.0,150000.0,Providencia,Las Lilas,2026-09-28,2026-09-27,https://www.portalinmobiliario.com/MLC-4522148018-departamento-en-venta-de-3-dorm-en-providencia-_JM
Oportunidad Providencia Ideal Inversión 3 Dormit 2 Baños,5600.0,229966128.0,68.0,82.35,,3.0,,,Providencia,Campus Oriente,2026-10-01,,https://www.portalinmobiliario.com/MLC-4526078506-oportunidad-providencia-ideal-inversion-3-dormit-2-banos-_JM
Departamento En Venta De 2 Dorm. En Santiago,3790.0,155637790.0,46.0,82.39,83.0,2.0,1.0,240000.0,Santiago,San Diego,2026-09-18,2026-09-18,https://www.portalinmobiliario.com/MLC-4491473932-departamento-en-venta-de-2-dorm-en-santiago-_JM
Departamento En Venta De 1 Dorm. En Providencia,5274.0,216578814.0,64.0,82.41,,1.0,,,Providencia,Manuel Montt,2026-10-01,,https://www.portalinmobiliario.com/MLC-4528507574-departamento-en-venta-de-1-dorm-en-providencia-_JM
Departamento En Venta En Las Condes,8985.0,368972439.0,109.0,82.43,99.0,2.0,1.0,0.0,Las Condes,Parque Arauco,2026-09-24,2026-09-23,https://www.portalinmobiliario.com/MLC-4510314294-departamento-en-venta-en-las-condes-_JM
Venta Departamento Salvador Providencia,3300.0,135515754.0,40.0,82.5,,1.0,,,Providencia,Barrio Italia,2026-10-01,,https://www.portalinmobiliario.com/MLC-2285762973-venta-departamento-salvador-providencia-_JM
"Departamento En Venta, Con Vista Inmejorable",9900.0,406547262.0,120.0,82.5,,4.0,,,Las Condes,Vaticano,2026-10-01,,https://www.portalinmobiliario.com/MLC-4530725778-departamento-en-venta-con-vista-inmejorable-_JM
Confort Y Estilo En Pleno Centro Urbano (184498),8250.0,338789385.0,100.0,82.5,,3.0,,,Las Condes,Alto Las Condes,2026-10-01,,https://www.portalinmobiliario.com/MLC-2288286723-confort-y-estilo-en-pleno-centro-urbano-184498-_JM
Venta Depto 4 Dorm En Las Condes,9900.0,406547262.0,120.0,82.5,92.0,4.0,1.0,250000.0,Las Condes,Sebastián Elcano,2026-09-28,2026-09-25,https://www.portalinmobiliario.com/MLC-4522109118-venta-depto-4-dorm-en-las-condes-_JM
"Departamento De 1 Dormitorio, Gran Tamaño. Barrio Las Lilas",8500.0,349055730.0,103.0,82.52,,1.0,,,Providencia,Las Lilas,2026-10-01,,https://www.portalinmobiliario.com/MLC-4528546712-departamento-de-1-dormitorio-gran-tamano-barrio-las-lilas-_JM
Departamento En Venta De 2 Dorm. En Santiago,3799.0,156007379.0,46.0,82.59,83.0,2.0,1.0,240000.0,Santiago,San Diego,2026-09-18,2026-09-18,https://www.portalinmobiliario.com/MLC-4491577890-departamento-en-venta-de-2-dorm-en-santiago-_JM
Venta Estudio Santa Elena 962 1d,2230.0,91575797.0,27.0,82.59,83.0,1.0,0.0,80000.0,Santiago,Barrio Diez De Julio,2026-09-21,2026-09-21,https://www.portalinmobiliario.com/MLC-4501917120-venta-estudio-santa-elena-962-1d-_JM
Remodelado 2d-2b Metro Escuela Militar,9500.0,390121110.0,115.0,82.61,,2.0,,,Las Condes,Metro Escuela Militar,2026-10-01,,https://www.portalinmobiliario.com/MLC-4531667786-remodelado-2d-2b-metro-escuela-militar-_JM
Departamento En Venta De 3 Dorm. En Providencia,9750.0,400387455.0,118.0,82.63,82.0,3.0,1.0,300000.0,Providencia,Inés De Suárez,2026-09-25,2026-09-24,https://www.portalinmobiliario.com/MLC-2274594149-departamento-en-venta-de-3-dorm-en-providencia-_JM
Santiago  Dpto En Argomedo / Portugal (1),2316.0,95107420.0,28.0,82.71,83.0,1.0,1.0,65000.0,Santiago,Santa Isabel,2026-09-20,2026-09-20,https://www.portalinmobiliario.com/MLC-4496589494-santiago-dpto-en-argomedo-portugal-1-_JM
Oelckers Vende Excelente Depto. En Las Condes,7450.0,305937081.0,90.0,82.78,93.0,3.0,1.0,200000.0,Las Condes,Sebastián Elcano,2026-09-25,2026-09-24,https://www.portalinmobiliario.com/MLC-2274079289-oelckers-vende-excelente-depto-en-las-condes-_JM
Amplio Departamento Metro Manquehue Vista Despejada Piso 17,11600.0,476358408.0,140.0,82.86,,4.0,,,Las Condes,Metro Manquehue - Apumanque,2026-10-01,,https://www.portalinmobiliario.com/MLC-2288566299-amplio-departamento-metro-manquehue-vista-despejada-piso-17-_JM
"Moderno Dpto 1d/1b. Piscina, Quincho, Gimnasio",2900.0,119089602.0,35.0,82.86,,1.0,,,Santiago,Barrio Yungay,2026-10-01,,https://www.portalinmobiliario.com/MLC-2288564595-moderno-dpto-1d1b-piscina-quincho-gimnasio-_JM
Vende Amplio Depto 4d3b Con Vista Panorámica Las Condes,11600.0,476358408.0,140.0,82.86,,4.0,,,Las Condes,Colón Oriente - Vital Apoquindo,2026-10-01,,https://www.portalinmobiliario.com/MLC-2286454995-vende-amplio-depto-4d3b-con-vista-panoramica-las-condes-_JM
Cómodo Departamento En Excelente Ubicación (176146),9700.0,398334186.0,117.0,82.91,97.0,3.0,1.0,190000.0,Las Condes,Metro Escuela Militar,2026-09-28,2026-09-27,https://www.portalinmobiliario.com/MLC-4522114166-comodo-departamento-en-excelente-ubicacion-176146-_JM
Departamento En Venta De 2 Dorm. En Santiago,3650.0,149888637.0,44.0,82.95,83.0,2.0,1.0,190000.0,Santiago,San Diego,2026-09-18,2026-09-18,https://www.portalinmobiliario.com/MLC-4491577886-departamento-en-venta-de-2-dorm-en-santiago-_JM
Departamento En Venta De 2 Dorm. En Santiago,3900.0,160154982.0,47.0,82.98,83.0,2.0,1.0,80000.0,Santiago,Santa Isabel,2026-09-23,2026-09-22,https://www.portalinmobiliario.com/MLC-2268778713-departamento-en-venta-de-2-dorm-en-santiago-_JM
Darío Urzúa (piso 3),10800.0,443506104.0,130.0,83.08,91.0,3.0,2.0,,Providencia,Pedro De Valdivia,2026-09-21,2026-09-21,https://www.portalinmobiliario.com/MLC-4499773026-dario-urzua-piso-3-_JM
Atencion Inversionista Departamento 3 Dormitorios Las Condes,7490.0,307579696.0,90.0,83.22,102.0,3.0,1.0,160000.0,Las Condes,Mall Sport,2026-09-25,2026-09-24,https://www.portalinmobiliario.com/MLC-4513390568-atencion-inversionista-departamento-3-dormitorios-las-condes-_JM
Venta 4 Dormitorios 3 Baños A Pasos De Metro Manquehue Mejor,8740.0,358911421.0,105.0,83.24,99.0,4.0,1.0,190000.0,Las Condes,Metro Manquehue - Apumanque,2026-09-23,2026-09-22,https://www.portalinmobiliario.com/MLC-2267438667-venta-4-dormitorios-3-banos-a-pasos-de-metro-manquehue-mejor-_JM
Oportunidad De Venta En Las Condes,9990.0,410243146.0,120.0,83.25,92.0,3.0,1.0,280000.0,Las Condes,Sebastián Elcano,2026-09-21,2026-09-21,https://www.portalinmobiliario.com/MLC-2263572039-oportunidad-de-venta-en-las-condes-_JM
"Departamento Estudio Metro, Rondizzoni Y Parque Ohiggins",2000.0,82130760.0,24.0,83.33,72.0,1.0,1.0,65000.0,Santiago,Parque O'Higgins,2026-09-22,2026-09-21,https://www.portalinmobiliario.com/MLC-2265338821-departamento-estudio-metro-rondizzoni-y-parque-ohiggins-_JM
Las Tranqueras /orfeo  3d3b1e1b Se Aceptan Ofertas,9000.0,369588420.0,108.0,83.33,106.0,3.0,1.0,180000.0,Las Condes,Alto Las Condes,2026-09-25,2026-09-24,https://www.portalinmobiliario.com/MLC-2274593949-las-tranqueras-orfeo-3d3b1e1b-se-aceptan-ofertas-_JM
Elegante&#43;luminoso&#43;4 Dormitorios&#43;terraza&#43;2 Bo,11500.0,472251870.0,138.0,83.33,92.0,4.0,3.0,0.0,Las Condes,Sebastián Elcano,2026-09-24,2026-09-23,https://www.portalinmobiliario.com/MLC-4510328626-elegante43luminoso434-dormitorios43terraza432-bo-_JM
Moderno Departamento (183656),4000.0,164261520.0,48.0,83.33,83.0,2.0,1.0,90000.0,Santiago,Santa Isabel,2026-09-24,2026-09-23,https://www.portalinmobiliario.com/MLC-4509230740-moderno-departamento-183656-_JM
Estudio / Oficina De 12m² Con Luz Natural,1000.0,41065380.0,12.0,83.33,162.0,,0.0,0.0,Las Condes,Sebastián Elcano,2026-09-22,2026-09-21,https://www.portalinmobiliario.com/MLC-4505362736-estudio-oficina-de-12m-con-luz-natural-_JM
"Departamento En Venta De 3 Dorm. Mall Sport, En Las Condes",10500.0,431186490.0,126.0,83.33,104.0,3.0,2.0,320000.0,Las Condes,Mall Sport,2026-09-23,2026-09-22,https://www.portalinmobiliario.com/MLC-2268753907-departamento-en-venta-de-3-dorm-mall-sport-en-las-condes-_JM
Departamento En Las Condes/ Victor Rae,11500.0,472251870.0,138.0,83.33,92.0,4.0,2.0,250000.0,Las Condes,Las Condes,2026-09-23,2026-09-22,https://www.portalinmobiliario.com/MLC-2267432441-departamento-en-las-condes-victor-rae-_JM
¡moderno Departamento En Santiago Espera Por Ti!,3500.0,143728830.0,42.0,83.33,75.0,2.0,1.0,110000.0,Santiago,Parque Almagro,2026-09-29,2026-09-28,https://www.portalinmobiliario.com/MLC-2282623045-moderno-departamento-en-santiago-espera-por-ti-_JM
Departamento En Eliodoro Yáñez 4 Dorms 3 Baños,9500.0,390121110.0,114.0,83.33,91.0,4.0,1.0,300000.0,Providencia,Manuel Montt,2026-09-28,2026-09-27,https://www.portalinmobiliario.com/MLC-4522147914-departamento-en-eliodoro-yanez-4-dorms-3-banos-_JM
"Vendo Departamento Av Kennedy, Las Condes (184208)",9600.0,394227648.0,115.0,83.48,98.0,3.0,2.0,32000.0,Las Condes,Parque Arauco,2026-09-28,2026-09-27,https://www.portalinmobiliario.com/MLC-4522138264-vendo-departamento-av-kennedy-las-condes-184208-_JM
Providencia/facultad De Derecho (184727),4091.0,168000000.0,49.0,83.49,,1.0,,,Providencia,Bellavista,2026-10-01,,https://www.portalinmobiliario.com/MLC-4533652066-providenciafacultad-de-derecho-184727-_JM
Acogedor Departamento Cercano A Colegio Sek,11200.0,459932256.0,134.0,83.58,,4.0,,,Las Condes,Nueva Las Condes,2026-10-01,,https://www.portalinmobiliario.com/MLC-4530700840-acogedor-departamento-cercano-a-colegio-sek-_JM
Alonso De Cordova / Cerro Colorado,6950.0,285404391.0,83.0,83.73,99.0,3.0,1.0,140000.0,Las Condes,Parque Arauco,2026-09-23,2026-09-22,https://www.portalinmobiliario.com/MLC-4506423294-alonso-de-cordova-cerro-colorado-_JM
"Oportunidad¡¡ Dpto A 83 Uf/m2, En La Zona El Promedio Es 86",9380.0,385193264.0,112.0,83.75,88.0,4.0,2.0,300000.0,Las Condes,Alonso De Camargo,2026-09-26,2026-09-25,https://www.portalinmobiliario.com/MLC-4514980618-oportunidad-dpto-a-83-ufm2-en-la-zona-el-promedio-es-86-_JM
Depto Remodelado Galvarino Gallardo (172590),9800.0,402440724.0,117.0,83.76,91.0,3.0,1.0,310000.0,Providencia,Pedro De Valdivia,2026-09-26,2026-09-25,https://www.portalinmobiliario.com/MLC-2276106907-depto-remodelado-galvarino-gallardo-172590-_JM
Portugal (piso 7),3100.0,127302678.0,37.0,83.78,83.0,1.0,1.0,,Santiago,Barrio Diez De Julio,2026-09-21,2026-09-21,https://www.portalinmobiliario.com/MLC-4500846150-portugal-piso-7-_JM
"Exclusivo Depto. 3d/3b En El Vergel, Santiago",11900.0,488678022.0,142.0,83.8,,3.0,,,Providencia,Las Lilas,2026-10-01,,https://www.portalinmobiliario.com/MLC-4530702456-exclusivo-depto-3d3b-en-el-vergel-santiago-_JM
"Depto Recien Remodelado 2d,2b,1e,1b,terraza.las Condes",6290.0,258301240.0,75.0,83.87,111.0,2.0,1.0,180000.0,Las Condes,Metro Manquehue - Apumanque,2026-09-22,2026-09-22,https://www.portalinmobiliario.com/MLC-4502688446-depto-recien-remodelado-2d2b1e1bterrazalas-condes-_JM
Gran Oportunidad Con Excelente Ubicación!,7550.0,310043619.0,90.0,83.89,,3.0,,,Las Condes,Centro Financiero,2026-10-01,,https://www.portalinmobiliario.com/MLC-2288561035-gran-oportunidad-con-excelente-ubicacion-_JM
Deptos. Nuevos 1d+1b Desde Uf 2.601,2601.0,106811053.0,31.0,83.9,,1.0,,,Santiago,Bogotá - Sierra Bella,2026-10-01,,https://www.portalinmobiliario.com/MLC-4528548162-deptos-nuevos-1d1b-desde-uf-2601-_JM
"Depto En Venta, Piso 8, H. De Magallanes, 2 E, 2 B.",10490.0,430775836.0,125.0,83.92,92.0,3.0,2.0,260000.0,Las Condes,Rotonda Atenas,2026-09-21,2026-09-21,https://www.portalinmobiliario.com/MLC-4499467446-depto-en-venta-piso-8-h-de-magallanes-2-e-2-b-_JM
Depto Nuevo Barrio Yungay Metro Cumming Promo (173061),2350.0,96503643.0,28.0,83.93,66.0,1.0,0.0,70000.0,Santiago,Parque Los Reyes,2026-09-28,2026-09-27,https://www.portalinmobiliario.com/MLC-4520105952-depto-nuevo-barrio-yungay-metro-cumming-promo-173061-_JM
Depto Venta Las Condes (179856),6800.0,279244584.0,81.0,83.95,96.0,3.0,1.0,150000.0,Las Condes,Metro Hernando De Magallanes,2026-09-28,2026-09-27,https://www.portalinmobiliario.com/MLC-4522118744-depto-venta-las-condes-179856-_JM
Hernando De Magallanes -ampliado  2 Dorm,8400.0,344949192.0,100.0,84.0,,2.0,,,Las Condes,Rotonda Atenas,2026-10-01,,https://www.portalinmobiliario.com/MLC-4528516550-hernando-de-magallanes-ampliado-2-dorm-_JM
Moderno Dpto 2d+2b Con Salida Al Jardín,4620.0,189722056.0,55.0,84.0,47.0,2.0,0.0,151000.0,Santiago,Barrio Yungay,2026-09-24,2026-09-23,https://www.portalinmobiliario.com/MLC-2270964885-moderno-dpto-2d2b-con-salida-al-jardin-_JM
Departamento De 4d Más Salita/las Tranqueras,10600.0,435293028.0,126.0,84.13,,4.0,,,Las Condes,Metro Hernando De Magallanes,2026-10-01,,https://www.portalinmobiliario.com/MLC-2288307571-departamento-de-4d-mas-salitalas-tranqueras-_JM
Luminoso Departamento En Las Condes En Excelente Ubicación,10600.0,435293028.0,126.0,84.13,98.0,4.0,1.0,400000.0,Las Condes,Metro Hernando De Magallanes,2026-09-26,2026-09-25,https://www.portalinmobiliario.com/MLC-4516305944-luminoso-departamento-en-las-condes-en-excelente-ubicacion-_JM
Vendo Depto 3d 2b 1e / Apoquindo / Las Condes,6400.0,262818432.0,76.0,84.21,101.0,3.0,1.0,100000.0,Las Condes,Los Dominicos,2026-09-29,2026-09-28,https://www.portalinmobiliario.com/MLC-2282571431-vendo-depto-3d-2b-1e-apoquindo-las-condes-_JM
Departamento En Venta En Las Condes,11800.0,484571484.0,140.0,84.29,98.0,4.0,2.0,350000.0,Las Condes,Vende - El Director,2026-09-21,2026-09-21,https://www.portalinmobiliario.com/MLC-2261829427-departamento-en-venta-en-las-condes-_JM
Ideal Para Vivir O Invertir / Depto Metro Los Leones,5900.0,242285742.0,70.0,84.29,98.0,2.0,1.0,130000.0,Providencia,Los Leones,2026-09-25,2026-09-24,https://www.portalinmobiliario.com/MLC-2274566885-ideal-para-vivir-o-invertir-depto-metro-los-leones-_JM
Oportunidad De Inversión En Providencia! Venta Directa Dueña,4383.3,180000000.0,52.0,84.29,85.0,1.0,1.0,90000.0,Providencia,Inés De Suárez,2026-09-28,2026-09-27,https://www.portalinmobiliario.com/MLC-2278818439-oportunidad-de-inversion-en-providencia-venta-directa-duena-_JM
Venta Depto 2d 1b Patio Amplio Metro C Colon Las Condes,5650.0,232019397.0,67.0,84.33,103.0,2.0,0.0,180000.0,Las Condes,Vaticano,2026-09-28,2026-09-27,https://www.portalinmobiliario.com/MLC-4522141938-venta-depto-2d-1b-patio-amplio-metro-c-colon-las-condes-_JM
"Depto En Venta 2 Dormitorios Y Terraza - Colón, Las Condes",8950.0,367535151.0,106.0,84.43,92.0,2.0,0.0,170000.0,Las Condes,Sebastián Elcano,2026-09-18,2026-09-18,https://www.portalinmobiliario.com/MLC-4491473744-depto-en-venta-2-dormitorios-y-terraza-colon-las-condes-_JM
Venta Depto 1 D Fray Camilo Henriquez - Santiago (5208),2450.0,100610181.0,29.0,84.48,83.0,1.0,0.0,40000.0,Santiago,Santa Isabel,2026-09-28,2026-09-27,https://www.portalinmobiliario.com/MLC-4522115488-venta-depto-1-d-fray-camilo-henriquez-santiago-5208-_JM
Rebajado/las Condes/4d/3b/2 Bodegas/2 Est/terraza Amplia,10900.0,447612642.0,129.0,84.5,,4.0,,,Las Condes,Sebastián Elcano,2026-10-01,,https://www.portalinmobiliario.com/MLC-4526118858-rebajadolas-condes4d3b2-bodegas2-estterraza-amplia-_JM
"Departamento En Venta, 4d Y 3b, Mall Sport, Las Condes",10990.0,451308526.0,130.0,84.54,104.0,4.0,1.0,310000.0,Las Condes,Mall Sport,2026-09-24,2026-09-23,https://www.portalinmobiliario.com/MLC-4510772428-departamento-en-venta-4d-y-3b-mall-sport-las-condes-_JM
3d2b - Cristóbal Colón  - Nor Oriente (172748),10990.0,451308526.0,130.0,84.54,92.0,3.0,1.0,280000.0,Las Condes,Vaticano,2026-09-27,2026-09-26,https://www.portalinmobiliario.com/MLC-4517588570-3d2b-cristobal-colon-nor-oriente-172748-_JM
Departamento Avenida Vicuña Mackenna Id: 150485,2790.0,114572410.0,33.0,84.55,83.0,1.0,1.0,60000.0,Santiago,Santa Isabel,2026-09-21,2026-09-21,https://www.portalinmobiliario.com/MLC-2262132173-departamento-avenida-vicuna-mackenna-id-150485-_JM
"Luminoso Depto 2d/1b 83 Mts2 Total En Venta, Las Condes",6600.0,271031508.0,78.0,84.62,,2.0,,,Las Condes,Vaticano,2026-10-01,,https://www.portalinmobiliario.com/MLC-2285769509-luminoso-depto-2d1b-83-mts2-total-en-venta-las-condes-_JM
Amplio 130 M2 En Las Condes/ Nororiente/3d+ Estar,11000.0,451719180.0,130.0,84.62,104.0,4.0,1.0,240000.0,Las Condes,Mall Sport,2026-09-23,2026-09-22,https://www.portalinmobiliario.com/MLC-4506384326-amplio-130-m2-en-las-condes-nororiente3d-estar-_JM
Ideal Inversion  Metro Irarrazaval,3300.0,135515754.0,39.0,84.62,83.0,2.0,1.0,98000.0,Santiago,Bogotá - Sierra Bella,2026-09-26,2026-09-25,https://www.portalinmobiliario.com/MLC-2275650001-ideal-inversion-metro-irarrazaval-_JM
Dpto En Venta Las Condes 2d Y 2b/ Metro Magallanes,6350.0,260765163.0,75.0,84.67,,2.0,,,Las Condes,Rotonda Atenas,2026-10-01,,https://www.portalinmobiliario.com/MLC-4528547838-dpto-en-venta-las-condes-2d-y-2b-metro-magallanes-_JM
Departamento En Venta En Las Condes,8900.0,365481882.0,105.0,84.76,88.0,4.0,1.0,290000.0,Las Condes,Rotonda Atenas,2026-09-23,2026-09-22,https://www.portalinmobiliario.com/MLC-2267441495-departamento-en-venta-en-las-condes-_JM
Hermoso Departamento Renovado En Providencia  3d+2b+2e+1b,6190.0,254194702.0,73.0,84.79,,3.0,,,Providencia,Manuel Montt,2026-10-01,,https://www.portalinmobiliario.com/MLC-2288275185-hermoso-departamento-renovado-en-providencia-3d2b2e1b-_JM
"Depto Venta. Av. Los Leones, Excelente Precio!!",7295.0,299571947.0,86.0,84.83,86.0,3.0,1.0,217000.0,Providencia,Campus Oriente,2026-09-21,2026-09-21,https://www.portalinmobiliario.com/MLC-2262135337-depto-venta-av-los-leones-excelente-precio-_JM
Departamento Venta 4dorm.3 Baños Metro Manquehue-las Condes,8740.0,358911421.0,103.0,84.85,99.0,4.0,1.0,190000.0,Las Condes,Metro Manquehue - Apumanque,2026-09-23,2026-09-22,https://www.portalinmobiliario.com/MLC-4506283548-departamento-venta-4dorm3-banos-metro-manquehue-las-condes-_JM
Ultimo Precio 7900 Uf Depto 3d-2b La Mejor Ubicacion,7900.0,324416502.0,93.0,84.95,88.0,3.0,1.0,0.0,Las Condes,Rotonda Atenas,2026-09-27,2026-09-26,https://www.portalinmobiliario.com/MLC-2278418237-ultimo-precio-7900-uf-depto-3d-2b-la-mejor-ubicacion-_JM
"Departamento En Venta De 3 Dorm. En Las Condes, Jumbo Bilbao",11900.0,488678022.0,140.0,85.0,92.0,3.0,1.0,400000.0,Las Condes,Vaticano,2026-09-28,2026-09-27,https://www.portalinmobiliario.com/MLC-4522104300-departamento-en-venta-de-3-dorm-en-las-condes-jumbo-bilbao-_JM
Venta Departamento 3hab 3ba Las Condes,11900.0,488678022.0,140.0,85.0,92.0,3.0,2.0,400000.0,Las Condes,Parque Padre Alberto Hurtado,2026-09-26,2026-09-25,https://www.portalinmobiliario.com/MLC-2275655545-venta-departamento-3hab-3ba-las-condes-_JM
Venta Departamento O 3d 2b 1bd Pedro De Valdivia - Providenc,6800.0,279244584.0,80.0,85.0,94.0,3.0,0.0,160.0,Providencia,Pedro De Valdivia,2026-09-20,2026-09-20,https://www.portalinmobiliario.com/MLC-2256990207-venta-departamento-o-3d-2b-1bd-pedro-de-valdivia-providenc-_JM
Amplio Dpto Av Colón 4 Dormitorios 3 Baños,8500.0,349055730.0,100.0,85.0,93.0,4.0,1.0,240000.0,Las Condes,Sebastián Elcano,2026-09-28,2026-09-27,https://www.portalinmobiliario.com/MLC-2282621747-amplio-dpto-av-colon-4-dormitorios-3-banos-_JM
Departamento En Venta De 3 Dorm. En Las Condes,11900.0,488678022.0,140.0,85.0,92.0,3.0,2.0,350000.0,Las Condes,Barrio El Golf,2026-09-25,2026-09-24,https://www.portalinmobiliario.com/MLC-2274093495-departamento-en-venta-de-3-dorm-en-las-condes-_JM
Oportunidad Depto Tipo Estudio En Santa Elena,2210.0,90754490.0,26.0,85.0,83.0,1.0,0.0,80000.0,Santiago,Barrio Diez De Julio,2026-09-21,2026-09-21,https://www.portalinmobiliario.com/MLC-4502083326-oportunidad-depto-tipo-estudio-en-santa-elena-_JM
Depto 1d Con 1est Cerca De Plaza Yungay Y Brasil,2550.0,104716719.0,30.0,85.0,66.0,1.0,1.0,77000.0,Santiago,Barrio Yungay,2026-09-25,2026-09-24,https://www.portalinmobiliario.com/MLC-2274085663-depto-1d-con-1est-cerca-de-plaza-yungay-y-brasil-_JM
Oportunidad En Providencia Depto 3 Dormitorios Con Suite,6300.0,258711894.0,74.0,85.14,85.0,3.0,1.0,120000.0,Providencia,Salvador,2026-09-21,2026-09-21,https://www.portalinmobiliario.com/MLC-2262139709-oportunidad-en-providencia-depto-3-dormitorios-con-suite-_JM
"Lindo Depto.de 3d Y 3b A Pasos Jumbo Bilbao, Las Condes",8600.0,353162268.0,101.0,85.15,95.0,3.0,1.0,250000.0,Las Condes,Vaticano,2026-09-19,2026-09-19,https://www.portalinmobiliario.com/MLC-2256973475-lindo-deptode-3d-y-3b-a-pasos-jumbo-bilbao-las-condes-_JM
Departamento Victor Rae Las Condes,6900.0,283351122.0,81.0,85.19,93.0,3.0,1.0,220000.0,Las Condes,Sebastián Elcano,2026-09-25,2026-09-24,https://www.portalinmobiliario.com/MLC-2273804953-departamento-victor-rae-las-condes-_JM
"Studio Amoblado Barrio Brasil, Con Arriendo Vigente",2300.0,94450374.0,27.0,85.19,74.0,,0.0,65000.0,Santiago,Barrio Brasil,2026-09-25,2026-09-24,https://www.portalinmobiliario.com/MLC-2274085657-studio-amoblado-barrio-brasil-con-arriendo-vigente-_JM
"A Estrenar Willie Arthur 3d, 2b (165068)",6990.0,287047006.0,82.0,85.24,86.0,3.0,1.0,200000.0,Providencia,Inés De Suárez,2026-09-29,2026-09-28,https://www.portalinmobiliario.com/MLC-2282599653-a-estrenar-willie-arthur-3d-2b-165068-_JM
"Metro Bustamante,departamento Duplex.2 Dor",5800.0,238179204.0,68.0,85.29,68.0,2.0,1.0,40000.0,Providencia,Barrio Italia,2026-09-25,2026-09-24,https://www.portalinmobiliario.com/MLC-2273804031-metro-bustamantedepartamento-duplex2-dor-_JM
Oportunidad Rebajado Depto De 4d/3b Con 2e/1b Ideal Familias,9300.0,381908034.0,109.0,85.32,99.0,3.0,2.0,290000.0,Las Condes,Metro Manquehue - Apumanque,2026-09-28,2026-09-27,https://www.portalinmobiliario.com/MLC-4520021854-oportunidad-rebajado-depto-de-4d3b-con-2e1b-ideal-familias-_JM
Departamento En Venta De 4 Dorm. En Las Condes,10500.0,431186490.0,123.0,85.37,92.0,4.0,2.0,230000.0,Las Condes,Rotonda Atenas,2026-09-22,2026-09-22,https://www.portalinmobiliario.com/MLC-2264847767-departamento-en-venta-de-4-dorm-en-las-condes-_JM
Dpto 2d Y 2b A Pasos Del Bosque  (104147),5550.0,227912859.0,65.0,85.38,98.0,2.0,1.0,70000.0,Providencia,Metro Tobalaba - Mall Costanera,2026-09-28,2026-09-27,https://www.portalinmobiliario.com/MLC-4520106220-dpto-2d-y-2b-a-pasos-del-bosque-104147-_JM
"Estudio Moderno En Centro Histórico, Santiago",2220.0,91165144.0,26.0,85.38,72.0,1.0,0.0,100000.0,Santiago,Centro Histórico De Santiago,2026-09-24,2026-09-23,https://www.portalinmobiliario.com/MLC-2270963887-estudio-moderno-en-centro-historico-santiago-_JM
"Estudio Moderno En Centro Histórico, Santiago",2220.0,91165144.0,26.0,85.38,72.0,1.0,0.0,100000.0,Santiago,Centro Histórico De Santiago,2026-09-24,2026-09-23,https://www.portalinmobiliario.com/MLC-2271041181-estudio-moderno-en-centro-historico-santiago-_JM
Duplex/ Mall Sports/3 Dorm/ Remodelado/ Oportunidad/ Piscina,7690.0,315792772.0,90.0,85.44,,3.0,1.0,,Las Condes,Quinchamalí,2026-09-22,2026-09-22,https://www.portalinmobiliario.com/MLC-2265352365-duplex-mall-sports3-dorm-remodelado-oportunidad-piscina-_JM
Departamento En Venta De 2 Dorm. 2 Baños En Las Condes,6500.0,266924970.0,76.0,85.53,,2.0,,,Las Condes,Vaticano,2026-10-01,,https://www.portalinmobiliario.com/MLC-4526067172-departamento-en-venta-de-2-dorm-2-banos-en-las-condes-_JM
Oportunidad: Dos Deptos En Uno! (180634),6500.0,266924970.0,76.0,85.53,98.0,3.0,0.0,190000.0,Providencia,Los Leones,2026-09-28,2026-09-27,https://www.portalinmobiliario.com/MLC-4520105804-oportunidad-dos-deptos-en-uno-180634-_JM
Oportunidad!! Providencia 455 - 2 Dormitorios 1 E 1 B,3850.0,158101713.0,45.0,85.56,,2.0,,,Providencia,Salvador,2026-10-01,,https://www.portalinmobiliario.com/MLC-4528508602-oportunidad-providencia-455-2-dormitorios-1-e-1-b-_JM
Departamento En Venta De 3 Dorm. En Las Condes,11990.0,492373906.0,140.0,85.64,,3.0,,,Las Condes,Metro Escuela Militar,2026-10-01,,https://www.portalinmobiliario.com/MLC-4531647320-departamento-en-venta-de-3-dorm-en-las-condes-_JM
"Venta Departamento En Santiago Centro 2 Dorm,1 Baño, 1 Esta",2999.0,123155075.0,35.0,85.69,,2.0,,,Santiago,San Diego,2026-10-01,,https://www.portalinmobiliario.com/MLC-2283604591-venta-departamento-en-santiago-centro-2-dorm1-bano-1-esta-_JM
Departamento En Venta De 3 Dorm. En Las Condes,8400.0,344949192.0,98.0,85.71,93.0,3.0,,,Las Condes,Rotonda Atenas,2026-09-27,2026-09-26,https://www.portalinmobiliario.com/MLC-4517627456-departamento-en-venta-de-3-dorm-en-las-condes-_JM
"Luminoso, Moderno, Cómodos Espacios, Seguridad, Conectividad",3000.0,123196140.0,35.0,85.71,75.0,1.0,0.0,80000.0,Santiago,Ejército - Toesca,2026-09-29,2026-09-28,https://www.portalinmobiliario.com/MLC-4524195204-luminoso-moderno-comodos-espacios-seguridad-conectividad-_JM
Gran Oportunidad En Las Condes  4d 3b  2 Estac,8490.0,348645076.0,99.0,85.76,95.0,4.0,2.0,395000.0,Las Condes,Vaticano,2026-09-22,2026-09-21,https://www.portalinmobiliario.com/MLC-4505383514-gran-oportunidad-en-las-condes-4d-3b-2-estac-_JM
"Departamento En Venta De 3 Dorm. En Provid, 2 Estacionamient",8500.0,349055730.0,99.0,85.86,95.0,3.0,2.0,220000.0,Providencia,Las Lilas,2026-09-25,2026-09-24,https://www.portalinmobiliario.com/MLC-4513360722-departamento-en-venta-de-3-dorm-en-provid-2-estacionamient-_JM
Departamento En Venta En Santiago,3780.0,155227136.0,44.0,85.91,66.0,2.0,0.0,0.0,Santiago,Parque Los Reyes,2026-09-23,2026-09-22,https://www.portalinmobiliario.com/MLC-2268754167-departamento-en-venta-en-santiago-_JM
Departamento Remodelado 3d 2b Bodega Las Condes,6100.0,250498818.0,71.0,85.92,112.0,3.0,2.0,160000.0,Las Condes,Alonso De Cordova,2026-09-23,2026-09-22,https://www.portalinmobiliario.com/MLC-4509220294-departamento-remodelado-3d-2b-bodega-las-condes-_JM
Ideal Dpto Est Y Gran Bodega 12m2 Metro (173561),2750.0,112929795.0,32.0,85.94,,1.0,,,Santiago,San Diego,2026-10-01,,https://www.portalinmobiliario.com/MLC-4531646206-ideal-dpto-est-y-gran-bodega-12m2-metro-173561-_JM
Dpto 2d Y 1b Cerca Club Providencia (172371),4900.0,201220362.0,57.0,85.96,98.0,2.0,0.0,110000.0,Providencia,Los Leones,2026-09-25,2026-09-24,https://www.portalinmobiliario.com/MLC-4513702372-dpto-2d-y-1b-cerca-club-providencia-172371-_JM
"Tomas Moro, 2 Estacionamientos (rotonda Atenas)",8600.0,353162268.0,100.0,86.0,88.0,3.0,2.0,,Las Condes,Rotonda Atenas,2026-09-21,2026-09-21,https://www.portalinmobiliario.com/MLC-4500846216-tomas-moro-2-estacionamientos-rotonda-atenas-_JM
Lindo Departamento En Pocuro,4300.0,176581134.0,50.0,86.0,113.0,2.0,0.0,85000.0,Providencia,Providencia,2026-09-22,2026-09-21,https://www.portalinmobiliario.com/MLC-2265326897-lindo-departamento-en-pocuro-_JM
Departamento En Venta En Santiago,2581.2,106000000.0,30.0,86.04,74.0,1.0,1.0,0.0,Santiago,Bulnes,2026-09-23,2026-09-22,https://www.portalinmobiliario.com/MLC-2268767125-departamento-en-venta-en-santiago-_JM
Vendo Hermoso Depto A Cuadras Apumanque 3d2b Estbod 9900uf,9900.0,406547262.0,115.0,86.09,,3.0,,,Las Condes,Nueva Las Condes,2026-10-01,,https://www.portalinmobiliario.com/MLC-4530724808-vendo-hermoso-depto-a-cuadras-apumanque-3d2b-estbod-9900uf-_JM
Departamento En Venta Studio Y De 1 Dorm. En Santiago,2583.0,106071877.0,30.0,86.1,,1.0,,,Santiago,Barrio Brasil,2026-10-01,,https://www.portalinmobiliario.com/MLC-2283616765-departamento-en-venta-studio-y-de-1-dorm-en-santiago-_JM
Se Vende 1dormitorio 1baño Y Bodega Domeyko 2010,3100.0,127302678.0,36.0,86.11,,1.0,,,Santiago,Ejército - Toesca,2026-10-01,,https://www.portalinmobiliario.com/MLC-2285732189-se-vende-1dormitorio-1bano-y-bodega-domeyko-2010-_JM
Manuel Mont /  Francisc Bilbao / Estacionamiento / 2 D - 2 B,6200.0,254605356.0,72.0,86.11,,2.0,,,Providencia,Inés De Suárez,2026-10-01,,https://www.portalinmobiliario.com/MLC-4528505736-manuel-mont-francisc-bilbao-estacionamiento-2-d-2-b-_JM
Depto 2d/2b En Providencia | Calle Luis Videla Herrera,5600.0,229966128.0,65.0,86.15,85.0,2.0,1.0,220000.0,Providencia,Campus Oriente,2026-09-18,2026-09-18,https://www.portalinmobiliario.com/MLC-2250555015-depto-2d2b-en-providencia-calle-luis-videla-herrera-_JM
Departamento En Venta De 2 Dorm Mariposa. En Santiago,3450.0,141675561.0,40.0,86.25,83.0,2.0,0.0,120000.0,Santiago,Santa Isabel,2026-09-23,2026-09-22,https://www.portalinmobiliario.com/MLC-2268155739-departamento-en-venta-de-2-dorm-mariposa-en-santiago-_JM
Lindo Departamento Estudio San Francisco,2069.9,85000000.0,24.0,86.25,,1.0,,,Santiago,Parque Almagro,2026-10-01,,https://www.portalinmobiliario.com/MLC-4531680358-lindo-departamento-estudio-san-francisco-_JM
Venta Departamento 3d 2b Con Vista Parque Inés De Suárez,8110.0,333040232.0,94.0,86.28,,3.0,,,Providencia,Inés De Suárez,2026-10-01,,https://www.portalinmobiliario.com/MLC-4530110232-venta-departamento-3d-2b-con-vista-parque-ines-de-suarez-_JM
"Vasco De Gama, Nor Oriente",6300.0,258711894.0,73.0,86.3,103.0,2.0,1.0,140000.0,Las Condes,Sebastián Elcano,2026-09-24,2026-09-23,https://www.portalinmobiliario.com/MLC-4510783838-vasco-de-gama-nor-oriente-_JM
Se Vende Estupendo Depto  1 Dfull Equipado En Parque Almagro,2850.0,117036333.0,33.0,86.36,75.0,1.0,0.0,80000.0,Santiago,,2026-09-24,2026-09-23,https://www.portalinmobiliario.com/MLC-4510769060-se-vende-estupendo-depto-1-dfull-equipado-en-parque-almagro-_JM
Departamento En Venta En Providencia,10890.0,447201988.0,126.0,86.43,91.0,3.0,1.0,420000.0,Providencia,Las Lilas,2026-09-25,2026-09-24,https://www.portalinmobiliario.com/MLC-2274079265-departamento-en-venta-en-providencia-_JM
Vive A Pasos De Tu Oficina Barrio El Golf 4d 3b Las Condes,12100.0,496891098.0,140.0,86.43,92.0,4.0,2.0,250000.0,Las Condes,Barrio El Golf,2026-09-23,2026-09-22,https://www.portalinmobiliario.com/MLC-2268792259-vive-a-pasos-de-tu-oficina-barrio-el-golf-4d-3b-las-condes-_JM
Depto 2d+1b En Barrio París-londres | Gran Oportunidad,4150.0,170421327.0,48.0,86.46,83.0,2.0,0.0,,Santiago,Santa Isabel,2026-09-28,2026-09-27,https://www.portalinmobiliario.com/MLC-4522109918-depto-2d1b-en-barrio-paris-londres-gran-oportunidad-_JM
2d&#43;2b Vive En Providencia,9600.0,394227648.0,111.0,86.49,94.0,2.0,1.0,380000.0,Providencia,Ricardo Lyon Con Las Violetas,2026-09-24,2026-09-23,https://www.portalinmobiliario.com/MLC-4510328990-2d432b-vive-en-providencia-_JM
Oportunidad En Pocuro Precio Rebajado 10.900 Uf,10900.0,447612642.0,126.0,86.51,91.0,4.0,2.0,300000.0,Providencia,Las Lilas,2026-09-22,2026-09-22,https://www.portalinmobiliario.com/MLC-4501920994-oportunidad-en-pocuro-precio-rebajado-10900-uf-_JM
Pocuro / Colegio San Ignacio / Plaza Rio De Janeiro,10900.0,447612642.0,126.0,86.51,91.0,4.0,2.0,350000.0,Providencia,Las Lilas,2026-09-28,2026-09-27,https://www.portalinmobiliario.com/MLC-4522114682-pocuro-colegio-san-ignacio-plaza-rio-de-janeiro-_JM
Plazas/metro Bilbao/ Colegio San Ignacio/colegio San Gabriel,10900.0,447612642.0,126.0,86.51,91.0,4.0,2.0,350000.0,Providencia,Las Lilas,2026-09-22,2026-09-21,https://www.portalinmobiliario.com/MLC-2265352781-plazasmetro-bilbao-colegio-san-ignaciocolegio-san-gabriel-_JM
Departamento En Venta De 1 Dorm. En Santiago,1990.0,81720106.0,23.0,86.52,,1.0,,,Santiago,Centro Histórico De Santiago,2026-10-01,,https://www.portalinmobiliario.com/MLC-2290658207-departamento-en-venta-de-1-dorm-en-santiago-_JM
Para Remodelar! (183412),3895.0,159949655.0,45.0,86.56,154.0,1.0,0.0,120000.0,Providencia,Los Leones,2026-09-22,2026-09-21,https://www.portalinmobiliario.com/MLC-2265351047-para-remodelar-183412-_JM
Gran Oportunidad.4d+3b+2est+edificio Full Equipado,11690.0,480054292.0,135.0,86.59,98.0,4.0,2.0,300000.0,Las Condes,Alto Las Condes,2026-09-22,2026-09-22,https://www.portalinmobiliario.com/MLC-2264457691-gran-oportunidad4d3b2estedificio-full-equipado-_JM
Amplio Y Acogedor En Ricardo Lyon Con Jorge Isaacs,9700.0,398334186.0,112.0,86.61,94.0,6.0,0.0,65000.0,Providencia,Los Leones,2026-09-26,2026-09-25,https://www.portalinmobiliario.com/MLC-2275685097-amplio-y-acogedor-en-ricardo-lyon-con-jorge-isaacs-_JM
Venta Departamento 1 Dorm. En Santiago,2600.0,106769988.0,30.0,86.67,74.0,1.0,0.0,45000.0,Santiago,Parque Almagro,2026-09-23,2026-09-22,https://www.portalinmobiliario.com/MLC-2268149417-venta-departamento-1-dorm-en-santiago-_JM
Amplio A Pasos Del Alto Las Condes,12053.9,495000000.0,139.0,86.72,,4.0,,,Las Condes,Alto Las Condes,2026-10-01,,https://www.portalinmobiliario.com/MLC-2283643627-amplio-a-pasos-del-alto-las-condes-_JM
"Dos Dormitorios, Dos Baños, Gran Terraza, Muy Espacioso",7200.0,295670736.0,83.0,86.75,94.0,2.0,2.0,265000.0,Providencia,Las Lilas,2026-09-23,2026-09-22,https://www.portalinmobiliario.com/MLC-2268752979-dos-dormitorios-dos-banos-gran-terraza-muy-espacioso-_JM
"Dpto Funcional, Excelente Estado, Ubicación (132064)",2950.0,121142871.0,34.0,86.76,83.0,1.0,0.0,55000.0,Santiago,Santa Isabel,2026-09-27,2026-09-26,https://www.portalinmobiliario.com/MLC-4517563308-dpto-funcional-excelente-estado-ubicacion-132064-_JM
Oportunidad Completamente Renovado Colón 2d 2b 1e,7550.0,310043619.0,87.0,86.78,,2.0,1.0,,Las Condes,Las Condes,2026-09-23,2026-09-23,https://www.portalinmobiliario.com/MLC-4509209022-oportunidad-completamente-renovado-colon-2d-2b-1e-_JM
Venta Usado Departamento 3d 2b E B - Las Condes,8950.0,367535151.0,103.0,86.89,95.0,3.0,1.0,0.0,Las Condes,Vaticano,2026-09-20,2026-09-20,https://www.portalinmobiliario.com/MLC-2256990205-venta-usado-departamento-3d-2b-e-b-las-condes-_JM
Barrio El Golf 2d2b1e Buena Vista (173087),9650.0,396280917.0,111.0,86.94,94.0,2.0,1.0,200000.0,Las Condes,Barrio El Golf,2026-09-28,2026-09-27,https://www.portalinmobiliario.com/MLC-4520029598-barrio-el-golf-2d2b1e-buena-vista-173087-_JM
Luminoso Depto Remodelado Cercano A Barrio Italia,6000.0,246392280.0,69.0,86.96,85.0,2.0,1.0,215000.0,Providencia,Barrio Italia,2026-09-25,2026-09-24,https://www.portalinmobiliario.com/MLC-4513651202-luminoso-depto-remodelado-cercano-a-barrio-italia-_JM
Departamento En Venta En Santiago,2609.0,107139576.0,30.0,86.97,66.0,1.0,0.0,1.0,Santiago,Parque Los Reyes,2026-09-23,2026-09-22,https://www.portalinmobiliario.com/MLC-2268792865-departamento-en-venta-en-santiago-_JM
"Estudio Amoblado En Lastarria, Metro Bellas Artes",2436.0,100035266.0,28.0,87.0,,,,,Santiago,Barrio Lastarria,2026-10-01,,https://www.portalinmobiliario.com/MLC-2288563237-estudio-amoblado-en-lastarria-metro-bellas-artes-_JM
Bellas Artes Vista Espectacular Parque Forestal (180460),10880.0,446791334.0,125.0,87.04,79.0,3.0,0.0,140000.0,Santiago,Centro Histórico De Santiago,2026-09-26,2026-09-25,https://www.portalinmobiliario.com/MLC-2275959101-bellas-artes-vista-espectacular-parque-forestal-180460-_JM
Venta Depto 1d/1b - Edificio Albora | Frente A Parque O'higg,2700.0,110876526.0,31.0,87.1,72.0,1.0,0.0,65000.0,Santiago,Parque O'Higgins,2026-09-24,2026-09-23,https://www.portalinmobiliario.com/MLC-4510778672-venta-depto-1d1b-edificio-albora-frente-a-parque-ohigg-_JM
Excelente Inversión A Pasos Metro Parque Almagro (180906),2700.0,110876526.0,31.0,87.1,,1.0,,,Santiago,Parque Almagro,2026-10-01,,https://www.portalinmobiliario.com/MLC-4531645648-excelente-inversion-a-pasos-metro-parque-almagro-180906-_JM
Departamento 4d+3b En El Golf A Pasos Del Metro Alcántara,8450.0,347002461.0,97.0,87.11,95.0,4.0,1.0,150000.0,Las Condes,Barrio El Golf,2026-09-23,2026-09-22,https://www.portalinmobiliario.com/MLC-2267431527-departamento-4d3b-en-el-golf-a-pasos-del-metro-alcantara-_JM
Departamento Con Muy Buenos Espacios En El Golf/burgos,8450.0,347002461.0,97.0,87.11,,4.0,,,Las Condes,Barrio El Golf,2026-10-01,,https://www.portalinmobiliario.com/MLC-2288289623-departamento-con-muy-buenos-espacios-en-el-golfburgos-_JM
Departamento En Venta En Las Condes,10900.0,447612642.0,125.0,87.2,92.0,3.0,1.0,290000.0,Las Condes,Barrio El Golf,2026-09-26,2026-09-25,https://www.portalinmobiliario.com/MLC-2275684449-departamento-en-venta-en-las-condes-_JM
Venta Departamento Familiar 3hab 2ba Las Condes,7850.0,322363233.0,90.0,87.22,95.0,3.0,1.0,190000.0,Las Condes,Vaticano,2026-09-25,2026-09-24,https://www.portalinmobiliario.com/MLC-4513377804-venta-departamento-familiar-3hab-2ba-las-condes-_JM
"Departamento En Venta De 3 Dorm, 2 Esacionam. En Las Condes",8200.0,336736116.0,94.0,87.23,88.0,3.0,2.0,390000.0,Las Condes,Colón Oriente - Vital Apoquindo,2026-09-25,2026-09-24,https://www.portalinmobiliario.com/MLC-2273854809-departamento-en-venta-de-3-dorm-2-esacionam-en-las-condes-_JM
"Neoclásico Francés, Año 1954",8200.0,336736116.0,94.0,87.23,,3.0,,,Providencia,Las Lilas,2026-10-01,,https://www.portalinmobiliario.com/MLC-4528545238-neoclasico-frances-ano-1954-_JM
Acogedor Depto 3d Más Sala Estar,9600.0,394227648.0,110.0,87.27,,3.0,2.0,,Las Condes,Rotonda Atenas,2026-09-22,2026-09-22,https://www.portalinmobiliario.com/MLC-4502658744-acogedor-depto-3d-mas-sala-estar-_JM
"Deptos. Nuevos Studio, 1, 2 Y 3d Con 1 Y 2b Desde Uf 2.182",2182.0,89604659.0,25.0,87.28,79.0,,0.0,65000.0,Santiago,Bogotá - Sierra Bella,2026-09-22,2026-09-22,https://www.portalinmobiliario.com/MLC-2264462527-deptos-nuevos-studio-1-2-y-3d-con-1-y-2b-desde-uf-2182-_JM
Departamento En Santiago,2706.0,111122918.0,31.0,87.29,83.0,1.0,0.0,,Santiago,Santa Isabel,2026-09-23,2026-09-22,https://www.portalinmobiliario.com/MLC-2267436753-departamento-en-santiago-_JM
Departamento En Venta De 3 Dorm. En El Golf,11000.0,451719180.0,126.0,87.3,,3.0,,,Las Condes,Barrio El Golf,2026-10-01,,https://www.portalinmobiliario.com/MLC-2290635301-departamento-en-venta-de-3-dorm-en-el-golf-_JM
Departamento En Venta En Santiago,3667.0,150586748.0,42.0,87.31,66.0,2.0,0.0,0.0,Santiago,Parque Los Reyes,2026-09-23,2026-09-22,https://www.portalinmobiliario.com/MLC-2268767163-departamento-en-venta-en-santiago-_JM
Departamento En Venta En Santiago,2620.0,107591296.0,30.0,87.33,66.0,1.0,0.0,0.0,Santiago,Parque Los Reyes,2026-09-23,2026-09-22,https://www.portalinmobiliario.com/MLC-2268779831-departamento-en-venta-en-santiago-_JM
¡departamento Remodelado En Providencia!,5590.0,229555474.0,64.0,87.34,,2.0,0.0,,Providencia,Inés De Suárez,2026-09-22,2026-09-22,https://www.portalinmobiliario.com/MLC-4505424722-departamento-remodelado-en-providencia-_JM
¡departamento Remodelado En Providencia!,5590.0,229555474.0,64.0,87.34,,2.0,0.0,,Providencia,Campus Oriente,2026-09-25,2026-09-25,https://www.portalinmobiliario.com/MLC-4514951656-departamento-remodelado-en-providencia-_JM
Ventadepartamento Providencia3d 2b 2estacionamientos Bodega,7250.0,297724005.0,83.0,87.35,82.0,3.0,2.0,198000.0,Providencia,Diagonal Oriente/Antonio Varas,2026-09-26,2026-09-25,https://www.portalinmobiliario.com/MLC-2276120225-ventadepartamento-providencia3d-2b-2estacionamientos-bodega-_JM
Amplio Dpto 4 Dorm Y 3 Baños En Las Condes,9000.0,369588420.0,103.0,87.38,99.0,4.0,1.0,190000.0,Las Condes,Metro Manquehue - Apumanque,2026-09-25,2026-09-24,https://www.portalinmobiliario.com/MLC-2274582995-amplio-dpto-4-dorm-y-3-banos-en-las-condes-_JM
Departamento En Venta De 4 Dorm. En Las Condes,10400.0,427079952.0,119.0,87.39,,4.0,,,Las Condes,Alto Las Condes,2026-10-01,,https://www.portalinmobiliario.com/MLC-2290643087-departamento-en-venta-de-4-dorm-en-las-condes-_JM
"Dpto De 4d + 4b En Colon, Vista Despejada!",11800.0,484571484.0,135.0,87.41,,4.0,,,Las Condes,Rotonda Atenas,2026-10-01,,https://www.portalinmobiliario.com/MLC-2290632745-dpto-de-4d-4b-en-colon-vista-despejada-_JM
Vende Depto.3d+3b Cerro Tronador Las Condes (183699),8750.0,359322075.0,100.0,87.5,99.0,3.0,2.0,220000.0,Las Condes,Parque Arauco,2026-09-24,2026-09-23,https://www.portalinmobiliario.com/MLC-4510338598-vende-depto3d3b-cerro-tronador-las-condes-183699-_JM
Remodelado/ Vista Norte Despejada  Y  Con Cancha Tenis,10500.0,431186490.0,120.0,87.5,92.0,4.0,1.0,260000.0,Las Condes,Metro Escuela Militar,2026-09-22,2026-09-21,https://www.portalinmobiliario.com/MLC-2265348381-remodelado-vista-norte-despejada-y-con-cancha-tenis-_JM
"Depto 36 M2, 1d, 1b, Frente Estación Metro Franklin",2800.0,114983064.0,32.0,87.5,72.0,1.0,0.0,58000.0,Santiago,Franklin - Biobío,2026-09-22,2026-09-21,https://www.portalinmobiliario.com/MLC-2265339695-depto-36-m2-1d-1b-frente-estacion-metro-franklin-_JM
Fray Camilo Henriquez,3500.0,143728830.0,40.0,87.5,83.0,2.0,1.0,110000.0,Santiago,Santa Isabel,2026-09-25,2026-09-24,https://www.portalinmobiliario.com/MLC-2273843243-fray-camilo-henriquez-_JM
Amplio Departamento Con Vistas Hermosas Y Jardin (184276),10500.0,431186490.0,120.0,87.5,82.0,3.0,2.0,130000.0,Providencia,Inés De Suárez,2026-09-29,2026-09-28,https://www.portalinmobiliario.com/MLC-4523747640-amplio-departamento-con-vistas-hermosas-y-jardin-184276-_JM
Departamento Remodelado Y Con Buenos Espacios/colón,10500.0,431186490.0,120.0,87.5,,4.0,,,Las Condes,Sebastián Elcano,2026-10-01,,https://www.portalinmobiliario.com/MLC-2288289777-departamento-remodelado-y-con-buenos-espacioscolon-_JM
Venta Departamento Santiago,3590.0,147424714.0,41.0,87.56,66.0,2.0,1.0,2.0,Santiago,Parque Los Reyes,2026-09-24,2026-09-23,https://www.portalinmobiliario.com/MLC-4510783204-venta-departamento-santiago-_JM
"Amplio Depto., Excelente Estado, A Pasos Metro Salvador",9990.0,410243146.0,114.0,87.63,82.0,4.0,1.0,109000.0,Providencia,Salvador,2026-09-27,2026-09-26,https://www.portalinmobiliario.com/MLC-4516309496-amplio-depto-excelente-estado-a-pasos-metro-salvador-_JM
Vista Despejada A La Cordilera - Cristóbal Colón,6850.0,281297853.0,78.0,87.82,103.0,3.0,1.0,130000.0,Las Condes,Vaticano,2026-09-29,2026-09-28,https://www.portalinmobiliario.com/MLC-2282571551-vista-despejada-a-la-cordilera-cristobal-colon-_JM
Departamento En Venta De 3 Dorm. En Las Condes,9400.0,386014572.0,107.0,87.85,,3.0,,,Las Condes,Metro Hernando De Magallanes,2026-10-01,,https://www.portalinmobiliario.com/MLC-4531660044-departamento-en-venta-de-3-dorm-en-las-condes-_JM
Departamento En Venta De 4 Dorm. En Las Condes,10280.0,422152106.0,117.0,87.86,99.0,4.0,1.0,300000.0,Las Condes,Centro Financiero,2026-09-27,2026-09-26,https://www.portalinmobiliario.com/MLC-4517563788-departamento-en-venta-de-4-dorm-en-las-condes-_JM
Departamento En Venta 1d1b En Santiago (184301),2900.0,119089602.0,33.0,87.88,,1.0,,,Santiago,Barrio República,2026-10-01,,https://www.portalinmobiliario.com/MLC-4526118022-departamento-en-venta-1d1b-en-santiago-184301-_JM
Depto 3d 2b 1e 1b Las Condes (181012),8350.0,342895923.0,95.0,87.89,,3.0,,,Las Condes,Parque Arauco,2026-10-01,,https://www.portalinmobiliario.com/MLC-4531658360-depto-3d-2b-1e-1b-las-condes-181012-_JM
"Ideal Cristóbal Colón 2d+1pieza Se Servicio, Cbg",8350.0,342895923.0,95.0,87.89,,3.0,,,Las Condes,Sebastián Elcano,2026-10-01,,https://www.portalinmobiliario.com/MLC-2290658775-ideal-cristobal-colon-2d1pieza-se-servicio-cbg-_JM
Departamento En Venta De 3 Dorm. Mall Plaza Dominicos,8790.0,360964690.0,100.0,87.9,88.0,3.0,1.0,200000.0,Las Condes,,2026-09-22,2026-09-22,https://www.portalinmobiliario.com/MLC-4501924280-departamento-en-venta-de-3-dorm-mall-plaza-dominicos-_JM
"Venta Depto Duplex, Estoril, Las Condes (ve)",10900.0,447612642.0,124.0,87.9,102.0,4.0,1.0,5.0,Las Condes,Estoril,2026-09-28,2026-09-27,https://www.portalinmobiliario.com/MLC-4522130022-venta-depto-duplex-estoril-las-condes-ve-_JM
Departamento 4d 3b En Rotonda Atenas,7300.0,299777274.0,83.0,87.95,,4.0,,,Las Condes,Rotonda Atenas,2026-10-01,,https://www.portalinmobiliario.com/MLC-4527574652-departamento-4d-3b-en-rotonda-atenas-_JM
Venta Departamento  Las Condes Santiago,6250.0,256658625.0,71.0,88.03,,2.0,,,Las Condes,Parque Arauco,2026-10-01,,https://www.portalinmobiliario.com/MLC-2283617365-venta-departamento-las-condes-santiago-_JM
Excelente Ubicación 2d+2b Remodelado (173681),6250.0,256658625.0,71.0,88.03,112.0,2.0,0.0,150000.0,Las Condes,Parque Arauco,2026-09-26,2026-09-25,https://www.portalinmobiliario.com/MLC-2276106811-excelente-ubicacion-2d2b-remodelado-173681-_JM
Departamento En Venta De 3 Dorm. En Providencia,9870.0,405315301.0,112.0,88.12,86.0,3.0,1.0,180000.0,Providencia,Campus Oriente,2026-09-22,2026-09-21,https://www.portalinmobiliario.com/MLC-4505387596-departamento-en-venta-de-3-dorm-en-providencia-_JM
Departamento En Venta De 4 Dorm. Vespucio Martín De Zamora,10928.0,448762473.0,124.0,88.13,92.0,4.0,1.0,66000.0,Las Condes,Vaticano,2026-09-21,2026-09-21,https://www.portalinmobiliario.com/MLC-2262133923-departamento-en-venta-de-4-dorm-vespucio-martin-de-zamora-_JM
"Departamento En Venta, 3d 3b + Estar, Las Condes",11900.0,488678022.0,135.0,88.15,,3.0,,,Las Condes,Sebastián Elcano,2026-10-01,,https://www.portalinmobiliario.com/MLC-4525967288-departamento-en-venta-3d-3b-estar-las-condes-_JM
"Triple Orientación, Remodelado Y Frente A Plaza Alcaldesa",8200.0,336736116.0,93.0,88.17,86.0,4.0,1.0,,Providencia,California,2026-09-21,2026-09-21,https://www.portalinmobiliario.com/MLC-2262137437-triple-orientacion-remodelado-y-frente-a-plaza-alcaldesa-_JM
3d/3b/sala De Estar/2e Metro Geronimo De Alderete,12000.0,492784560.0,136.0,88.24,98.0,3.0,2.0,370000.0,Las Condes,Parque Arauco,2026-09-22,2026-09-21,https://www.portalinmobiliario.com/MLC-4505391356-3d3bsala-de-estar2e-metro-geronimo-de-alderete-_JM
Departamento Con Muy Linda Vista Y Excelentes Acce...,10600.0,435293028.0,120.0,88.33,,4.0,,,Las Condes,Las Condes,2026-10-01,,https://www.portalinmobiliario.com/MLC-4531660492-departamento-con-muy-linda-vista-y-excelentes-acce-_JM
Excelente Ubicación Departamento A Pasos Metro Manquehue.,10600.0,435293028.0,120.0,88.33,,4.0,,,Las Condes,Metro Manquehue - Apumanque,2026-10-01,,https://www.portalinmobiliario.com/MLC-4531671468-excelente-ubicacion-departamento-a-pasos-metro-manquehue-_JM
Departamento En Venta De 3 Dorm. En Providencia,10600.0,435293028.0,120.0,88.33,91.0,3.0,1.0,200000.0,Providencia,Los Leones,2026-09-28,2026-09-27,https://www.portalinmobiliario.com/MLC-2282570393-departamento-en-venta-de-3-dorm-en-providencia-_JM
Remodelado Depto 1d + Escritorio - Isidora Goyenechea,5750.0,236125935.0,65.0,88.46,107.0,1.0,0.0,200000.0,Las Condes,Centro Financiero,2026-09-24,2026-09-23,https://www.portalinmobiliario.com/MLC-4510782056-remodelado-depto-1d-escritorio-isidora-goyenechea-_JM
Departamento Compañía De Jesús Id: 150192,3100.0,127302678.0,35.0,88.57,73.0,1.0,0.0,82000.0,Santiago,Barrio Brasil,2026-09-21,2026-09-21,https://www.portalinmobiliario.com/MLC-4499464304-departamento-compania-de-jesus-id-150192-_JM
Vendo Acogedor Depto 2d 2b En Las Condes (180564),7800.0,320309964.0,88.0,88.64,96.0,2.0,1.0,250000.0,Las Condes,Metro Hernando De Magallanes,2026-09-27,2026-09-26,https://www.portalinmobiliario.com/MLC-4517588248-vendo-acogedor-depto-2d-2b-en-las-condes-180564-_JM
Depto 4d 3b En Manquehue Sur Con Excelente Distribución,9490.0,389710456.0,107.0,88.69,,3.0,,,Las Condes,Rotonda Atenas,2026-10-01,,https://www.portalinmobiliario.com/MLC-4525974542-depto-4d-3b-en-manquehue-sur-con-excelente-distribucion-_JM
Depto 1d / 1b Amoblado / Apto Airbnb (172277),2750.0,112929795.0,31.0,88.71,66.0,1.0,0.0,50000.0,Santiago,Parque Los Reyes,2026-09-25,2026-09-24,https://www.portalinmobiliario.com/MLC-2274583171-depto-1d-1b-amoblado-apto-airbnb-172277-_JM
Vendo Departamento Cristobal Colón/metro C. Colón,7550.0,310043619.0,85.0,88.82,154.0,2.0,1.0,200000.0,Las Condes,Vaticano,2026-09-28,2026-09-27,https://www.portalinmobiliario.com/MLC-4522128586-vendo-departamento-cristobal-colonmetro-c-colon-_JM
Departamento En Venta De 2 Dorm 2 Baños 1 Est 1 Bodega,8000.0,328523040.0,90.0,88.89,86.0,2.0,1.0,250000.0,Providencia,Campus Oriente,2026-09-27,2026-09-26,https://www.portalinmobiliario.com/MLC-4517563864-departamento-en-venta-de-2-dorm-2-banos-1-est-1-bodega-_JM
Exclusivo Edificio- Parque Privado- 150 M Totales,11200.0,459932256.0,126.0,88.89,,3.0,,,Providencia,Los Leones,2026-10-01,,https://www.portalinmobiliario.com/MLC-2290625763-exclusivo-edificio-parque-privado-150-m-totales-_JM
Dp. Con Excelente Vista Y Áreas En Providencia,6400.0,262818432.0,72.0,88.89,68.0,2.0,1.0,250000.0,Providencia,Plaza Italia,2026-09-18,2026-09-18,https://www.portalinmobiliario.com/MLC-2253403731-dp-con-excelente-vista-y-areas-en-providencia-_JM
Solo 4 Deptos Por Piso Privacidad Y Vista Cordillera,6490.0,266514316.0,73.0,88.9,,3.0,,,Las Condes,Rotonda Atenas,2026-10-01,,https://www.portalinmobiliario.com/MLC-2283604503-solo-4-deptos-por-piso-privacidad-y-vista-cordillera-_JM
Departamento En Las Condes/ Alonso De Camargo,8900.0,365481882.0,100.0,89.0,88.0,3.0,1.0,220000.0,Las Condes,Las Condes,2026-09-23,2026-09-22,https://www.portalinmobiliario.com/MLC-2267432437-departamento-en-las-condes-alonso-de-camargo-_JM
Se Vende Depto 1dormitorio Y Estacionamiento,2670.0,109644565.0,30.0,89.0,79.0,1.0,1.0,80000.0,Santiago,Bogotá - Sierra Bella,2026-09-23,2026-09-22,https://www.portalinmobiliario.com/MLC-4506241592-se-vende-depto-1dormitorio-y-estacionamiento-_JM
Departamento En Venta De 2 Dorm. En Providencia,7300.0,299777274.0,82.0,89.02,94.0,2.0,1.0,230000.0,Providencia,Las Lilas,2026-09-23,2026-09-22,https://www.portalinmobiliario.com/MLC-2268792005-departamento-en-venta-de-2-dorm-en-providencia-_JM
Departamento En Venta De 3 Dorm. En Providencia,8280.0,340021346.0,93.0,89.03,,3.0,,,Providencia,Las Lilas,2026-10-01,,https://www.portalinmobiliario.com/MLC-4533650526-departamento-en-venta-de-3-dorm-en-providencia-_JM
"Espectacular Departamento 106 Metros Totales, 3 Dormitorios",8280.0,340021346.0,93.0,89.03,,3.0,,,Providencia,Las Lilas,2026-10-01,,https://www.portalinmobiliario.com/MLC-4531664028-espectacular-departamento-106-metros-totales-3-dormitorios-_JM
Se Vende Gran Departamento  Con Una Vista Nororiente Piso 15,6500.0,266924970.0,73.0,89.04,98.0,3.0,1.0,150000.0,Providencia,Providencia,2026-09-28,2026-09-27,https://www.portalinmobiliario.com/MLC-4522146058-se-vende-gran-departamento-con-una-vista-nororiente-piso-15-_JM
"Pie Paga 3%contado Y 3% En 48 Cuotas, 1d 1b,serrano 157 Stgo",3301.0,135556819.0,37.0,89.22,,1.0,,,Santiago,Bulnes,2026-10-01,,https://www.portalinmobiliario.com/MLC-2285742635-pie-paga-3contado-y-3-en-48-cuotas-1d-1bserrano-157-stgo-_JM
Oportunidad!! Depto. Colón 2d 2b,5800.0,238179204.0,65.0,89.23,,2.0,1.0,,Las Condes,Vaticano,2026-09-28,2026-09-28,https://www.portalinmobiliario.com/MLC-2282622293-oportunidad-depto-colon-2d-2b-_JM
Venta Departamento 3 Dormitorios 3 Baños Las Condes Metro H.,8300.0,340842654.0,93.0,89.25,93.0,3.0,1.0,280000.0,Las Condes,Rotonda Atenas,2026-09-23,2026-09-22,https://www.portalinmobiliario.com/MLC-2267436461-venta-departamento-3-dormitorios-3-banos-las-condes-metro-h-_JM
Departamento En Venta Tipo Estudio Y 1 Dorm. En Santiago,2500.0,102663450.0,28.0,89.29,,1.0,,,Santiago,Calle Santo Domingo,2026-10-01,,https://www.portalinmobiliario.com/MLC-2283603667-departamento-en-venta-tipo-estudio-y-1-dorm-en-santiago-_JM
Venta Depto Barrio El Golf 2 Dormitorios Estacionamiento Bod,6700.0,275138046.0,75.0,89.33,,2.0,,,Las Condes,Barrio El Golf,2026-10-01,,https://www.portalinmobiliario.com/MLC-4530696550-venta-depto-barrio-el-golf-2-dormitorios-estacionamiento-bod-_JM
Av Los Leones / Diego De Almagro / Providencia,6700.0,275138046.0,75.0,89.33,85.0,2.0,1.0,160000.0,Providencia,Campus Oriente,2026-09-22,2026-09-21,https://www.portalinmobiliario.com/MLC-2265361157-av-los-leones-diego-de-almagro-providencia-_JM
Excelente 2d/2b A Pasos De Metro Hernando De Magallanes,5990.0,245981626.0,67.0,89.4,,2.0,,,Las Condes,Metro Hernando De Magallanes,2026-10-01,,https://www.portalinmobiliario.com/MLC-4533855144-excelente-2d2b-a-pasos-de-metro-hernando-de-magallanes-_JM
Departamento En Venta De 2 Dorm. En Providencia,9300.0,381908034.0,104.0,89.42,,2.0,,,Providencia,Suecia // Pocuro,2026-10-01,,https://www.portalinmobiliario.com/MLC-4525972008-departamento-en-venta-de-2-dorm-en-providencia-_JM
Precioso Departamento En Venta Barrio El Golf,9300.0,381908034.0,104.0,89.42,,2.0,,,Las Condes,Barrio El Golf,2026-10-01,,https://www.portalinmobiliario.com/MLC-4530117490-precioso-departamento-en-venta-barrio-el-golf-_JM
Amplio Depto 2d/2b Metro Ines De Suárez,6530.0,268156931.0,73.0,89.45,85.0,2.0,1.0,130000.0,Providencia,Inés De Suárez,2026-09-29,2026-09-28,https://www.portalinmobiliario.com/MLC-2282576213-amplio-depto-2d2b-metro-ines-de-suarez-_JM
Departamento En Venta En Santiago,3400.0,139622292.0,38.0,89.47,83.0,1.0,1.0,110000.0,Santiago,Barrio Lastarria,2026-09-22,2026-09-22,https://www.portalinmobiliario.com/MLC-2264534821-departamento-en-venta-en-santiago-_JM
Departamento En Venta De 3 Dorm. En Providencia,8500.0,349055730.0,95.0,89.47,,3.0,,,Providencia,Las Lilas,2026-10-01,,https://www.portalinmobiliario.com/MLC-4531686042-departamento-en-venta-de-3-dorm-en-providencia-_JM
Departamento En Venta En Santiago,3400.0,139622292.0,38.0,89.47,83.0,1.0,1.0,110000.0,Santiago,Barrio Lastarria,2026-09-28,2026-09-27,https://www.portalinmobiliario.com/MLC-4522128728-departamento-en-venta-en-santiago-_JM
Departamento En Venta De 3 Dorm. En Providencia,9400.0,386014572.0,105.0,89.52,94.0,3.0,2.0,220000.0,Providencia,Pedro De Valdivia,2026-09-22,2026-09-21,https://www.portalinmobiliario.com/MLC-2265361031-departamento-en-venta-de-3-dorm-en-providencia-_JM
Departamento 3d / 2b,7700.0,316203426.0,86.0,89.53,,3.0,1.0,,Las Condes,Sebastián Elcano,2026-09-27,2026-09-27,https://www.portalinmobiliario.com/MLC-2276116067-departamento-3d-2b-_JM
Privilegiada Vista Hacia La Cordillera En Providencia,6000.0,246392280.0,67.0,89.55,68.0,2.0,1.0,160000.0,Providencia,Plaza Italia,2026-09-23,2026-09-22,https://www.portalinmobiliario.com/MLC-2268782401-privilegiada-vista-hacia-la-cordillera-en-providencia-_JM
Espectacular Departamento En Venta Cercano A Metro Manquehue,12100.0,496891098.0,135.0,89.63,98.0,3.0,2.0,0.0,Las Condes,Metro Manquehue - Apumanque,2026-09-28,2026-09-23,https://www.portalinmobiliario.com/MLC-2282582737-espectacular-departamento-en-venta-cercano-a-metro-manquehue-_JM
Departamento En Venta En Manuel Montt Providencia,5200.0,213539976.0,58.0,89.66,,2.0,,,Providencia,Manuel Montt,2026-10-01,,https://www.portalinmobiliario.com/MLC-2290656601-departamento-en-venta-en-manuel-montt-providencia-_JM
Departamento En Venta En Santiago,2690.0,110465872.0,30.0,89.67,66.0,1.0,0.0,0.0,Santiago,Parque Los Reyes,2026-09-23,2026-09-22,https://www.portalinmobiliario.com/MLC-2268779839-departamento-en-venta-en-santiago-_JM
Seguro Departamento A 2 Cuadras De Providencia/ Pedro De Val,6818.0,279983761.0,76.0,89.71,98.0,3.0,0.0,80000.0,Providencia,Pedro De Valdivia,2026-09-29,2026-09-28,https://www.portalinmobiliario.com/MLC-4523772686-seguro-departamento-a-2-cuadras-de-providencia-pedro-de-val-_JM
Oferta Entrega Inmediata Duplex En Venta Metro Bilbao Pocuro,9689.0,397882467.0,108.0,89.71,,2.0,,,Providencia,Metro Bilbao,2026-10-01,,https://www.portalinmobiliario.com/MLC-4531660266-oferta-entrega-inmediata-duplex-en-venta-metro-bilbao-pocuro-_JM
Venta Santiago (63768),3500.0,143728830.0,39.0,89.74,83.0,2.0,1.0,90000.0,Santiago,Santa Isabel,2026-09-26,2026-09-25,https://www.portalinmobiliario.com/MLC-2276119773-venta-santiago-63768-_JM
Metro Irarrázaval - Av. Portugal - Coquimbo,3500.0,143728830.0,39.0,89.74,83.0,2.0,2.0,95000.0,Santiago,Barrio Diez De Julio,2026-09-26,2026-09-25,https://www.portalinmobiliario.com/MLC-2275710445-metro-irarrazaval-av-portugal-coquimbo-_JM
Departamento En Venta De 2 Dormitorios Metro Ñuble.,3500.0,143728830.0,39.0,89.74,,2.0,,,Santiago,,2026-10-01,,https://www.portalinmobiliario.com/MLC-4530728566-departamento-en-venta-de-2-dormitorios-metro-nuble-_JM
Departamento En Venta De 3 Dorm. En Las Condes,7550.0,310043619.0,84.0,89.88,,3.0,,,Las Condes,Colón Oriente - Vital Apoquindo,2026-10-01,,https://www.portalinmobiliario.com/MLC-2290643001-departamento-en-venta-de-3-dorm-en-las-condes-_JM
Dpto De 3 Dormitorios Con Gran Terraza En El Golf,8000.0,328523040.0,89.0,89.89,94.0,3.0,1.0,150000.0,Las Condes,Barrio El Golf,2026-09-22,2026-09-22,https://www.portalinmobiliario.com/MLC-4502663036-dpto-de-3-dormitorios-con-gran-terraza-en-el-golf-_JM
Departamento En Venta De 1 Dorm.1baño 1e Y 1b En Las Condes,4765.0,195676536.0,53.0,89.91,112.0,1.0,1.0,250000.0,Las Condes,Barrio El Golf,2026-09-24,2026-09-23,https://www.portalinmobiliario.com/MLC-2270943305-departamento-en-venta-de-1-dorm1bano-1e-y-1b-en-las-condes-_JM
Depto Studio A Pasos Del Metro Toesca,2069.9,85000000.0,23.0,90.0,74.0,1.0,0.0,60000.0,Santiago,Parque Almagro,2026-09-21,2026-09-21,https://www.portalinmobiliario.com/MLC-4499777114-depto-studio-a-pasos-del-metro-toesca-_JM
Excelente Ubicación (173214),5490.0,225448936.0,61.0,90.0,,2.0,,,Providencia,Salvador,2026-10-01,,https://www.portalinmobiliario.com/MLC-4526093054-excelente-ubicacion-173214-_JM
Deptos De 2d-1b En Eleuterio Ramírez,3422.0,140525730.0,38.0,90.05,83.0,2.0,0.0,67000.0,Santiago,Santa Isabel,2026-09-25,2026-09-24,https://www.portalinmobiliario.com/MLC-4513389134-deptos-de-2d-1b-en-eleuterio-ramirez-_JM
Vendo Departamento Avda. Manquehue Sur Con Alonso De Camargo,6485.0,266308989.0,72.0,90.07,111.0,2.0,1.0,250000.0,Las Condes,Metro Manquehue - Apumanque,2026-09-28,2026-09-27,https://www.portalinmobiliario.com/MLC-4522143452-vendo-departamento-avda-manquehue-sur-con-alonso-de-camargo-_JM
Se Vende Departamento 3d/2b Providencia (143946),8650.0,355215537.0,96.0,90.1,,3.0,,,Providencia,Inés De Suárez,2026-10-01,,https://www.portalinmobiliario.com/MLC-4531683784-se-vende-departamento-3d2b-providencia-143946-_JM
Departamento Con Vista Panorámica Cercano A Vma Y ...,6850.0,281297853.0,76.0,90.13,,3.0,1.0,,Las Condes,Las Condes,2026-09-23,2026-09-23,https://www.portalinmobiliario.com/MLC-2267425007-departamento-con-vista-panoramica-cercano-a-vma-y--_JM
"Venta Departamento 3d + Sala, 2 Est Las Condes",11900.0,488678022.0,132.0,90.15,104.0,3.0,2.0,320000.0,Las Condes,Parque Arauco,2026-09-24,2026-09-23,https://www.portalinmobiliario.com/MLC-4510326630-venta-departamento-3d-sala-2-est-las-condes-_JM
"Depto En Venta Ricardo Lyon,  Moderno",6590.0,270620854.0,73.0,90.27,85.0,2.0,1.0,90000.0,Providencia,Campus Oriente,2026-09-21,2026-09-21,https://www.portalinmobiliario.com/MLC-2264196185-depto-en-venta-ricardo-lyon-moderno-_JM
"3d 2 B, 1 Medio Baño, Sala De Estar, 2e, 1b.",11290.0,463628140.0,125.0,90.32,92.0,3.0,2.0,350000.0,Las Condes,Rotonda Atenas,2026-09-23,2026-09-22,https://www.portalinmobiliario.com/MLC-2267455019-3d-2-b-1-medio-bano-sala-de-estar-2e-1b-_JM
Dpto 4 D Barrio Las Lilas Providencia,10390.0,426669298.0,115.0,90.35,91.0,4.0,1.0,260000.0,Providencia,Las Lilas,2026-09-24,2026-09-23,https://www.portalinmobiliario.com/MLC-4510797916-dpto-4-d-barrio-las-lilas-providencia-_JM
Estudio En Venta| Santiago Centro| Amoblado+ Estacionamiento,1990.0,81720106.0,22.0,90.45,75.0,1.0,1.0,46000.0,Santiago,Bulnes,2026-09-28,2026-09-27,https://www.portalinmobiliario.com/MLC-4522151400-estudio-en-venta-santiago-centro-amoblado-estacionamiento-_JM
Departamento En Venta De 2 Dorm. En Las Condes,9500.0,390121110.0,105.0,90.48,95.0,2.0,1.0,180000.0,Las Condes,Metro Escuela Militar,2026-09-23,2026-09-22,https://www.portalinmobiliario.com/MLC-2268753787-departamento-en-venta-de-2-dorm-en-las-condes-_JM
23268 - Americo Vespucio / Renato Sánchez,9500.0,390121110.0,105.0,90.48,95.0,2.0,0.0,180000.0,Las Condes,Metro Escuela Militar,2026-09-26,2026-09-25,https://www.portalinmobiliario.com/MLC-2275705615-23268-americo-vespucio-renato-sanchez-_JM
"Departamento En Venta De 1, 2 Y 3 Dorm. En Santiago",2805.0,115188391.0,31.0,90.48,,1.0,,,Santiago,Parque O'Higgins,2026-10-01,,https://www.portalinmobiliario.com/MLC-2283642623-departamento-en-venta-de-1-2-y-3-dorm-en-santiago-_JM
Venta Departamento 3d Más Servicio Y Terraza En Las Condes.,9500.0,390121110.0,105.0,90.48,,3.0,,,Las Condes,Sebastián Elcano,2026-10-01,,https://www.portalinmobiliario.com/MLC-2285752285-venta-departamento-3d-mas-servicio-y-terraza-en-las-condes-_JM
Departamento Con Amplios Espacios Y Vista Despejada En Provi,8600.0,353162268.0,95.0,90.53,94.0,3.0,1.0,200000.0,Providencia,Las Lilas,2026-09-28,2026-09-27,https://www.portalinmobiliario.com/MLC-2279873911-departamento-con-amplios-espacios-y-vista-despejada-en-provi-_JM
"Departamento En Venta De 3 Dorm. 2 Baños, &#43;bod. Las Cond",6700.0,275138046.0,74.0,90.54,104.0,3.0,0.0,170000.0,Las Condes,Rotonda Atenas,2026-09-23,2026-09-22,https://www.portalinmobiliario.com/MLC-2268766417-departamento-en-venta-de-3-dorm-2-banos-43bod-las-cond-_JM
Oportunidad/ Colón/3d/2b/bodega/estacionamiento,9600.0,394227648.0,106.0,90.57,,3.0,,,Las Condes,Rotonda Atenas,2026-10-01,,https://www.portalinmobiliario.com/MLC-2290633909-oportunidad-colon3d2bbodegaestacionamiento-_JM
Del Inca - Metro Manquehue,11600.0,476358408.0,128.0,90.62,98.0,4.0,1.0,360000.0,Las Condes,Metro Manquehue - Apumanque,2026-09-28,2026-09-27,https://www.portalinmobiliario.com/MLC-2282592035-del-inca-metro-manquehue-_JM
1 Dor Y 1 Baño Bodega Santiago Metro Irarrazaval,2900.0,119089602.0,32.0,90.62,83.0,1.0,0.0,70000.0,Santiago,Barrio Diez De Julio,2026-09-26,2026-09-25,https://www.portalinmobiliario.com/MLC-2276133113-1-dor-y-1-bano-bodega-santiago-metro-irarrazaval-_JM
Departamento En Venta De 3 Dorm. En Providencia,11790.0,484160830.0,130.0,90.69,91.0,3.0,1.0,200000.0,Providencia,Los Leones,2026-09-28,2026-09-27,https://www.portalinmobiliario.com/MLC-4522129500-departamento-en-venta-de-3-dorm-en-providencia-_JM
Depto. En Venta Las Condes 4d/3b/ 2 Estacionamientos+bodega,10980.0,450897872.0,121.0,90.74,90.0,4.0,2.0,350000.0,Las Condes,Rotonda Atenas,2026-09-23,2026-09-22,https://www.portalinmobiliario.com/MLC-4506281404-depto-en-venta-las-condes-4d3b-2-estacionamientosbodega-_JM
Venta Departamento En Pleno Barrio Las Flores. Providencia,7900.0,324416502.0,87.0,90.8,,3.0,,,Providencia,Las Lilas,2026-10-01,,https://www.portalinmobiliario.com/MLC-4527529260-venta-departamento-en-pleno-barrio-las-flores-providencia-_JM
Departamento En Venta De 3 Dormitorios En Las Condes,7900.0,324416502.0,87.0,90.8,95.0,3.0,0.0,200000.0,Las Condes,Metro Escuela Militar,2026-09-23,2026-09-22,https://www.portalinmobiliario.com/MLC-4509221266-departamento-en-venta-de-3-dormitorios-en-las-condes-_JM
En Muy Buen Estado Y Dos Estacionamientos (180085),7900.0,324416502.0,87.0,90.8,93.0,3.0,2.0,0.0,Las Condes,Rotonda Atenas,2026-09-23,2026-09-22,https://www.portalinmobiliario.com/MLC-4507130756-en-muy-buen-estado-y-dos-estacionamientos-180085-_JM
Oportunidad! 3 Dorm. En Providencia,7900.0,324416502.0,87.0,90.8,,3.0,,,Providencia,Las Lilas,2026-10-01,,https://www.portalinmobiliario.com/MLC-2285748773-oportunidad-3-dorm-en-providencia-_JM
Departamento En Venta De 3 Dorm. En Las Condes,7900.0,324416502.0,87.0,90.8,95.0,3.0,1.0,180000.0,Las Condes,Vaticano,2026-09-22,2026-09-22,https://www.portalinmobiliario.com/MLC-4502772664-departamento-en-venta-de-3-dorm-en-las-condes-_JM
Remodelado (2 Estacionamientos)- Vespucio Sur /cuenca,9990.0,410243146.0,110.0,90.82,95.0,3.0,2.0,260000.0,Las Condes,Metro Escuela Militar,2026-09-23,2026-09-22,https://www.portalinmobiliario.com/MLC-4506386766-remodelado-2-estacionamientos-vespucio-sur-cuenca-_JM
Excepcional Ubicación Excelente Distribución - 3d+s 3b,10900.0,447612642.0,120.0,90.83,,3.0,2.0,,Las Condes,Parque Padre Alberto Hurtado,2026-09-22,2026-09-22,https://www.portalinmobiliario.com/MLC-4505384798-excepcional-ubicacion-excelente-distribucion-3ds-3b-_JM
Venta Remodelado Departamento 4d 3b E B - Las Condes,10900.0,447612642.0,120.0,90.83,90.0,4.0,1.0,0.0,Las Condes,Rotonda Atenas,2026-09-20,2026-09-20,https://www.portalinmobiliario.com/MLC-2256990177-venta-remodelado-departamento-4d-3b-e-b-las-condes-_JM
23022 - Alonso Córdova  / Manquehue,10900.0,447612642.0,120.0,90.83,98.0,2.0,1.0,330000.0,Las Condes,Nueva Las Condes,2026-09-25,2026-09-24,https://www.portalinmobiliario.com/MLC-4514978420-23022-alonso-cordova-manquehue-_JM
Departamento En Venta De 2 Dorm. En Las Condes,7000.0,287457660.0,77.0,90.91,103.0,2.0,0.0,120000.0,Las Condes,Vaticano,2026-09-28,2026-09-27,https://www.portalinmobiliario.com/MLC-4520106888-departamento-en-venta-de-2-dorm-en-las-condes-_JM
Departamento En Venta De 3 Dorm. En Las Condes,10000.0,410653800.0,110.0,90.91,106.0,3.0,1.0,150000.0,Las Condes,Alto Las Condes,2026-09-23,2026-09-22,https://www.portalinmobiliario.com/MLC-2267394745-departamento-en-venta-de-3-dorm-en-las-condes-_JM
Departamento En Venta De 2 Dorm. En Providencia,7000.0,287457660.0,77.0,90.91,98.0,2.0,0.0,220000.0,Providencia,Pedro De Valdivia,2026-09-22,2026-09-22,https://www.portalinmobiliario.com/MLC-4501918832-departamento-en-venta-de-2-dorm-en-providencia-_JM
"Se Vende Departamento Santiago, Metro Irarrázaval",3000.0,123196140.0,33.0,90.91,83.0,1.0,0.0,60000.0,Santiago,Bogotá - Sierra Bella,2026-09-21,2026-09-21,https://www.portalinmobiliario.com/MLC-4501530324-se-vende-departamento-santiago-metro-irarrazaval-_JM
Concepto Innovador En Santiago Centro,4000.0,164261520.0,44.0,90.91,83.0,2.0,0.0,0.0,Santiago,Santa Isabel,2026-09-28,2026-09-27,https://www.portalinmobiliario.com/MLC-4522142390-concepto-innovador-en-santiago-centro-_JM
Departamento En Venta De 3 Dorm. En Las Condes,10200.0,418866876.0,112.0,91.07,,3.0,,,Las Condes,Las Condes,2026-10-01,,https://www.portalinmobiliario.com/MLC-2288289763-departamento-en-venta-de-3-dorm-en-las-condes-_JM
Departamento 3 Dormitorios 2 Baños  Salvador / Sta. Isabel,8200.0,336736116.0,90.0,91.11,,3.0,,,Providencia,Barrio Italia,2026-10-01,,https://www.portalinmobiliario.com/MLC-2285735063-departamento-3-dormitorios-2-banos-salvador-sta-isabel-_JM
Espectacular Departamento Providencia 3d 2b 1e 1b,7750.0,318256695.0,85.0,91.18,94.0,3.0,1.0,270000.0,Providencia,Las Lilas,2026-09-24,2026-09-23,https://www.portalinmobiliario.com/MLC-4509217612-espectacular-departamento-providencia-3d-2b-1e-1b-_JM
Departamento En Venta En Las Condes,7300.0,299777274.0,80.0,91.25,93.0,3.0,1.0,100000.0,Las Condes,Sebastián Elcano,2026-09-20,2026-09-20,https://www.portalinmobiliario.com/MLC-2259919035-departamento-en-venta-en-las-condes-_JM
Depto 2d En Venta Para Remodelar En Providencia,6299.0,258670829.0,69.0,91.29,,2.0,,,Providencia,Las Lilas,2026-10-01,,https://www.portalinmobiliario.com/MLC-4530115812-depto-2d-en-venta-para-remodelar-en-providencia-_JM
Departamento Edificio Carrera Iii Santiago,3200.0,131409216.0,35.0,91.43,74.0,1.0,1.0,110000.0,Santiago,Ejército - Toesca,2026-09-24,2026-09-23,https://www.portalinmobiliario.com/MLC-2271030783-departamento-edificio-carrera-iii-santiago-_JM
Departamento En Tranquilo Barrio,6400.0,262818432.0,70.0,91.43,98.0,2.0,1.0,180000.0,Providencia,Los Leones,2026-09-25,2026-09-24,https://www.portalinmobiliario.com/MLC-2274582599-departamento-en-tranquilo-barrio-_JM
Último Precio - Vista Club De Golf + Amplios Espacios,11890.0,488267368.0,130.0,91.46,99.0,4.0,2.0,300000.0,Las Condes,Centro Financiero,2026-09-22,2026-09-21,https://www.portalinmobiliario.com/MLC-4505429282-ultimo-precio-vista-club-de-golf-amplios-espacios-_JM
Departamento En Venta De 2 Dorm. En Las Condes,7500.0,307990350.0,82.0,91.46,,2.0,,,Las Condes,Sebastián Elcano,2026-10-01,,https://www.portalinmobiliario.com/MLC-2288303159-departamento-en-venta-de-2-dorm-en-las-condes-_JM
"Excelente Ubicacion, Cerca De Servicios , Res (125791)",6860.0,281708507.0,75.0,91.47,98.0,2.0,1.0,200000.0,Las Condes,Barrio El Golf,2026-09-25,2026-09-24,https://www.portalinmobiliario.com/MLC-2274559967-excelente-ubicacion-cerca-de-servicios-res-125791-_JM
Excelente Departamento En Venta 4d Providencia,9700.0,398334186.0,106.0,91.51,94.0,4.0,1.0,380000.0,Providencia,Los Leones,2026-09-27,2026-09-26,https://www.portalinmobiliario.com/MLC-2278418095-excelente-departamento-en-venta-4d-providencia-_JM
Luminoso Y Amplio Departamento En Venta,11990.0,492373906.0,131.0,91.53,,5.0,,,Las Condes,Sebastián Elcano,2026-10-01,,https://www.portalinmobiliario.com/MLC-4531655424-luminoso-y-amplio-departamento-en-venta-_JM
"Departamento 86,2 M En Providencia",6407.0,263105890.0,70.0,91.53,85.0,1.0,1.0,180000.0,Providencia,Manuel Montt,2026-09-25,2026-09-24,https://www.portalinmobiliario.com/MLC-2274578361-departamento-862-m-en-providencia-_JM
Excelente Departamento Martín De Zamora 2 Dormitorios,6600.0,271031508.0,72.0,91.67,,2.0,1.0,,Las Condes,Sebastián Elcano,2026-09-24,2026-09-24,https://www.portalinmobiliario.com/MLC-4510313554-excelente-departamento-martin-de-zamora-2-dormitorios-_JM
Departamento En Venta De 1 Dorm. En Santiago,3300.0,135515754.0,36.0,91.67,83.0,1.0,1.0,85000.0,Santiago,Barrio Lastarria,2026-09-19,2026-09-19,https://www.portalinmobiliario.com/MLC-2256947899-departamento-en-venta-de-1-dorm-en-santiago-_JM
Departamento En Venta De 3 Dorm. En Las Condes,8990.0,369177766.0,98.0,91.73,93.0,3.0,2.0,200000.0,Las Condes,Sebastián Elcano,2026-09-28,2026-09-27,https://www.portalinmobiliario.com/MLC-4522131088-departamento-en-venta-de-3-dorm-en-las-condes-_JM
Venta De Depto. En Sector La Cabaña,9000.0,369588420.0,98.0,91.84,,3.0,,,Las Condes,Mall Sport,2026-10-01,,https://www.portalinmobiliario.com/MLC-4530117774-venta-de-depto-en-sector-la-cabana-_JM
Venta Departamento 2 Dormitorios  A Pasos Metro Alcantara,7350.0,301830543.0,80.0,91.88,95.0,2.0,1.0,180000.0,Las Condes,Barrio El Golf,2026-09-26,2026-09-25,https://www.portalinmobiliario.com/MLC-2276133145-venta-departamento-2-dormitorios-a-pasos-metro-alcantara-_JM
Venta Departamento Dúplex Alcántara Las Condes Santiago,7350.0,301830543.0,80.0,91.88,95.0,2.0,1.0,190000.0,Las Condes,Barrio El Golf,2026-09-23,2026-09-22,https://www.portalinmobiliario.com/MLC-2268754047-venta-departamento-duplex-alcantara-las-condes-santiago-_JM
Amplio 3d Y Servicio Frente A Plaza Isabel La Católica,9100.0,373694958.0,99.0,91.92,95.0,4.0,2.0,400000.0,Las Condes,Vaticano,2026-09-26,2026-09-25,https://www.portalinmobiliario.com/MLC-2275709257-amplio-3d-y-servicio-frente-a-plaza-isabel-la-catolica-_JM
Departamento En Venta De 3 Dorm. En Las Condes,9200.0,377801496.0,100.0,92.0,93.0,3.0,2.0,250000.0,Las Condes,Rotonda Atenas,2026-09-23,2026-09-22,https://www.portalinmobiliario.com/MLC-2268779297-departamento-en-venta-de-3-dorm-en-las-condes-_JM
San Juan De Luz - A Pasos Metro Fco Bilbao (179484),6900.0,283351122.0,75.0,92.0,103.0,2.0,1.0,150000.0,Providencia,Metro Bilbao,2026-09-29,2026-09-28,https://www.portalinmobiliario.com/MLC-2282597635-san-juan-de-luz-a-pasos-metro-fco-bilbao-179484-_JM
Venta Depto  3 Dorm Providencia,6900.0,283351122.0,75.0,92.0,98.0,3.0,1.0,250000.0,Providencia,Pedro De Valdivia,2026-09-25,2026-09-24,https://www.portalinmobiliario.com/MLC-2273809409-venta-depto-3-dorm-providencia-_JM
Venta Piso 2 2d 1b 3500 Uf Eleuterio Ramirez 645,3500.0,143728830.0,38.0,92.11,,2.0,,,Santiago,Santa Isabel,2026-10-01,,https://www.portalinmobiliario.com/MLC-4528542284-venta-piso-2-2d-1b-3500-uf-eleuterio-ramirez-645-_JM
Remodelado Barrio Las Lilas 3d 2b Estac Bodega,8200.0,336736116.0,89.0,92.13,95.0,3.0,1.0,290000.0,Providencia,Las Lilas,2026-09-21,2026-09-21,https://www.portalinmobiliario.com/MLC-4501917264-remodelado-barrio-las-lilas-3d-2b-estac-bodega-_JM
Metro Pedro De Valdivia,5900.0,242285742.0,64.0,92.19,85.0,2.0,1.0,210000.0,Providencia,Inés De Suárez,2026-09-21,2026-09-21,https://www.portalinmobiliario.com/MLC-4499773146-metro-pedro-de-valdivia-_JM
Departamento En Venta En Providencia,5900.0,242285742.0,64.0,92.19,98.0,1.0,0.0,200000.0,Providencia,Los Leones,2026-09-23,2026-09-22,https://www.portalinmobiliario.com/MLC-2268753927-departamento-en-venta-en-providencia-_JM
Oportunidad Estudio Nuevo Sin Uso | A Pasos Metro República,2490.0,102252796.0,27.0,92.22,,1.0,,,Santiago,Ejército - Toesca,2026-10-01,,https://www.portalinmobiliario.com/MLC-2290656847-oportunidad-estudio-nuevo-sin-uso-a-pasos-metro-republica-_JM
"Departamento En Venta De 2d 2b ,bod Y Estac En Ricardo Lyon",6640.0,272674123.0,72.0,92.22,98.0,2.0,1.0,172000.0,Providencia,Los Leones,2026-09-26,2026-09-25,https://www.portalinmobiliario.com/MLC-2275659381-departamento-en-venta-de-2d-2b-bod-y-estac-en-ricardo-lyon-_JM
"Luminoso Departamento Calle Los Alpes, Las Condes",11990.0,492373906.0,130.0,92.23,92.0,4.0,2.0,350000.0,Las Condes,Rotonda Atenas,2026-09-18,2026-09-18,https://www.portalinmobiliario.com/MLC-4490528052-luminoso-departamento-calle-los-alpes-las-condes-_JM
Amplio Departamento Remodelado/luminoso/colón,12000.0,492784560.0,130.0,92.31,92.0,3.0,1.0,190000.0,Las Condes,Sebastián Elcano,2026-09-28,2026-09-23,https://www.portalinmobiliario.com/MLC-2282595441-amplio-departamento-remodeladoluminosocolon-_JM
En Venta Departamento Las Condes (160514),9140.0,375337573.0,99.0,92.32,95.0,4.0,2.0,395000.0,Las Condes,Vaticano,2026-09-26,2026-09-25,https://www.portalinmobiliario.com/MLC-2276119575-en-venta-departamento-las-condes-160514-_JM
Amplio 2d+dependencia| 103 M2| Vista Cordillera,8600.0,353162268.0,93.0,92.47,94.0,2.0,1.0,210000.0,Providencia,Los Leones,2026-09-26,2026-09-25,https://www.portalinmobiliario.com/MLC-2275686461-amplio-2ddependencia-103-m2-vista-cordillera-_JM
Vista Norte Despejada / Manquehue,7400.0,303883812.0,80.0,92.5,,2.0,,,Las Condes,Parque Padre Alberto Hurtado,2026-10-01,,https://www.portalinmobiliario.com/MLC-4528545562-vista-norte-despejada-manquehue-_JM
Venta Usado Departamento 1d 1b - Providencia,3700.0,151941906.0,40.0,92.5,154.0,1.0,0.0,0.0,Providencia,Manuel Montt,2026-09-20,2026-09-20,https://www.portalinmobiliario.com/MLC-2256990203-venta-usado-departamento-1d-1b-providencia-_JM
Departamento En Venta De 2 Dorm. En Providencia,7400.0,303883812.0,80.0,92.5,94.0,2.0,1.0,200000.0,Providencia,Carlos Antunez,2026-09-20,2026-09-20,https://www.portalinmobiliario.com/MLC-4498792366-departamento-en-venta-de-2-dorm-en-providencia-_JM
Departamento En Venta De 2 Dorm. En Providencia,7400.0,303883812.0,80.0,92.5,94.0,2.0,1.0,200000.0,Providencia,Metro Pedro De Valdivia,2026-09-29,2026-09-23,https://www.portalinmobiliario.com/MLC-2282625645-departamento-en-venta-de-2-dorm-en-providencia-_JM
"Nuevo, Espacios Abiertos, 2d, 2b,1e,1b. Pasos Metros Leones",7400.0,303883812.0,80.0,92.5,94.0,2.0,1.0,220000.0,Providencia,Providencia,2026-09-25,2026-09-24,https://www.portalinmobiliario.com/MLC-4513376632-nuevo-espacios-abiertos-2d-2b1e1b-pasos-metros-leones-_JM
Parque Arauco-manquehue 3d -2b !!,9900.0,406547262.0,107.0,92.52,99.0,3.0,1.0,350000.0,Las Condes,Nueva Las Condes,2026-09-25,2026-09-24,https://www.portalinmobiliario.com/MLC-4513376634-parque-arauco-manquehue-3d-2b--_JM
Depto Plaza Las Lilas 2 Dor 2 Baños Estc Bod 90m2 &#43; Serv,6200.0,254605356.0,67.0,92.54,98.0,2.0,1.0,190000.0,Providencia,Las Lilas,2026-09-26,2026-09-25,https://www.portalinmobiliario.com/MLC-2275653601-depto-plaza-las-lilas-2-dor-2-banos-estc-bod-90m2-43-serv-_JM
"Departamento Para Inversión En Venta Piso 22,  Gran Terraza",10180.0,418045568.0,110.0,92.55,93.0,3.0,1.0,255000.0,Las Condes,Rotonda Atenas,2026-09-29,2026-09-22,https://www.portalinmobiliario.com/MLC-4523747054-departamento-para-inversion-en-venta-piso-22-gran-terraza-_JM
"Departamento En Providencia, Moderno, Amplio (157373)",7590.0,311686234.0,82.0,92.56,94.0,2.0,1.0,230000.0,Providencia,Pedro De Valdivia,2026-09-23,2026-09-22,https://www.portalinmobiliario.com/MLC-4507131426-departamento-en-providencia-moderno-amplio-157373-_JM
Departamento Almagro Seminuevo Apto Airbnb Vista Despejada,2500.0,102663450.0,27.0,92.59,83.0,1.0,1.0,80000.0,Santiago,Barrio Diez De Julio,2026-09-25,2026-09-24,https://www.portalinmobiliario.com/MLC-4513403360-departamento-almagro-seminuevo-apto-airbnb-vista-despejada-_JM
Venta Departamento 3d 2b - Las Condes,8150.0,334682847.0,88.0,92.61,99.0,3.0,0.0,0.0,Las Condes,Metro Hernando De Magallanes,2026-09-20,2026-09-20,https://www.portalinmobiliario.com/MLC-2256976701-venta-departamento-3d-2b-las-condes-_JM
"Depto 2d+2b, Vista Panorámica, Terraza, Las Condes",8900.0,365481882.0,96.0,92.71,89.0,,2.0,280.0,Las Condes,Mall Sport,2026-09-22,2026-09-21,https://www.portalinmobiliario.com/MLC-4505442072-depto-2d2b-vista-panoramica-terraza-las-condes-_JM
Departamento De 3d Con Vista Despejada/rotonda Atenas,8900.0,365481882.0,96.0,92.71,,3.0,,,Las Condes,Rotonda Atenas,2026-10-01,,https://www.portalinmobiliario.com/MLC-4530116576-departamento-de-3d-con-vista-despejadarotonda-atenas-_JM
"Tomas Moro, (rotonda Atenas)",8900.0,365481882.0,96.0,92.71,88.0,3.0,1.0,180000.0,Las Condes,Rotonda Atenas,2026-09-21,2026-09-21,https://www.portalinmobiliario.com/MLC-4500846348-tomas-moro-rotonda-atenas-_JM
Las Tranqueras / Av. Kennedy / Estacionamiento / 3 D - 3 B,10200.0,418866876.0,110.0,92.73,106.0,3.0,1.0,190000.0,Las Condes,Alto Las Condes,2026-09-28,2026-09-27,https://www.portalinmobiliario.com/MLC-4519050124-las-tranqueras-av-kennedy-estacionamiento-3-d-3-b-_JM
"Patio Privado, 2 D  2 Baños 2 Estacionamientos",5845.0,240027146.0,63.0,92.78,,2.0,,,Providencia,Inés De Suárez,2026-10-01,,https://www.portalinmobiliario.com/MLC-2288284907-patio-privado-2-d-2-banos-2-estacionamientos-_JM
Departamento En Nevería Las Condes .,9750.0,400387455.0,105.0,92.86,,4.0,,,Las Condes,Metro Escuela Militar,2026-10-01,,https://www.portalinmobiliario.com/MLC-4528530558-departamento-en-neveria-las-condes--_JM
¡vista Despejada! Acogedor Y Luminoso Departamento...,10500.0,431186490.0,113.0,92.92,,4.0,,,Las Condes,Las Condes,2026-10-01,,https://www.portalinmobiliario.com/MLC-4528541942-vista-despejada-acogedor-y-luminoso-departamento-_JM
Contemporaneo Y Moderno Sin Comision (136740),7437.0,305403231.0,80.0,92.96,95.0,2.0,1.0,160000.0,Providencia,Metro Bilbao,2026-09-23,2026-09-22,https://www.portalinmobiliario.com/MLC-4505368178-contemporaneo-y-moderno-sin-comision-136740-_JM
Venta Departamento 4d 3b Colegio Pedro Valdivia Y Lincoln,10600.0,435293028.0,114.0,92.98,104.0,4.0,1.0,270000.0,Las Condes,Mall Sport,2026-09-21,2026-09-21,https://www.portalinmobiliario.com/MLC-2262138871-venta-departamento-4d-3b-colegio-pedro-valdivia-y-lincoln-_JM
Venta Departamento 3d 2b E B - Las Condes,9300.0,381908034.0,100.0,93.0,93.0,3.0,1.0,190000.0,Las Condes,Rotonda Atenas,2026-09-20,2026-09-20,https://www.portalinmobiliario.com/MLC-2256976645-venta-departamento-3d-2b-e-b-las-condes-_JM
Precio On Fire,4000.0,164261520.0,43.0,93.02,113.0,1.0,1.0,,Providencia,Inés De Suárez,2026-09-22,2026-09-21,https://www.portalinmobiliario.com/MLC-4505361538-precio-on-fire-_JM
Departamento En Venta En Santiago,2699.0,110835461.0,29.0,93.07,66.0,1.0,0.0,0.0,Santiago,Parque Los Reyes,2026-09-23,2026-09-22,https://www.portalinmobiliario.com/MLC-2268767165-departamento-en-venta-en-santiago-_JM
Incluye Estacionamiento Y Bodega Metro Irarrazaval Visita Ya,2800.0,114983064.0,30.0,93.33,83.0,1.0,1.0,80000.0,Santiago,Barrio Diez De Julio,2026-09-29,2026-09-24,https://www.portalinmobiliario.com/MLC-4523805774-incluye-estacionamiento-y-bodega-metro-irarrazaval-visita-ya-_JM
"Acogedor, Remodelado, Vista Despejada, 4d3d",9990.0,410243146.0,107.0,93.36,95.0,4.0,2.0,300000.0,Las Condes,Vaticano,2026-09-20,2026-09-20,https://www.portalinmobiliario.com/MLC-4496614120-acogedor-remodelado-vista-despejada-4d3d-_JM
Departamento Arturo Prat Id: 162318,2896.0,118925340.0,31.0,93.42,74.0,1.0,0.0,0.0,Santiago,San Diego,2026-09-21,2026-09-21,https://www.portalinmobiliario.com/MLC-2261827239-departamento-arturo-prat-id-162318-_JM
Depto En Venta Arturo Prat Con Diez De Julio,2896.0,118925340.0,31.0,93.42,74.0,1.0,0.0,,Santiago,San Diego,2026-09-21,2026-09-21,https://www.portalinmobiliario.com/MLC-4499467448-depto-en-venta-arturo-prat-con-diez-de-julio-_JM
A Pasos Mall Sport Y Cantagallo (97780),8690.0,356858152.0,93.0,93.44,102.0,2.0,1.0,180000.0,Las Condes,Mall Sport,2026-09-21,2026-09-21,https://www.portalinmobiliario.com/MLC-2261828607-a-pasos-mall-sport-y-cantagallo-97780-_JM
Venta Departamento Providencia 2d 2b 1 Estac 1bod 69mt2,6450.0,264871701.0,69.0,93.48,85.0,2.0,1.0,180000.0,Providencia,Campus Oriente,2026-09-28,2026-09-27,https://www.portalinmobiliario.com/MLC-4520043268-venta-departamento-providencia-2d-2b-1-estac-1bod-69mt2-_JM
Depto En Venta De 3 Dorm. 2 Baños 1 Est. 1 Bod. Providencia,8700.0,357268806.0,93.0,93.55,94.0,3.0,1.0,0.0,Providencia,Las Lilas,2026-09-23,2026-09-22,https://www.portalinmobiliario.com/MLC-2268753785-depto-en-venta-de-3-dorm-2-banos-1-est-1-bod-providencia-_JM
Oportunidad Única Departamento Familiar En Venta,8700.0,357268806.0,93.0,93.55,94.0,3.0,1.0,270000.0,Providencia,Providencia,2026-09-23,2026-09-22,https://www.portalinmobiliario.com/MLC-2267437983-oportunidad-unica-departamento-familiar-en-venta-_JM
Se Vende Departamento Ricardo Lyon Providencia Conversable,7300.0,299777274.0,78.0,93.59,,2.0,,,Providencia,Los Leones,2026-10-01,,https://www.portalinmobiliario.com/MLC-2291353839-se-vende-departamento-ricardo-lyon-providencia-conversable-_JM
Departamento En Venta De 3 Dorm. En Las Condes,8990.0,369177766.0,96.0,93.65,,3.0,,,Las Condes,Vaticano,2026-10-01,,https://www.portalinmobiliario.com/MLC-4526096860-departamento-en-venta-de-3-dorm-en-las-condes-_JM
"Departamento 2 Dormitorios, Cercano A Metro Escuela Militar.",6090.0,250088164.0,65.0,93.69,,2.0,,,Las Condes,Sebastián Elcano,2026-10-01,,https://www.portalinmobiliario.com/MLC-4531682822-departamento-2-dormitorios-cercano-a-metro-escuela-militar-_JM
"Depto 1d1b Estac Y Bodega, Metro Ines De Suarez, Providencia",4499.0,184753145.0,48.0,93.73,113.0,1.0,1.0,1.0,Providencia,Inés De Suárez,2026-09-22,2026-09-21,https://www.portalinmobiliario.com/MLC-2265348525-depto-1d1b-estac-y-bodega-metro-ines-de-suarez-providencia-_JM
Departamento Compañía De Jesus Id: 154743,3000.0,123196140.0,32.0,93.75,74.0,1.0,0.0,65000.0,Santiago,Barrio Brasil,2026-09-23,2026-09-22,https://www.portalinmobiliario.com/MLC-4507121414-departamento-compania-de-jesus-id-154743-_JM
Comercio Cercano (180076),10500.0,431186490.0,112.0,93.75,93.0,3.0,2.0,150000.0,Las Condes,Rotonda Atenas,2026-09-23,2026-09-22,https://www.portalinmobiliario.com/MLC-4507131056-comercio-cercano-180076-_JM
Amplio Y Moderno Y Vista A La Cordillera Las Condes,12000.0,492784560.0,128.0,93.75,92.0,4.0,2.0,210000.0,Las Condes,Sebastián Elcano,2026-09-24,2026-09-23,https://www.portalinmobiliario.com/MLC-4510755646-amplio-y-moderno-y-vista-a-la-cordillera-las-condes-_JM
Oportunidad De Inversión 1d1b Providencia Metro I De Suarez,3750.0,153995175.0,40.0,93.75,,1.0,,,Providencia,Inés De Suárez,2026-10-01,,https://www.portalinmobiliario.com/MLC-2283617553-oportunidad-de-inversion-1d1b-providencia-metro-i-de-suarez-_JM
"Precioso Depto, Piso Bajo,2 Dormitorios, Excelente Ubicación",7885.0,323800521.0,84.0,93.87,94.0,2.0,0.0,,Providencia,Las Lilas,2026-09-21,2026-09-21,https://www.portalinmobiliario.com/MLC-4499773140-precioso-depto-piso-bajo2-dormitorios-excelente-ubicacion-_JM
Departamento En Venta En Providencia,8450.0,347002461.0,90.0,93.89,94.0,2.0,1.0,180000.0,Providencia,Los Leones,2026-09-28,2026-09-27,https://www.portalinmobiliario.com/MLC-4520106884-departamento-en-venta-en-providencia-_JM
Vive En Providencia Desde 5738 Uf,5728.0,235222497.0,61.0,93.9,85.0,1.0,1.0,180000.0,Providencia,Manuel Montt,2026-09-27,2026-09-26,https://www.portalinmobiliario.com/MLC-2276112991-vive-en-providencia-desde-5738-uf-_JM
"Dpto 3d/3b En El Golf  120 M2, Gran Vista, Vende Dueño",10800.0,443506104.0,115.0,93.91,92.0,3.0,1.0,220000.0,Las Condes,Barrio El Golf,2026-09-24,2026-09-23,https://www.portalinmobiliario.com/MLC-4510755874-dpto-3d3b-en-el-golf-120-m2-gran-vista-vende-dueno-_JM
Departamento Venta Providencia Con Estacionamiento Y Bodega,4977.0,204382396.0,53.0,93.91,,1.0,,,Providencia,Los Leones,2026-10-01,,https://www.portalinmobiliario.com/MLC-4533654004-departamento-venta-providencia-con-estacionamiento-y-bodega-_JM
Vendo Depto 3d 3b 1e 1b / El Golf / Las Condes,10800.0,443506104.0,115.0,93.91,92.0,3.0,1.0,220000.0,Las Condes,Barrio El Golf,2026-09-28,2026-09-27,https://www.portalinmobiliario.com/MLC-4522131238-vendo-depto-3d-3b-1e-1b-el-golf-las-condes-_JM
Venta Departamento 3d 2b E B - Providencia,10800.0,443506104.0,115.0,93.91,91.0,3.0,2.0,0.0,Providencia,Pedro De Valdivia,2026-09-20,2026-09-20,https://www.portalinmobiliario.com/MLC-2256976697-venta-departamento-3d-2b-e-b-providencia-_JM
Te Brindará Una Gran Calidad De Vida,9300.0,381908034.0,99.0,93.94,,3.0,,,Providencia,Los Leones,2026-10-01,,https://www.portalinmobiliario.com/MLC-4530114324-te-brindara-una-gran-calidad-de-vida-_JM
"Departamento En Venta De 3d 3b Providencia, Metro Los Leones",9300.0,381908034.0,99.0,93.94,94.0,3.0,1.0,200000.0,Providencia,Los Leones,2026-09-23,2026-09-22,https://www.portalinmobiliario.com/MLC-2268766727-departamento-en-venta-de-3d-3b-providencia-metro-los-leones-_JM
Remodelado Con Excelente Ubicación En Las Condes,9490.0,389710456.0,101.0,93.96,,3.0,,,Las Condes,Vaticano,2026-10-01,,https://www.portalinmobiliario.com/MLC-2290657485-remodelado-con-excelente-ubicacion-en-las-condes-_JM
Departamento En Venta En Santiago,2727.0,111985291.0,29.0,94.03,66.0,1.0,0.0,0.0,Santiago,Parque Los Reyes,2026-09-23,2026-09-22,https://www.portalinmobiliario.com/MLC-2268779837-departamento-en-venta-en-santiago-_JM
"Depto 3d/3b Remodelado De 101 M², Más Terraza Y Estac.",9500.0,390121110.0,101.0,94.06,95.0,3.0,1.0,210000.0,Las Condes,Vaticano,2026-09-23,2026-09-22,https://www.portalinmobiliario.com/MLC-4509169824-depto-3d3b-remodelado-de-101-m-mas-terraza-y-estac-_JM
"Venta De Home Studio , Santiago",2069.9,85000000.0,22.0,94.09,,1.0,,,Santiago,Barrio Brasil,2026-10-01,,https://www.portalinmobiliario.com/MLC-4530713736-venta-de-home-studio-santiago-_JM
Se Vende Dpto. Sector Parque Arauco,9700.0,398334186.0,103.0,94.17,99.0,2.0,2.0,250000.0,Las Condes,Parque Arauco,2026-09-24,2026-09-23,https://www.portalinmobiliario.com/MLC-4510756172-se-vende-dpto-sector-parque-arauco-_JM
23289 - Parque Araucano / Vista Despejada,9700.0,398334186.0,103.0,94.17,99.0,2.0,1.0,250000.0,Las Condes,Parque Arauco,2026-09-22,2026-09-22,https://www.portalinmobiliario.com/MLC-4501921830-23289-parque-araucano-vista-despejada-_JM
Venta Departamento Amoblado,3390.0,139211638.0,36.0,94.17,,1.0,,,Santiago,Barrio Diez De Julio,2026-10-01,,https://www.portalinmobiliario.com/MLC-4531668284-venta-departamento-amoblado-_JM
Depa 2 Habitaciones Amplias Y 2 Baños Estacionamiento,5650.0,232019397.0,60.0,94.17,98.0,2.0,1.0,0.0,Providencia,Manuel Montt,2026-09-28,2026-09-27,https://www.portalinmobiliario.com/MLC-2280144207-depa-2-habitaciones-amplias-y-2-banos-estacionamiento-_JM
Amplio Depto 1 Dormitorio A Pasos De Metro Colón | La Condes,5090.0,209022784.0,54.0,94.26,,1.0,,,Las Condes,Vaticano,2026-10-01,,https://www.portalinmobiliario.com/MLC-2290641831-amplio-depto-1-dormitorio-a-pasos-de-metro-colon-la-condes-_JM
Departamento En Venta De 4 Dorm. En Las Condes,11500.0,472251870.0,122.0,94.26,92.0,4.0,1.0,150000.0,Las Condes,Sebastián Elcano,2026-09-23,2026-09-22,https://www.portalinmobiliario.com/MLC-2268791677-departamento-en-venta-de-4-dorm-en-las-condes-_JM
Compre Sin Comisión. Metro Escuela Militar. Remodelado,9900.0,406547262.0,105.0,94.29,,2.0,,,Las Condes,Metro Escuela Militar,2026-10-01,,https://www.portalinmobiliario.com/MLC-4526076196-compre-sin-comision-metro-escuela-militar-remodelado-_JM
"Departamento En Venta Studios , 1 Y 2 Dorm. Santiago",2644.0,108576865.0,28.0,94.43,,1.0,,,Santiago,Barrio República,2026-10-01,,https://www.portalinmobiliario.com/MLC-2283603703-departamento-en-venta-studios-1-y-2-dorm-santiago-_JM
Metro Ines De Suarez 3d2b + Est Y Bdga,8500.0,349055730.0,90.0,94.44,,3.0,,,Providencia,Inés De Suárez,2026-10-01,,https://www.portalinmobiliario.com/MLC-2290663629-metro-ines-de-suarez-3d2b-est-y-bdga-_JM
S&k Vende Impecable Depto Metro Inés De Suarez,8500.0,349055730.0,90.0,94.44,86.0,2.0,1.0,350000.0,Providencia,Inés De Suárez,2026-09-21,2026-09-21,https://www.portalinmobiliario.com/MLC-4501917058-sk-vende-impecable-depto-metro-ines-de-suarez-_JM
Gran Departamento/ Espectacular Vista A Stgo/ Av. Pocuro,11900.0,488678022.0,126.0,94.44,91.0,4.0,0.0,350000.0,Providencia,Las Lilas,2026-09-22,2026-09-21,https://www.portalinmobiliario.com/MLC-2265365673-gran-departamento-espectacular-vista-a-stgo-av-pocuro-_JM
Lindo Departamento / Pocuro / Vistas Despejadas,11900.0,488678022.0,126.0,94.44,91.0,4.0,1.0,350000.0,Providencia,Las Lilas,2026-09-22,2026-09-21,https://www.portalinmobiliario.com/MLC-2265339847-lindo-departamento-pocuro-vistas-despejadas-_JM
Depto Remodelado De 1 Gran Dormitorio,8500.0,349055730.0,90.0,94.44,95.0,1.0,0.0,200000.0,Providencia,Las Lilas,2026-09-22,2026-09-22,https://www.portalinmobiliario.com/MLC-4501921732-depto-remodelado-de-1-gran-dormitorio-_JM
Dpto Con Gran Vista En Venta 3d+2b En Las Condes,6800.0,279244584.0,72.0,94.44,104.0,3.0,1.0,250000.0,Las Condes,Rotonda Atenas,2026-09-23,2026-09-22,https://www.portalinmobiliario.com/MLC-4509233258-dpto-con-gran-vista-en-venta-3d2b-en-las-condes-_JM
Departamento En Parque Almagro 2d 2b Mariposa,3590.0,147424714.0,38.0,94.47,75.0,2.0,1.0,110000.0,Santiago,San Diego,2026-09-25,2026-09-24,https://www.portalinmobiliario.com/MLC-2274115583-departamento-en-parque-almagro-2d-2b-mariposa-_JM
Amplio Depto Remodelado En Julio Prado (173406),7000.0,287457660.0,74.0,94.59,,2.0,,,Providencia,Barrio Italia,2026-10-01,,https://www.portalinmobiliario.com/MLC-4528536722-amplio-depto-remodelado-en-julio-prado-173406-_JM
Departamento En Venta De 1 Dorm.metro Manuel Montt,3500.0,143728830.0,37.0,94.59,154.0,1.0,0.0,100000.0,Providencia,Manuel Montt,2026-09-25,2026-09-24,https://www.portalinmobiliario.com/MLC-2273843015-departamento-en-venta-de-1-dormmetro-manuel-montt-_JM
"Precioso Departamento En Martin De Zamora, Las Condes",8523.0,350000000.0,90.0,94.7,95.0,2.0,2.0,200000.0,Las Condes,Sebastián Elcano,2026-09-23,2026-09-22,https://www.portalinmobiliario.com/MLC-2268104885-precioso-departamento-en-martin-de-zamora-las-condes-_JM
Departamento Remodelado Metro Colon,5400.0,221753052.0,57.0,94.74,,3.0,,,Providencia,Las Lilas,2026-10-01,,https://www.portalinmobiliario.com/MLC-2290641581-departamento-remodelado-metro-colon-_JM
"Oportunidad Unica, Depto.3d/2b/2estacionamientos (183563)",7590.0,311686234.0,80.0,94.88,88.0,3.0,2.0,190000.0,Las Condes,Rotonda Atenas,2026-09-24,2026-09-23,https://www.portalinmobiliario.com/MLC-4510301298-oportunidad-unica-depto3d2b2estacionamientos-183563-_JM
Departamento En Venta En Las Condes,8540.0,350698345.0,90.0,94.89,88.0,2.0,1.0,1.0,Las Condes,Colón Oriente - Vital Apoquindo,2026-09-23,2026-09-22,https://www.portalinmobiliario.com/MLC-2268779819-departamento-en-venta-en-las-condes-_JM
Depto En Venta De 1 Dorm. En Providencia A 2 Cuadras Metro,3799.0,156007379.0,40.0,94.98,154.0,1.0,0.0,0.0,Providencia,Manuel Montt,2026-09-21,2026-09-21,https://www.portalinmobiliario.com/MLC-4499775226-depto-en-venta-de-1-dorm-en-providencia-a-2-cuadras-metro-_JM
"9.500 Uf Las Condes, A Pasos De Apoquindo, Cercano A Metro",9500.0,390121110.0,100.0,95.0,155.0,3.0,1.0,190000.0,Las Condes,Nueva Las Condes,2026-09-28,2026-09-27,https://www.portalinmobiliario.com/MLC-4522120798-9500-uf-las-condes-a-pasos-de-apoquindo-cercano-a-metro-_JM
Inversión Segura En Sector Consolidado (176775),9500.0,390121110.0,100.0,95.0,99.0,3.0,2.0,0.0,Las Condes,Metro Escuela Militar,2026-09-25,2026-09-24,https://www.portalinmobiliario.com/MLC-4513701662-inversion-segura-en-sector-consolidado-176775-_JM
Venta Departamento Penthouse 2d 2b - Las Condes,9500.0,390121110.0,100.0,95.0,99.0,2.0,1.0,195000.0,Las Condes,Metro Escuela Militar,2026-09-20,2026-09-20,https://www.portalinmobiliario.com/MLC-4495765536-venta-departamento-penthouse-2d-2b-las-condes-_JM
Impecable Departamento En Excelente Ubicación En Las Condes,9700.0,398334186.0,102.0,95.1,107.0,3.0,2.0,320000.0,Las Condes,Alto Las Condes,2026-09-29,2026-09-28,https://www.portalinmobiliario.com/MLC-2282598229-impecable-departamento-en-excelente-ubicacion-en-las-condes-_JM
Sector Geronimo De Alderete Con Av Presidente Kennedy.,9700.0,398334186.0,102.0,95.1,,3.0,2.0,,Las Condes,Las Condes,2026-09-23,2026-09-23,https://www.portalinmobiliario.com/MLC-2267437955-sector-geronimo-de-alderete-con-av-presidente-kennedy-_JM
Impecable Depto. En Venta De 3 Dormitorios!! Las Condes.,9700.0,398334186.0,102.0,95.1,99.0,3.0,2.0,320000.0,Las Condes,Parque Arauco,2026-09-22,2026-09-22,https://www.portalinmobiliario.com/MLC-4503069596-impecable-depto-en-venta-de-3-dormitorios-las-condes-_JM
Oportunidad Departamento En Venta De 1 Dorm. En Providencia,3900.0,160154982.0,41.0,95.12,154.0,1.0,1.0,120000.0,Providencia,Las Lilas,2026-09-26,2026-09-25,https://www.portalinmobiliario.com/MLC-2275685999-oportunidad-departamento-en-venta-de-1-dorm-en-providencia-_JM
Departamento Neveria - Las Condes (184217),9800.0,402440724.0,103.0,95.15,99.0,3.0,1.0,235000.0,Las Condes,Metro Escuela Militar,2026-09-29,2026-09-28,https://www.portalinmobiliario.com/MLC-2282598289-departamento-neveria-las-condes-184217-_JM
Dpartamento En Venta 3 Dorm. Providencia / Metro M. Montt,9900.0,406547262.0,104.0,95.19,94.0,3.0,2.0,240000.0,Providencia,Pedro De Valdivia,2026-09-23,2026-09-22,https://www.portalinmobiliario.com/MLC-4506280760-dpartamento-en-venta-3-dorm-providencia-metro-m-montt-_JM
"Las Condes, Venta Depto Remodelado, Listo Para Vivir",11900.0,488678022.0,125.0,95.2,92.0,3.0,2.0,380000.0,Las Condes,Rotonda Atenas,2026-09-25,2026-09-24,https://www.portalinmobiliario.com/MLC-2274077739-las-condes-venta-depto-remodelado-listo-para-vivir-_JM
Amplio Departamento Gran Terraza De 70 M2 Los Leones Bilbao,12000.0,492784560.0,126.0,95.24,,3.0,,,Providencia,Campus Oriente,2026-10-01,,https://www.portalinmobiliario.com/MLC-2291353917-amplio-departamento-gran-terraza-de-70-m2-los-leones-bilbao-_JM
Departamento En Venta De 3 Dorm. En Providencia,8100.0,332629578.0,85.0,95.29,,3.0,,,Providencia,Bellavista,2026-10-01,,https://www.portalinmobiliario.com/MLC-4531655304-departamento-en-venta-de-3-dorm-en-providencia-_JM
Baja De Precio: Oportunidad En Las Condes (166131),8960.0,367945805.0,94.0,95.32,93.0,3.0,2.0,280000.0,Las Condes,Rotonda Atenas,2026-09-26,2026-09-25,https://www.portalinmobiliario.com/MLC-2276107023-baja-de-precio-oportunidad-en-las-condes-166131-_JM
Moderno Departamento Con Vista/colón Con Manquehue,8960.0,367945805.0,94.0,95.32,,3.0,,,Las Condes,Rotonda Atenas,2026-10-01,,https://www.portalinmobiliario.com/MLC-2288302611-moderno-departamento-con-vistacolon-con-manquehue-_JM
Gran Oportunidad 1d 1b + Est. Y Bod. (162245),4100.0,168368058.0,43.0,95.35,,1.0,,,Las Condes,Sebastián Elcano,2026-10-01,,https://www.portalinmobiliario.com/MLC-2285730695-gran-oportunidad-1d-1b-est-y-bod-162245-_JM
"Moderno Dúplex Estilo Loft, Providencia",4200.0,172474596.0,44.0,95.45,,1.0,,,Providencia,Manuel Montt,2026-10-01,,https://www.portalinmobiliario.com/MLC-4533906502-moderno-duplex-estilo-loft-providencia-_JM
Excelente Oportunidad...rebajado,10500.0,431186490.0,110.0,95.45,99.0,4.0,1.0,260000.0,Las Condes,Metro Hernando De Magallanes,2026-09-22,2026-09-22,https://www.portalinmobiliario.com/MLC-2264458061-excelente-oportunidadrebajado-_JM
Departamento En Venta Providencia - Ideal Inversión Airbnb,6209.6,255000000.0,65.0,95.53,98.0,2.0,1.0,160000.0,Providencia,Los Leones,2026-09-23,2026-09-22,https://www.portalinmobiliario.com/MLC-4505366984-departamento-en-venta-providencia-ideal-inversion-airbnb-_JM
Mall Alto Las Condes / Cocina Integrada / Áreas Comunes,8790.0,360964690.0,92.0,95.54,107.0,3.0,0.0,230000.0,Las Condes,Kennedy Lateral,2026-09-22,2026-09-21,https://www.portalinmobiliario.com/MLC-4505426020-mall-alto-las-condes-cocina-integrada-areas-comunes-_JM
Departamento En Venta De 3 Dorm. En Las Condes,8790.0,360964690.0,92.0,95.54,107.0,3.0,1.0,260000.0,Las Condes,Alto Las Condes,2026-09-28,2026-09-27,https://www.portalinmobiliario.com/MLC-4522102494-departamento-en-venta-de-3-dorm-en-las-condes-_JM
1 Dormitorio Y 2 Baños En Providencia,5828.0,239329035.0,61.0,95.54,85.0,1.0,1.0,170000.0,Providencia,Manuel Montt,2026-09-25,2026-09-24,https://www.portalinmobiliario.com/MLC-4514084244-1-dormitorio-y-2-banos-en-providencia-_JM
Duplex Coronel Pereria / Neveria,6500.0,266924970.0,68.0,95.59,112.0,2.0,1.0,300000.0,Las Condes,Metro Escuela Militar,2026-09-24,2026-09-23,https://www.portalinmobiliario.com/MLC-4509235732-duplex-coronel-pereria-neveria-_JM
Amplio 2d 2b 1e 1bod / A Pasos De Apoquindo,6800.0,279244584.0,71.0,95.77,111.0,2.0,1.0,130000.0,Las Condes,Metro Manquehue - Apumanque,2026-09-28,2026-09-27,https://www.portalinmobiliario.com/MLC-2281463845-amplio-2d-2b-1e-1bod-a-pasos-de-apoquindo-_JM
Cómodo Departamento En Barrio Las Lilas_ Providencia,6900.0,283351122.0,72.0,95.83,,2.0,,,Providencia,Las Lilas,2026-10-01,,https://www.portalinmobiliario.com/MLC-4530114808-comodo-departamento-en-barrio-las-lilas-providencia-_JM
Departamento En Venta En Santiago,2205.0,90549163.0,23.0,95.87,61.0,,0.0,75000.0,Santiago,CATEDRAL,2026-09-23,2026-09-22,https://www.portalinmobiliario.com/MLC-4506398696-departamento-en-venta-en-santiago-_JM
Edificio San Martín Vista Oriente Piso 10,2781.0,114202822.0,29.0,95.9,,1.0,,,Santiago,Centro Histórico De Santiago,2026-10-01,,https://www.portalinmobiliario.com/MLC-4531630054-edificio-san-martin-vista-oriente-piso-10-_JM
"Hermoso, 2 Dormitorios, Baños, Vista! (173182)",5950.0,244339011.0,62.0,95.97,,2.0,,,Providencia,Manuel Montt,2026-10-01,,https://www.portalinmobiliario.com/MLC-4524172872-hermoso-2-dormitorios-banos-vista-173182-_JM
"3 D, 2 B, 2 Estacionamientos, Departamento Venta Las Condes",7200.0,295670736.0,75.0,96.0,,3.0,,,Las Condes,Rotonda Atenas,2026-10-01,,https://www.portalinmobiliario.com/MLC-4528531764-3-d-2-b-2-estacionamientos-departamento-venta-las-condes-_JM
Oportunidad Departamento En Metro Tobalaba,9600.0,394227648.0,100.0,96.0,94.0,3.0,2.0,200000.0,Providencia,Las Lilas,2026-09-26,2026-09-25,https://www.portalinmobiliario.com/MLC-4515402488-oportunidad-departamento-en-metro-tobalaba-_JM
3d 3b Sala Estar. M Montt Providencia. Aire Acondicionado,9700.0,398334186.0,101.0,96.04,,3.0,,,Providencia,Inés De Suárez,2026-10-01,,https://www.portalinmobiliario.com/MLC-4487264530-3d-3b-sala-estar-m-montt-providencia-aire-acondicionado-_JM
Venta Departamento Santiago,2690.0,110465872.0,28.0,96.07,66.0,1.0,1.0,1.0,Santiago,Parque Los Reyes,2026-09-24,2026-09-23,https://www.portalinmobiliario.com/MLC-4510796284-venta-departamento-santiago-_JM
Departamento En Venta De 3 Dorm. En Viña Del Mar,7690.0,315792772.0,80.0,96.12,,3.0,,,Providencia,Barrio Italia,2026-10-01,,https://www.portalinmobiliario.com/MLC-4526104470-departamento-en-venta-de-3-dorm-en-vina-del-mar-_JM
Remodelado Y Luminoso/ 2 Terrazas/ Mall Sport,10190.0,418456222.0,106.0,96.13,102.0,4.0,3.0,270000.0,Las Condes,Quinchamalí,2026-09-22,2026-09-21,https://www.portalinmobiliario.com/MLC-2265339281-remodelado-y-luminoso-2-terrazas-mall-sport-_JM
Dos Dormitorios Y Dos Baños En Providencia (171520),6250.0,256658625.0,65.0,96.15,85.0,2.0,1.0,200000.0,Providencia,Campus Oriente,2026-09-26,2026-09-25,https://www.portalinmobiliario.com/MLC-2275650813-dos-dormitorios-y-dos-banos-en-providencia-171520-_JM
Departamento En Venta De 1 Ambiente Y Patio. En Santiago,3078.0,126399240.0,32.0,96.19,72.0,1.0,0.0,50000.0,Santiago,Parque O'Higgins,2026-09-28,2026-09-27,https://www.portalinmobiliario.com/MLC-4520030484-departamento-en-venta-de-1-ambiente-y-patio-en-santiago-_JM
Venta Usado Departamento 4d 3b E B - Las Condes,10300.0,422973414.0,107.0,96.26,93.0,4.0,1.0,200000.0,Las Condes,Rotonda Atenas,2026-09-20,2026-09-20,https://www.portalinmobiliario.com/MLC-2256990147-venta-usado-departamento-4d-3b-e-b-las-condes-_JM
Departamento Con Excelente Conectividad (159768),4139.7,170000000.0,43.0,96.27,162.0,1.0,1.0,110000.0,Providencia,Las Lilas,2026-09-22,2026-09-21,https://www.portalinmobiliario.com/MLC-2265344621-departamento-con-excelente-conectividad-159768-_JM
Departamento En Venta En Santiago,2792.0,114654541.0,29.0,96.28,66.0,1.0,0.0,0.0,Santiago,Parque Los Reyes,2026-09-23,2026-09-22,https://www.portalinmobiliario.com/MLC-2268754163-departamento-en-venta-en-santiago-_JM
Departamento En Venta De 3 Dorm. En Providencia,11656.0,478658069.0,121.0,96.33,92.0,3.0,0.0,200000.0,Providencia,Av. Tobalaba - Av. Eliecer Parada,2026-09-18,2026-09-18,https://www.portalinmobiliario.com/MLC-4491473910-departamento-en-venta-de-3-dorm-en-providencia-_JM
Nor Oriente De 3 Dorm. En Providencia,8000.0,328523040.0,83.0,96.39,94.0,3.0,2.0,370000.0,Providencia,Las Lilas,2026-09-23,2026-09-22,https://www.portalinmobiliario.com/MLC-2267449623-nor-oriente-de-3-dorm-en-providencia-_JM
"3 Hab 3 B 1 Estacionamiento, Bodega Y Oficina Privada",9450.0,388067841.0,98.0,96.43,103.0,3.0,1.0,250000.0,Las Condes,Mall Sport,2026-09-25,2026-09-24,https://www.portalinmobiliario.com/MLC-2273839387-3-hab-3-b-1-estacionamiento-bodega-y-oficina-privada-_JM
Depto. 2d Full Remodelado Patio Interior,5790.0,237768550.0,60.0,96.5,98.0,2.0,0.0,90000.0,Providencia,Los Leones,2026-09-29,2026-09-28,https://www.portalinmobiliario.com/MLC-2282590291-depto-2d-full-remodelado-patio-interior-_JM
Departamento En Venta De 2 Dorm. En Las Condes,9650.0,396280917.0,100.0,96.5,94.0,2.0,1.0,247000.0,Las Condes,Barrio El Golf,2026-09-25,2026-09-24,https://www.portalinmobiliario.com/MLC-2274092551-departamento-en-venta-de-2-dorm-en-las-condes-_JM
Apoquindo A Pasos Metro Los Dominicos,5308.6,218000000.0,55.0,96.52,107.0,2.0,1.0,130000.0,Las Condes,Metro Hernando De Magallanes,2026-09-22,2026-09-21,https://www.portalinmobiliario.com/MLC-4505423630-apoquindo-a-pasos-metro-los-dominicos-_JM
Departamento Remodelado Con Excelente Ubicación,6950.0,285404391.0,72.0,96.53,107.0,1.0,0.0,180000.0,Las Condes,Centro Financiero,2026-09-27,2026-09-26,https://www.portalinmobiliario.com/MLC-4516315702-departamento-remodelado-con-excelente-ubicacion-_JM
"79,8 M Con Terraza En Providencia",5896.0,242121480.0,61.0,96.66,85.0,1.0,1.0,170000.0,Providencia,Manuel Montt,2026-09-25,2026-09-24,https://www.portalinmobiliario.com/MLC-2274565767-798-m-con-terraza-en-providencia-_JM
Remodelado Colon / Feliz De Amesti / 10 Min Metro,5800.0,238179204.0,60.0,96.67,103.0,2.0,1.0,150000.0,Las Condes,Sebastián Elcano,2026-09-21,2026-09-21,https://www.portalinmobiliario.com/MLC-2259891859-remodelado-colon-feliz-de-amesti-10-min-metro-_JM
1 Dormitorio 1 Terraza 1 Estacionamiento,2900.0,119089602.0,30.0,96.67,66.0,1.0,1.0,70000.0,Santiago,Barrio Yungay,2026-09-26,2026-09-25,https://www.portalinmobiliario.com/MLC-2275702653-1-dormitorio-1-terraza-1-estacionamiento-_JM
"Amplios Espacios, Terraza, 2 Estacionamientos Y Bodega",10250.0,420920145.0,106.0,96.7,86.0,4.0,2.0,320000.0,Providencia,Inés De Suárez,2026-09-23,2026-09-22,https://www.portalinmobiliario.com/MLC-4509170792-amplios-espacios-terraza-2-estacionamientos-y-bodega-_JM
Hospital Salvador / Barrio Italia / Parque Inés De Suárez,6190.0,254194702.0,64.0,96.72,85.0,3.0,1.0,150000.0,Providencia,Barrio Italia,2026-09-22,2026-09-21,https://www.portalinmobiliario.com/MLC-2265351833-hospital-salvador-barrio-italia-parque-ines-de-suarez-_JM
Amplio Y Espacioso Departamento Los Dominicos (165610),6000.0,246392280.0,62.0,96.77,101.0,2.0,1.0,190000.0,Las Condes,Los Dominicos,2026-09-23,2026-09-22,https://www.portalinmobiliario.com/MLC-4507122804-amplio-y-espacioso-departamento-los-dominicos-165610-_JM
Venta Departamento Providencia,6000.0,246392280.0,62.0,96.77,98.0,2.0,1.0,250000.0,Providencia,Los Leones,2026-09-28,2026-09-27,https://www.portalinmobiliario.com/MLC-4522129202-venta-departamento-providencia-_JM
Espectacular Departamento 2d+2b ( Av Los Leones),6200.0,254605356.0,64.0,96.88,,2.0,,,Providencia,Los Leones,2026-10-01,,https://www.portalinmobiliario.com/MLC-2290679843-espectacular-departamento-2d2b-av-los-leones-_JM
"Providencia, 2 Suites Con Terraza Y Vista",7850.0,322363233.0,81.0,96.91,86.0,2.0,2.0,200000.0,Providencia,Campus Oriente,2026-09-26,2026-09-25,https://www.portalinmobiliario.com/MLC-2276108811-providencia-2-suites-con-terraza-y-vista-_JM
Departamento En Venta De 3 Dorm. En Providencia,9500.0,390121110.0,98.0,96.94,,3.0,,,Providencia,Metro Tobalaba - Mall Costanera,2026-10-01,,https://www.portalinmobiliario.com/MLC-4531651354-departamento-en-venta-de-3-dorm-en-providencia-_JM
Vendemos Depto 1 Dorm - Providencia - 1 Est - 1 Bodega,6399.0,262777367.0,66.0,96.95,98.0,1.0,1.0,90000.0,Providencia,Las Lilas,2026-09-23,2026-09-22,https://www.portalinmobiliario.com/MLC-2268767557-vendemos-depto-1-dorm-providencia-1-est-1-bodega-_JM
Av. Cristóbal Colón / Sebastián Elcano - 2 Estacionamiento,6400.0,262818432.0,66.0,96.97,103.0,2.0,2.0,180000.0,Las Condes,Sebastián Elcano,2026-09-23,2026-09-22,https://www.portalinmobiliario.com/MLC-4506282350-av-cristobal-colon-sebastian-elcano-2-estacionamiento-_JM
En Venta Departamento Avenida Tobalaba- Metro Bilbao,6400.0,262818432.0,66.0,96.97,103.0,2.0,1.0,140000.0,Providencia,Metro Bilbao,2026-09-25,2026-09-24,https://www.portalinmobiliario.com/MLC-4513403278-en-venta-departamento-avenida-tobalaba-metro-bilbao-_JM
"!!oportunidad!!, De Inversión, Excelente Sector Y Plusvalia",9600.0,394227648.0,99.0,96.97,99.0,3.0,2.0,214000.0,Las Condes,Nueva Las Condes,2026-09-22,2026-09-21,https://www.portalinmobiliario.com/MLC-2265361493-oportunidad-de-inversion-excelente-sector-y-plusvalia-_JM
Departamento En Venta De 1 Dorm. En Santiago,2910.0,119500256.0,30.0,97.0,,1.0,,,Santiago,Ejército - Toesca,2026-10-01,,https://www.portalinmobiliario.com/MLC-2283590895-departamento-en-venta-de-1-dorm-en-santiago-_JM
Departamento En Venta De 3 Dorm &#43; 2 Dormitorios Providen,9700.0,398334186.0,100.0,97.0,94.0,3.0,1.0,180000.0,Providencia,Las Lilas,2026-09-18,2026-09-18,https://www.portalinmobiliario.com/MLC-4491473886-departamento-en-venta-de-3-dorm-43-2-dormitorios-providen-_JM
Ubicación Privilegiada En La Rotonda Atenas.,6500.0,266924970.0,67.0,97.01,103.0,2.0,1.0,220000.0,Las Condes,Rotonda Atenas,2026-09-27,2026-09-26,https://www.portalinmobiliario.com/MLC-2276125233-ubicacion-privilegiada-en-la-rotonda-atenas-_JM
¡vive En Las Condes! Dpto. 2d/2b Con Terraza,6500.0,266924970.0,67.0,97.01,114.0,2.0,1.0,270000.0,Las Condes,Estoril,2026-09-22,2026-09-22,https://www.portalinmobiliario.com/MLC-2264464131-vive-en-las-condes-dpto-2d2b-con-terraza-_JM
Se Vende Depatamento En El Corazón De Las Condes,10200.0,418866876.0,105.0,97.14,95.0,2.0,1.0,180000.0,Las Condes,Región Metropolitana.,2026-09-22,2026-09-21,https://www.portalinmobiliario.com/MLC-2265351185-se-vende-depatamento-en-el-corazon-de-las-condes-_JM
Depto2d+estacionamiento Y Bodega Metro Parque Almagro,3400.0,139622292.0,35.0,97.14,,2.0,,,Santiago,San Diego,2026-10-01,,https://www.portalinmobiliario.com/MLC-2288284473-depto2destacionamiento-y-bodega-metro-parque-almagro-_JM
Departamento En Venta De 2 Dorm Las Condes/ Excelente Estado,6800.0,279244584.0,70.0,97.14,,2.0,0.0,,Las Condes,Metro Manquehue - Apumanque,2026-09-25,2026-09-25,https://www.portalinmobiliario.com/MLC-2273818675-departamento-en-venta-de-2-dorm-las-condes-excelente-estado-_JM
Pocuro Con Los Leones. Remodelado,7000.0,287457660.0,72.0,97.22,98.0,2.0,0.0,170000.0,Providencia,Las Lilas,2026-09-18,2026-09-18,https://www.portalinmobiliario.com/MLC-2253750477-pocuro-con-los-leones-remodelado-_JM
¡vive Donde Todo Sucede! Exclusivo Departamento En...,8750.0,359322075.0,90.0,97.22,,2.0,2.0,,Las Condes,Las Condes,2026-09-23,2026-09-23,https://www.portalinmobiliario.com/MLC-2267399321-vive-donde-todo-sucede-exclusivo-departamento-en-_JM
Vida Familiar Entre Jardines Y Montaña En La Dehesa,7490.0,307579696.0,77.0,97.27,110.0,2.0,2.0,220000.0,Las Condes,Mall Sport,2026-09-22,2026-09-21,https://www.portalinmobiliario.com/MLC-4505391034-vida-familiar-entre-jardines-y-montana-en-la-dehesa-_JM
Agradable Departamento En Venta,7490.0,307579696.0,77.0,97.27,,3.0,,,Las Condes,Sebastián Elcano,2026-10-01,,https://www.portalinmobiliario.com/MLC-4531681416-agradable-departamento-en-venta-_JM
Venta Departamento 4 Dorm / Las Condes / Quincho,10900.0,447612642.0,112.0,97.32,95.0,4.0,2.0,300000.0,Las Condes,Metro Escuela Militar,2026-09-20,2026-09-20,https://www.portalinmobiliario.com/MLC-2256976337-venta-departamento-4-dorm-las-condes-quincho-_JM
Venta Departamento  Providencia,9350.0,383961303.0,96.0,97.4,,2.0,,,Providencia,Las Lilas,2026-10-01,,https://www.portalinmobiliario.com/MLC-4526066274-venta-departamento-providencia-_JM
Rotonda Atenas/ Los Pozos C_422359,7500.0,307990350.0,77.0,97.4,103.0,3.0,1.0,140000.0,Las Condes,Rotonda Atenas,2026-09-25,2026-09-24,https://www.portalinmobiliario.com/MLC-4513402640-rotonda-atenas-los-pozos-c422359-_JM
Estudios En Eleuterio Ramírez,2728.0,112026357.0,28.0,97.43,83.0,1.0,0.0,40000.0,Santiago,Santa Isabel,2026-09-25,2026-09-24,https://www.portalinmobiliario.com/MLC-4513363598-estudios-en-eleuterio-ramirez-_JM
"Luminoso Y Acogedor, Cercano A Metro H. De Magallanes",7600.0,312096888.0,78.0,97.44,,3.0,,,Las Condes,Rotonda Atenas,2026-10-01,,https://www.portalinmobiliario.com/MLC-4530113780-luminoso-y-acogedor-cercano-a-metro-h-de-magallanes-_JM
Lindo Dp Remodelado 3d2b3e Jardín Privado Seguridad,8490.0,348645076.0,87.0,97.59,,3.0,3.0,,Las Condes,Sebastián Elcano,2026-09-18,2026-09-18,https://www.portalinmobiliario.com/MLC-4490237308-lindo-dp-remodelado-3d2b3e-jardin-privado-seguridad-_JM
Venta Departamento Amoblado,2343.0,96216185.0,24.0,97.62,,1.0,,,Santiago,Barrio Diez De Julio,2026-10-01,,https://www.portalinmobiliario.com/MLC-4531681394-venta-departamento-amoblado-_JM
Acogedor Departamento Hdo De Aguirre - Eleodoro Yañez,4100.0,168368058.0,42.0,97.62,154.0,1.0,1.0,60000.0,Providencia,Las Lilas,2026-09-23,2026-09-22,https://www.portalinmobiliario.com/MLC-4509220410-acogedor-departamento-hdo-de-aguirre-eleodoro-yanez-_JM
"Studio, Metro U. De Chile Con Estacionamiento!",2149.0,88249502.0,22.0,97.68,74.0,1.0,1.0,30000.0,Santiago,Bulnes,2026-09-22,2026-09-21,https://www.portalinmobiliario.com/MLC-4505435338-studio-metro-u-de-chile-con-estacionamiento-_JM
Departamento En Venta De 4 Dorm. En Las Condes,9400.0,386014572.0,96.0,97.92,96.0,4.0,1.0,285000.0,Las Condes,Alto Las Condes,2026-09-27,2026-09-26,https://www.portalinmobiliario.com/MLC-4517578964-departamento-en-venta-de-4-dorm-en-las-condes-_JM
"Fantásticos Dptos. 1d-1b , Metro Santa Lucía",3232.0,132723308.0,33.0,97.94,83.0,1.0,0.0,50000.0,Santiago,Santa Isabel,2026-09-25,2026-09-24,https://www.portalinmobiliario.com/MLC-4513401994-fantasticos-dptos-1d-1b-metro-santa-lucia-_JM
Departamento En Venta De 3 Dorm. En Providencia,10290.0,422562760.0,105.0,98.0,94.0,3.0,2.0,340000.0,Providencia,Pedro De Valdivia,2026-09-29,2026-09-23,https://www.portalinmobiliario.com/MLC-2282599927-departamento-en-venta-de-3-dorm-en-providencia-_JM
Roberto Del Rio - Vista Despejada,9800.0,402440724.0,100.0,98.0,94.0,4.0,1.0,300000.0,Providencia,Las Lilas,2026-09-23,2026-09-22,https://www.portalinmobiliario.com/MLC-4505394724-roberto-del-rio-vista-despejada-_JM
Espectacular Sector El Golf,10790.0,443095450.0,110.0,98.09,95.0,3.0,1.0,220000.0,Las Condes,Barrio El Golf,2026-09-29,2026-09-28,https://www.portalinmobiliario.com/MLC-4524182470-espectacular-sector-el-golf-_JM
"Dpto Lota, Excelente Conectividad",5690.0,233662012.0,58.0,98.1,,2.0,,,Providencia,Metro Tobalaba - Mall Costanera,2026-10-01,,https://www.portalinmobiliario.com/MLC-2288291005-dpto-lota-excelente-conectividad-_JM
Sanchez Fontecilla / Vaticano,10400.0,427079952.0,106.0,98.11,95.0,4.0,2.0,280000.0,Las Condes,Vaticano,2026-09-26,2026-09-25,https://www.portalinmobiliario.com/MLC-2275609543-sanchez-fontecilla-vaticano-_JM
Departamento En Venta De 2 Dorm. En Av Pdte Riescolas Condes,10800.0,443506104.0,110.0,98.18,99.0,2.0,1.0,0.0,Las Condes,Metro Escuela Militar,2026-09-24,2026-09-23,https://www.portalinmobiliario.com/MLC-4510764830-departamento-en-venta-de-2-dorm-en-av-pdte-riescolas-condes-_JM
Pdte. Riesco / Magdalena / El Golf,10800.0,443506104.0,110.0,98.18,,3.0,,,Las Condes,Barrio El Golf,2026-10-01,,https://www.portalinmobiliario.com/MLC-2285755307-pdte-riesco-magdalena-el-golf-_JM
Departamento Familiar A Pasos Del Metro Gerónimo De Alderete,10800.0,443506104.0,110.0,98.18,,3.0,,,Las Condes,Alto Las Condes,2026-10-01,,https://www.portalinmobiliario.com/MLC-4533927706-departamento-familiar-a-pasos-del-metro-geronimo-de-alderete-_JM
Oportunidad Venta Depto 3 Dormitorios En Avenida Las Condes,8250.0,338789385.0,84.0,98.21,106.0,3.0,1.0,0.0,Las Condes,Alto Las Condes,2026-09-26,2026-09-25,https://www.portalinmobiliario.com/MLC-2275652381-oportunidad-venta-depto-3-dormitorios-en-avenida-las-condes-_JM
"Piscina, Gimnasio, Condominio Cerrado (184387)",8250.0,338789385.0,84.0,98.21,,3.0,,,Las Condes,Avenida Las Condes,2026-10-01,,https://www.portalinmobiliario.com/MLC-4527573886-piscina-gimnasio-condominio-cerrado-184387-_JM
Departamento Con Cómodos Espacios 2d Y 2b,5600.0,229966128.0,57.0,98.25,98.0,2.0,1.0,120000.0,Providencia,Salvador,2026-09-22,2026-09-22,https://www.portalinmobiliario.com/MLC-4502774568-departamento-con-comodos-espacios-2d-y-2b-_JM
Metro Manquehue/colegio Sek,11890.0,488267368.0,121.0,98.26,,3.0,,,Las Condes,Metro Manquehue - Apumanque,2026-10-01,,https://www.portalinmobiliario.com/MLC-2288307819-metro-manquehuecolegio-sek-_JM
"Mejor Sector Del Golf, Solo Dos Departamento Por Piso",11300.0,464038794.0,115.0,98.26,97.0,2.0,2.0,380000.0,Las Condes,Barrio El Golf,2026-09-20,2026-09-20,https://www.portalinmobiliario.com/MLC-4496614106-mejor-sector-del-golf-solo-dos-departamento-por-piso-_JM
Moderno Departamento Con Azotea Privada  Holanda / Pocuro,11500.0,472251870.0,117.0,98.29,82.0,2.0,2.0,350000.0,Providencia,Providencia,2026-09-26,2026-09-25,https://www.portalinmobiliario.com/MLC-2275709987-moderno-departamento-con-azotea-privada-holanda-pocuro-_JM
Departamento Remodelado En Venta De 3 Dorm. En Las Condes,11800.0,484571484.0,120.0,98.33,91.0,3.0,2.0,260000.0,Las Condes,Barrio El Golf,2026-09-24,2026-09-23,https://www.portalinmobiliario.com/MLC-4510313024-departamento-remodelado-en-venta-de-3-dorm-en-las-condes-_JM
Departamento 4 Dorm 2 Suites 3 Baños En Las Condes,11900.0,488678022.0,121.0,98.35,,4.0,,,Las Condes,Metro Manquehue - Apumanque,2026-10-01,,https://www.portalinmobiliario.com/MLC-4531673024-departamento-4-dorm-2-suites-3-banos-en-las-condes-_JM
En Venta Departamento Avenida Tobalaba- Metro Bilbao,6500.0,266924970.0,66.0,98.48,103.0,2.0,1.0,140000.0,Providencia,Metro Bilbao,2026-09-25,2026-09-24,https://www.portalinmobiliario.com/MLC-2274077465-en-venta-departamento-avenida-tobalaba-metro-bilbao-_JM
Departamento En Venta De 3 Dorm. En Las Condes,7190.0,295260082.0,73.0,98.49,98.0,3.0,1.0,185000.0,Las Condes,Barrio El Golf,2026-09-28,2026-09-25,https://www.portalinmobiliario.com/MLC-4522102822-departamento-en-venta-de-3-dorm-en-las-condes-_JM
"Departamento 1d/1b | Barrio Italia, Providencia",3350.0,137569023.0,34.0,98.53,83.0,1.0,0.0,80000.0,Santiago,Santa Isabel,2026-09-20,2026-09-20,https://www.portalinmobiliario.com/MLC-4496586580-departamento-1d1b-barrio-italia-providencia-_JM
"La Mejor Ubicación, Mejor Vista, Full Equipamiento",7700.0,316203426.0,78.0,98.72,110.0,2.0,1.0,250000.0,Las Condes,Mall Sport,2026-09-25,2026-09-24,https://www.portalinmobiliario.com/MLC-2274575717-la-mejor-ubicacion-mejor-vista-full-equipamiento-_JM
Moderno Departamento,3258.0,133791008.0,33.0,98.73,72.0,1.0,0.0,,Santiago,Centro Histórico De Santiago,2026-09-24,2026-09-23,https://www.portalinmobiliario.com/MLC-4509217244-moderno-departamento-_JM
Departamento En Venta De 2 Dorm. En Las Condes,7900.0,324416502.0,80.0,98.75,88.0,2.0,1.0,105000.0,Las Condes,Parque Padre Alberto Hurtado,2026-09-27,2026-09-26,https://www.portalinmobiliario.com/MLC-2278423613-departamento-en-venta-de-2-dorm-en-las-condes-_JM
"Vista Norte, A Pasos De Ines De Suarez",7900.0,324416502.0,80.0,98.75,86.0,2.0,2.0,,Providencia,Inés De Suárez,2026-09-24,2026-09-23,https://www.portalinmobiliario.com/MLC-2271021279-vista-norte-a-pasos-de-ines-de-suarez-_JM
Cómodo Y Limunoso Departamento Cercano Al Metro Lo...,7900.0,324416502.0,80.0,98.75,,3.0,2.0,,Providencia,Providencia,2026-09-23,2026-09-23,https://www.portalinmobiliario.com/MLC-2267424985-comodo-y-limunoso-departamento-cercano-al-metro-lo-_JM
Departamento En Venta De 3 Dorm. En Providencia,7900.0,324416502.0,80.0,98.75,57.0,3.0,2.0,170000.0,Providencia,,2026-09-19,2026-09-19,https://www.portalinmobiliario.com/MLC-4491478800-departamento-en-venta-de-3-dorm-en-providencia-_JM
Venta Departamento 2d Mallsport  - Lo Barnechea,8100.0,332629578.0,82.0,98.78,102.0,2.0,1.0,190000.0,Las Condes,Mall Sport,2026-09-20,2026-09-20,https://www.portalinmobiliario.com/MLC-2256963877-venta-departamento-2d-mallsport-lo-barnechea-_JM
Amplio Y Comodo Departamento En Las Condes,8200.0,336736116.0,83.0,98.8,,3.0,,,Las Condes,Alto Las Condes,2026-10-01,,https://www.portalinmobiliario.com/MLC-4530118940-amplio-y-comodo-departamento-en-las-condes-_JM
Hermoso Departamento En Ricardo Lyon Ñuñoa,8400.0,344949192.0,85.0,98.82,94.0,3.0,1.0,,Providencia,Los Leones,2026-09-21,2026-09-21,https://www.portalinmobiliario.com/MLC-2262135251-hermoso-departamento-en-ricardo-lyon-nunoa-_JM
Vista Despejada 3d 2b Metro Manquehue Las Conds,8500.0,349055730.0,86.0,98.84,,3.0,,,Las Condes,Rotonda Atenas,2026-10-01,,https://www.portalinmobiliario.com/MLC-2290637123-vista-despejada-3d-2b-metro-manquehue-las-conds-_JM
Parque Araucano Departamento En Venta De 3 Dorm. Las Condes,8600.0,353162268.0,87.0,98.85,99.0,3.0,1.0,250000.0,Las Condes,Nueva Las Condes,2026-09-26,2026-09-25,https://www.portalinmobiliario.com/MLC-2275711239-parque-araucano-departamento-en-venta-de-3-dorm-las-condes-_JM
Oportunidad Departamento En Venta De 3 Dorm. Pocuro,10490.0,430775836.0,106.0,98.96,94.0,3.0,1.0,220000.0,Providencia,Las Lilas,2026-09-22,2026-09-21,https://www.portalinmobiliario.com/MLC-4505436224-oportunidad-departamento-en-venta-de-3-dorm-pocuro-_JM
"Pocuro, Dos Estacionamientos",4750.0,195060555.0,48.0,98.96,,2.0,,,Providencia,Metro Bilbao,2026-10-01,,https://www.portalinmobiliario.com/MLC-2290656323-pocuro-dos-estacionamientos-_JM
"Amplio Depto De 2 Dormitorios, Las Malvas (metro Manquehue)",9800.0,402440724.0,99.0,98.99,99.0,2.0,1.0,200000.0,Las Condes,Metro Manquehue - Apumanque,2026-09-18,2026-09-18,https://www.portalinmobiliario.com/MLC-4490281974-amplio-depto-de-2-dormitorios-las-malvas-metro-manquehue-_JM
Dpto Venta 1d 1b Estac Y Bod//metro El Golf,4950.0,203273631.0,50.0,99.0,,1.0,,,Las Condes,,2026-10-01,,https://www.portalinmobiliario.com/MLC-4531673252-dpto-venta-1d-1b-estac-y-bodmetro-el-golf-_JM
Oportunidad // Muy Amplio (183507),10100.0,414760338.0,102.0,99.02,96.0,3.0,1.0,190000.0,Las Condes,Alto Las Condes,2026-09-23,2026-09-22,https://www.portalinmobiliario.com/MLC-2267428071-oportunidad-muy-amplio-183507-_JM
Departamento Cercano Mall Alto Las Condes,10400.0,427079952.0,105.0,99.05,,3.0,,,Las Condes,Alto Las Condes,2026-10-01,,https://www.portalinmobiliario.com/MLC-4525968256-departamento-cercano-mall-alto-las-condes-_JM
Departamento 4 Dormitorios Las Condes,10500.0,431186490.0,106.0,99.06,93.0,4.0,2.0,280000.0,Las Condes,Sebastián Elcano,2026-09-26,2026-09-25,https://www.portalinmobiliario.com/MLC-2275456111-departamento-4-dormitorios-las-condes-_JM
Departamento En Venta- La Gloria-las Condes,10700.0,439399566.0,108.0,99.07,99.0,3.0,1.0,200000.0,Las Condes,Nueva Las Condes,2026-09-21,2026-09-21,https://www.portalinmobiliario.com/MLC-4501917138-departamento-en-venta-la-gloria-las-condes-_JM
Departamento En Venta De 1 Dorm. 1 Baño En Las Condes,5450.0,223806321.0,55.0,99.09,103.0,1.0,1.0,90000.0,Las Condes,Metro Escuela Militar,2026-09-29,2026-09-28,https://www.portalinmobiliario.com/MLC-2282572439-departamento-en-venta-de-1-dorm-1-bano-en-las-condes-_JM
Espectacular Departamento Con Vista Al Cerro San Cristobal,11500.0,472251870.0,116.0,99.14,91.0,4.0,1.0,290000.0,Providencia,Pedro De Valdivia,2026-09-28,2026-09-27,https://www.portalinmobiliario.com/MLC-4522135556-espectacular-departamento-con-vista-al-cerro-san-cristobal-_JM
"Excelente Departamento, Remodelado, Metro, Estac. Y Bodega!",6550.0,268978239.0,66.0,99.24,103.0,2.0,1.0,120000.0,Las Condes,Metro Escuela Militar,2026-09-21,2026-09-21,https://www.portalinmobiliario.com/MLC-2263575061-excelente-departamento-remodelado-metro-estac-y-bodega-_JM
"¡oportunidad!, Ideal Para Remodelar, Excelente Ubicación.",6550.0,268978239.0,66.0,99.24,103.0,2.0,1.0,230000.0,Providencia,Las Lilas,2026-09-23,2026-09-22,https://www.portalinmobiliario.com/MLC-2268793251-oportunidad-ideal-para-remodelar-excelente-ubicacion-_JM
Excelente Conectividad 3d + 2b + E + B  (173449),7650.0,314150157.0,77.0,99.35,,3.0,,,Las Condes,Colón Oriente - Vital Apoquindo,2026-10-01,,https://www.portalinmobiliario.com/MLC-4531646348-excelente-conectividad-3d-2b-e-b-173449-_JM
Departamento En Venta De 2 Dorm. En Las Condes,7750.0,318256695.0,78.0,99.36,103.0,2.0,1.0,180000.0,Las Condes,Sebastián Elcano,2026-09-18,2026-09-18,https://www.portalinmobiliario.com/MLC-4491447836-departamento-en-venta-de-2-dorm-en-las-condes-_JM
Departamento En Venta De 2 Dorm. En Las Condes,5966.1,245000000.0,60.0,99.44,,2.0,,,Las Condes,Barrio El Golf,2026-10-01,,https://www.portalinmobiliario.com/MLC-4526118788-departamento-en-venta-de-2-dorm-en-las-condes-_JM
Lindo Depto En Venta En Parque Almagro 1 Hab 1 Ba,3287.4,135000000.0,33.0,99.62,75.0,1.0,0.0,80000.0,Santiago,San Diego,2026-09-24,2026-09-23,https://www.portalinmobiliario.com/MLC-4510795168-lindo-depto-en-venta-en-parque-almagro-1-hab-1-ba-_JM
Metro Escuela Militar,4590.0,188490094.0,46.0,99.78,170.0,1.0,1.0,105000.0,Las Condes,Metro Escuela Militar,2026-09-24,2026-09-23,https://www.portalinmobiliario.com/MLC-4510799686-metro-escuela-militar-_JM
Oportunidad! 1d+1b Metro Los Militares,4590.0,188490094.0,46.0,99.78,180.0,1.0,1.0,102000.0,Las Condes,Metro Escuela Militar,2026-09-23,2026-09-22,https://www.portalinmobiliario.com/MLC-2267405721-oportunidad-1d1b-metro-los-militares-_JM
Depto Estilo Mariposa 2dorm 2bañ Est Y Bod En Los Leones,6490.0,266514316.0,65.0,99.85,85.0,2.0,1.0,0.0,Providencia,Campus Oriente,2026-09-25,2026-09-24,https://www.portalinmobiliario.com/MLC-2273811383-depto-estilo-mariposa-2dorm-2ban-est-y-bod-en-los-leones-_JM
Departamento En Venta De 2 Dorm. En Providencia,6490.0,266514316.0,65.0,99.85,85.0,2.0,1.0,110000.0,Providencia,Campus Oriente,2026-09-28,2026-09-22,https://www.portalinmobiliario.com/MLC-4522144140-departamento-en-venta-de-2-dorm-en-providencia-_JM
Depto Ideal Inversion Sector De Alta Plusvalía En Las Condes,6990.0,287047006.0,70.0,99.86,152.0,2.0,1.0,170000.0,Las Condes,Metro Hernando De Magallanes,2026-09-24,2026-09-23,https://www.portalinmobiliario.com/MLC-4510795396-depto-ideal-inversion-sector-de-alta-plusvalia-en-las-condes-_JM
"Dptos 1d 2b 1e 1b (oferta) M. Pedro De Valdivia, Providencia",7990.0,328112386.0,80.0,99.88,86.0,2.0,2.0,135000.0,Providencia,Inés De Suárez,2026-09-25,2026-09-24,https://www.portalinmobiliario.com/MLC-4513654084-dptos-1d-2b-1e-1b-oferta-m-pedro-de-valdivia-providencia-_JM
Departamento Hermosa Vista Conectividad 3d 2b  Providencia,9290.0,381497380.0,93.0,99.89,94.0,3.0,1.0,307000.0,Providencia,Las Lilas,2026-09-24,2026-09-23,https://www.portalinmobiliario.com/MLC-4510760686-departamento-hermosa-vista-conectividad-3d-2b-providencia-_JM
Nuevo / Full Electrico,8790.0,360964690.0,88.0,99.89,86.0,3.0,1.0,140000.0,Providencia,Campus Oriente,2026-09-22,2026-09-21,https://www.portalinmobiliario.com/MLC-4505426304-nuevo-full-electrico-_JM
Colón/rotonda Atenas/multiples Áreas Comunes,9990.0,410243146.0,100.0,99.9,93.0,3.0,2.0,280000.0,Las Condes,Rotonda Atenas,2026-09-22,2026-09-21,https://www.portalinmobiliario.com/MLC-4505386086-colonrotonda-atenasmultiples-areas-comunes-_JM
Departamento Con Buenos Espacios Y Vistas/kennedy,9990.0,410243146.0,100.0,99.9,,3.0,,,Las Condes,Alto Las Condes,2026-10-01,,https://www.portalinmobiliario.com/MLC-2288302353-departamento-con-buenos-espacios-y-vistaskennedy-_JM
Departamento En Venta De 3 Dorm. En Las Condes,9990.0,410243146.0,100.0,99.9,,3.0,,,Las Condes,Alto Las Condes,2026-10-01,,https://www.portalinmobiliario.com/MLC-4526121336-departamento-en-venta-de-3-dorm-en-las-condes-_JM
Vendo Depto 4d 3b 2e 1b  / Sebastian Elcano / Las Condes,9990.0,410243146.0,100.0,99.9,,4.0,,,Las Condes,Sebastián Elcano,2026-10-01,,https://www.portalinmobiliario.com/MLC-4526099660-vendo-depto-4d-3b-2e-1b-sebastian-elcano-las-condes-_JM
Departamento En Venta De 3 Dorm. En Las Condes,9990.0,410243146.0,100.0,99.9,,3.0,,,Las Condes,Alto Las Condes,2026-10-01,,https://www.portalinmobiliario.com/MLC-2288294653-departamento-en-venta-de-3-dorm-en-las-condes-_JM
Departamento Con Buenos Espacios En Las Tranqueras,11000.0,451719180.0,110.0,100.0,,3.0,,,Las Condes,Alto Las Condes,2026-10-01,,https://www.portalinmobiliario.com/MLC-2288276317-departamento-con-buenos-espacios-en-las-tranqueras-_JM
Remodelado: Alcántara / Vaticano,8300.0,340842654.0,83.0,100.0,,2.0,,,Las Condes,Vaticano,2026-10-01,,https://www.portalinmobiliario.com/MLC-2288302089-remodelado-alcantara-vaticano-_JM
"Duplex, Moderno, Como Nuevo, Piscina, Gran Azotea, Quincho",7300.0,299777274.0,73.0,100.0,110.0,2.0,1.0,160000.0,Las Condes,Mall Sport,2026-09-28,2026-09-27,https://www.portalinmobiliario.com/MLC-4522116276-duplex-moderno-como-nuevo-piscina-gran-azotea-quincho-_JM
Robinson Crusoe / Las Condes,10000.0,410653800.0,100.0,100.0,,3.0,,,Las Condes,Rotonda Atenas,2026-10-01,,https://www.portalinmobiliario.com/MLC-4526075052-robinson-crusoe-las-condes-_JM
Departamento En Venta De 1 Dorm. En Las Condes,4500.0,184794210.0,45.0,100.0,154.0,1.0,0.0,50000.0,Las Condes,Vaticano,2026-09-27,2026-09-26,https://www.portalinmobiliario.com/MLC-2277776281-departamento-en-venta-de-1-dorm-en-las-condes-_JM
En Venta Departamento 1d+1b Las Condes Metro Colon,3900.0,160154982.0,39.0,100.0,154.0,1.0,0.0,130000.0,Las Condes,Vaticano,2026-09-28,2026-09-27,https://www.portalinmobiliario.com/MLC-4522116668-en-venta-departamento-1d1b-las-condes-metro-colon-_JM
Conectividad Y Comodidad En Elegante Entorno (184205),5700.0,234072666.0,57.0,100.0,98.0,1.0,1.0,200000.0,Providencia,Las Lilas,2026-09-28,2026-09-27,https://www.portalinmobiliario.com/MLC-4522137954-conectividad-y-comodidad-en-elegante-entorno-184205-_JM
Departamento En Venta 1d 1b 1e Y Bodega,3500.0,143728830.0,35.0,100.0,,1.0,,,Providencia,Barrio Italia,2026-10-01,,https://www.portalinmobiliario.com/MLC-4533648928-departamento-en-venta-1d-1b-1e-y-bodega-_JM
Departamento En Venta De 2 Dormitorios Escuela Militar,5500.0,225859590.0,55.0,100.0,112.0,2.0,1.0,230000.0,Las Condes,Metro Escuela Militar,2026-09-22,2026-09-21,https://www.portalinmobiliario.com/MLC-2265335305-departamento-en-venta-de-2-dormitorios-escuela-militar-_JM
Venta Departamento 4 Dormitorios Pocuro En Providencia,12000.0,492784560.0,120.0,100.0,91.0,3.0,2.0,250000.0,Providencia,Los Leones,2026-09-23,2026-09-22,https://www.portalinmobiliario.com/MLC-2268792239-venta-departamento-4-dormitorios-pocuro-en-providencia-_JM
Departamento En Venta De 1 Dorm. En Santiago,2200.0,90343836.0,22.0,100.0,74.0,1.0,1.0,50000.0,Santiago,Bulnes,2026-09-23,2026-09-22,https://www.portalinmobiliario.com/MLC-2268752803-departamento-en-venta-de-1-dorm-en-santiago-_JM
"Alcantara Con M. De Zamora, Vista Al Norte",4200.0,172474596.0,42.0,100.0,155.0,1.0,0.0,150000.0,Las Condes,Vaticano,2026-09-24,2026-09-23,https://www.portalinmobiliario.com/MLC-2271041869-alcantara-con-m-de-zamora-vista-al-norte-_JM
Loft / Luis Thayer Ojeda / Nor - Oriente,5700.0,234072666.0,57.0,100.0,98.0,1.0,1.0,,Providencia,Las Lilas,2026-09-29,2026-09-28,https://www.portalinmobiliario.com/MLC-2282587401-loft-luis-thayer-ojeda-nor-oriente-_JM
"Departamento A Pasos Parque Arauco, Metro Manquehue",7600.0,312096888.0,76.0,100.0,111.0,2.0,2.0,150000.0,Las Condes,Nueva Las Condes,2026-09-26,2026-09-25,https://www.portalinmobiliario.com/MLC-4514092322-departamento-a-pasos-parque-arauco-metro-manquehue-_JM
Venta Departamento 3d 2b - Las Condes,10500.0,431186490.0,105.0,100.0,107.0,3.0,0.0,260000.0,Las Condes,Alto Las Condes,2026-09-20,2026-09-20,https://www.portalinmobiliario.com/MLC-4495765502-venta-departamento-3d-2b-las-condes-_JM
Arrendado Ideal Inversionistas En El Corazon De Providencia,4018.0,165000000.0,40.0,100.45,154.0,1.0,0.0,0.0,Providencia,Pedro De Valdivia,2026-09-28,2026-09-27,https://www.portalinmobiliario.com/MLC-2280144321-arrendado-ideal-inversionistas-en-el-corazon-de-providencia-_JM
Vendemos Departamento En  Alcántara - Las Condes,6240.0,256247971.0,62.0,100.65,103.0,2.0,1.0,190000.0,Las Condes,Vaticano,2026-09-23,2026-09-22,https://www.portalinmobiliario.com/MLC-2268754531-vendemos-departamento-en-alcantara-las-condes-_JM
Remodelado Excelente Ubicación 3d+2b (172868),7150.0,293617467.0,71.0,100.7,112.0,3.0,0.0,150000.0,Las Condes,Parque Arauco,2026-09-27,2026-09-26,https://www.portalinmobiliario.com/MLC-4517588506-remodelado-excelente-ubicacion-3d2b-172868-_JM
"Hermoso Departamento En Venta 4d, 3b Y 3e En Las Condes",11900.0,488678022.0,118.0,100.85,98.0,4.0,3.0,307000.0,Las Condes,Metro Manquehue - Apumanque,2026-09-26,2026-09-25,https://www.portalinmobiliario.com/MLC-2275677015-hermoso-departamento-en-venta-4d-3b-y-3e-en-las-condes-_JM
Último Piso Remodelado Con Gran Terraza,11900.0,488678022.0,118.0,100.85,,4.0,,,Las Condes,Metro Manquehue - Apumanque,2026-10-01,,https://www.portalinmobiliario.com/MLC-4530699954-ultimo-piso-remodelado-con-gran-terraza-_JM
"Dpto. En Venta De 3 Dorm. Bello Horizonte, Las Condes",11000.0,451719180.0,109.0,100.92,93.0,3.0,1.0,300000.0,Las Condes,Rotonda Atenas,2026-09-24,2026-09-23,https://www.portalinmobiliario.com/MLC-4509213648-dpto-en-venta-de-3-dorm-bello-horizonte-las-condes-_JM
Hermoso Departamento En Venta De 2 Dorm. En Providencia,8080.0,331808270.0,80.0,101.0,,2.0,,,Providencia,Inés De Suárez,2026-10-01,,https://www.portalinmobiliario.com/MLC-4526077754-hermoso-departamento-en-venta-de-2-dorm-en-providencia-_JM
"Linda Vista Despejada, Luminoso, Oriente, Terraza 23m2",9600.0,394227648.0,95.0,101.05,86.0,3.0,2.0,290000.0,Providencia,Campus Oriente,2026-09-22,2026-09-22,https://www.portalinmobiliario.com/MLC-4502085926-linda-vista-despejada-luminoso-oriente-terraza-23m2-_JM
Hermoso Departamento 4d3b A Pasos De Metro Colon (172379),9100.0,373694958.0,90.0,101.11,95.0,4.0,1.0,300000.0,Las Condes,Vaticano,2026-09-25,2026-09-24,https://www.portalinmobiliario.com/MLC-2274557139-hermoso-departamento-4d3b-a-pasos-de-metro-colon-172379-_JM
"Depto En 2do Piso,  2d 2b Sector Mall Alto Las Condes",8500.0,349055730.0,84.0,101.19,106.0,2.0,2.0,250000.0,Las Condes,,2026-09-26,2026-09-25,https://www.portalinmobiliario.com/MLC-2275456761-depto-en-2do-piso-2d-2b-sector-mall-alto-las-condes-_JM
Manquehue - Apumanque - Siena,8805.0,361580671.0,87.0,101.21,99.0,3.0,1.0,200000.0,Las Condes,Nueva Las Condes,2026-09-26,2026-09-25,https://www.portalinmobiliario.com/MLC-4515248058-manquehue-apumanque-siena-_JM
Departamento En Venta Las Condes 2d+2b+1e1b,8300.0,340842654.0,82.0,101.22,99.0,2.0,1.0,300000.0,Las Condes,Metro Hernando De Magallanes,2026-09-21,2026-09-21,https://www.portalinmobiliario.com/MLC-4501525800-departamento-en-venta-las-condes-2d2b1e1b-_JM
Departamento Opcional Novacion En Venta De 3 Dorm,7900.0,324416502.0,78.0,101.28,85.0,3.0,1.0,0.0,Providencia,Inés De Suárez,2026-09-23,2026-09-22,https://www.portalinmobiliario.com/MLC-2268766591-departamento-opcional-novacion-en-venta-de-3-dorm-_JM
Exclusivo Duplex / Silvina Hurtado - Matilde Salamanca,7900.0,324416502.0,78.0,101.28,98.0,2.0,1.0,350000.0,Providencia,Pedro De Valdivia,2026-09-25,2026-09-24,https://www.portalinmobiliario.com/MLC-4514085934-exclusivo-duplex-silvina-hurtado-matilde-salamanca-_JM
Departamento En Venta De 2 Dorm. En Providencia,6583.0,270333397.0,65.0,101.28,103.0,2.0,0.0,150000.0,Providencia,Metro Bilbao,2026-09-18,2026-09-18,https://www.portalinmobiliario.com/MLC-4491577868-departamento-en-venta-de-2-dorm-en-providencia-_JM
Venta Depto 2d + 2b+ 2e + 1b,7800.0,320309964.0,77.0,101.3,,2.0,2.0,,Las Condes,Mall Sport,2026-09-29,2026-09-29,https://www.portalinmobiliario.com/MLC-2282628447-venta-depto-2d-2b-2e-1b-_JM
"Departamento En Venta En Warren Smith, Las Condes | 2d 2b",7300.0,299777274.0,72.0,101.39,112.0,2.0,1.0,150000.0,Las Condes,Nueva Las Condes,2026-09-23,2026-09-22,https://www.portalinmobiliario.com/MLC-4505434696-departamento-en-venta-en-warren-smith-las-condes-2d-2b-_JM
Venta Warren Smith 2 Dormitorios Excelente Conectividad,7300.0,299777274.0,72.0,101.39,,2.0,,,Las Condes,Nueva Las Condes,2026-10-01,,https://www.portalinmobiliario.com/MLC-4531692066-venta-warren-smith-2-dormitorios-excelente-conectividad-_JM
Departamento En Venta De 2 Dorm.cerca Metro Colon,7100.0,291564198.0,70.0,101.43,103.0,2.0,1.0,150000.0,Las Condes,Vaticano,2026-09-25,2026-09-24,https://www.portalinmobiliario.com/MLC-2273804447-departamento-en-venta-de-2-dormcerca-metro-colon-_JM
Providencia Venta Depto 2d/2b/estac (172903),6087.9,250000000.0,60.0,101.46,85.0,2.0,1.0,230000.0,Providencia,Barrio Italia,2026-09-27,2026-09-26,https://www.portalinmobiliario.com/MLC-4517562888-providencia-venta-depto-2d2bestac-172903-_JM
Excelente Oportunidad De Compra O Inversión En Santiago C...,3450.0,141675561.0,34.0,101.47,68.0,1.0,1.0,130000.0,Santiago,Barrio República,2026-09-28,2026-09-22,https://www.portalinmobiliario.com/MLC-4522150056-excelente-oportunidad-de-compra-o-inversion-en-santiago-c-_JM
Tranquilo Departamento En Providencia 3d 2b 1e 1bo,10150.0,416813607.0,100.0,101.5,94.0,3.0,1.0,230000.0,Providencia,Las Lilas,2026-09-22,2026-09-21,https://www.portalinmobiliario.com/MLC-2265324729-tranquilo-departamento-en-providencia-3d-2b-1e-1bo-_JM
Central Comodo Depto En Pio Xi,9150.0,375748227.0,90.0,101.67,99.0,3.0,1.0,250000.0,Las Condes,Nueva Las Condes,2026-09-24,2026-09-23,https://www.portalinmobiliario.com/MLC-4510795668-central-comodo-depto-en-pio-xi-_JM
Departamento Nuevo En Venta En Providencia. Conectividad.,10782.0,442766927.0,106.0,101.72,86.0,3.0,0.0,0.0,Providencia,Campus Oriente,2026-09-23,2026-09-22,https://www.portalinmobiliario.com/MLC-2268766431-departamento-nuevo-en-venta-en-providencia-conectividad-_JM
Depto Amoblado Ideal Inversión Metro Manuel Montt 2d 2b,5800.0,238179204.0,57.0,101.75,,2.0,,,Providencia,Manuel Montt,2026-10-01,,https://www.portalinmobiliario.com/MLC-2288307465-depto-amoblado-ideal-inversion-metro-manuel-montt-2d-2b-_JM
Comodo Depto Amoblado En Venta  Excelente Ubicacion,5800.0,238179204.0,57.0,101.75,98.0,2.0,1.0,100000.0,Providencia,Manuel Montt,2026-09-23,2026-09-22,https://www.portalinmobiliario.com/MLC-4509219032-comodo-depto-amoblado-en-venta-excelente-ubicacion-_JM
Colegio Sek / Metro Manquehue,11200.0,459932256.0,110.0,101.82,,3.0,,,Las Condes,Metro Manquehue - Apumanque,2026-10-01,,https://www.portalinmobiliario.com/MLC-2288567367-colegio-sek-metro-manquehue-_JM
Comodo Y Funcional Departamento En Providencia,10490.0,430775836.0,103.0,101.84,94.0,3.0,2.0,330000.0,Providencia,Las Lilas,2026-09-21,2026-09-21,https://www.portalinmobiliario.com/MLC-4501525956-comodo-y-funcional-departamento-en-providencia-_JM
Venta Dpto Mejor Sector De Providencia 2d +2b +1 Est +1 Bod,5500.0,225859590.0,54.0,101.85,85.0,2.0,1.0,180000.0,Providencia,Pedro De Valdivia,2026-09-28,2026-09-27,https://www.portalinmobiliario.com/MLC-4522146424-venta-dpto-mejor-sector-de-providencia-2d-2b-1-est-1-bod-_JM
Amplio Y Excelente Ubicación En Las Condes,10900.0,447612642.0,107.0,101.87,,3.0,,,Las Condes,Sebastián Elcano,2026-10-01,,https://www.portalinmobiliario.com/MLC-4528521584-amplio-y-excelente-ubicacion-en-las-condes-_JM
Departamento En Venta De 1 Dorm. En Providencia,5200.0,213539976.0,51.0,101.96,154.0,1.0,1.0,250000.0,Providencia,Las Lilas,2026-09-28,2026-09-27,https://www.portalinmobiliario.com/MLC-4522138134-departamento-en-venta-de-1-dorm-en-providencia-_JM
Excelente Ubicación / Alto Las Condes / Hospital Fach,10200.0,418866876.0,100.0,102.0,,3.0,,,Las Condes,Metro Hernando De Magallanes,2026-10-01,,https://www.portalinmobiliario.com/MLC-2283616791-excelente-ubicacion-alto-las-condes-hospital-fach-_JM
Amplitud / Buena Ubicación / Comodidad,10200.0,418866876.0,100.0,102.0,107.0,3.0,1.0,0.0,Las Condes,Alto Las Condes,2026-09-24,2026-09-23,https://www.portalinmobiliario.com/MLC-4509223976-amplitud-buena-ubicacion-comodidad-_JM
Departamento De 1 Dormitorio Con Terraza En Las Condes,5100.0,209433438.0,50.0,102.0,163.0,1.0,0.0,,Las Condes,Colón Oriente - Vital Apoquindo,2026-09-24,2026-09-23,https://www.portalinmobiliario.com/MLC-2270955267-departamento-de-1-dormitorio-con-terraza-en-las-condes-_JM
"Pza Las Lilas , 1 D ,1 E +1 B, Vista Despejada",5100.0,209433438.0,50.0,102.0,,1.0,1.0,,Providencia,Las Lilas,2026-09-22,2026-09-22,https://www.portalinmobiliario.com/MLC-4501532530-pza-las-lilas-1-d-1-e-1-b-vista-despejada-_JM
Espacios Amplios / Excelente Iluminación / Alto Las Condes,10200.0,418866876.0,100.0,102.0,96.0,3.0,0.0,190000.0,Las Condes,,2026-09-23,2026-09-22,https://www.portalinmobiliario.com/MLC-4509221722-espacios-amplios-excelente-iluminacion-alto-las-condes-_JM
Exclusivo Departamento Cercano Al Metro Colon,10000.0,410653800.0,98.0,102.04,89.0,2.0,1.0,280000.0,Las Condes,Colón Oriente - Vital Apoquindo,2026-09-24,2026-09-23,https://www.portalinmobiliario.com/MLC-4509236024-exclusivo-departamento-cercano-al-metro-colon-_JM
"Venta Espectacular Departamento 1d 1b, Los Leones",3880.0,159333674.0,38.0,102.11,,1.0,1.0,,Providencia,Los Leones,2026-09-27,2026-09-27,https://www.portalinmobiliario.com/MLC-2276139869-venta-espectacular-departamento-1d-1b-los-leones-_JM
Excelente Depto 1d1b Providencia Ideal Inversión,3880.0,159333674.0,38.0,102.11,,1.0,,,Providencia,Las Lilas,2026-10-01,,https://www.portalinmobiliario.com/MLC-2290656777-excelente-depto-1d1b-providencia-ideal-inversion-_JM
"3 Dormitorios, Excelente Ubicación. (166176)",6331.4,260000000.0,62.0,102.12,,3.0,,,Providencia,Inés De Suárez,2026-10-01,,https://www.portalinmobiliario.com/MLC-4526073216-3-dormitorios-excelente-ubicacion-166176-_JM
Departamento En Venta Nuevos Sin Comision En Ñuñoa,10425.0,428106586.0,102.0,102.21,89.0,3.0,0.0,0.0,Providencia,Campus Oriente,2026-09-23,2026-09-22,https://www.portalinmobiliario.com/MLC-2268792263-departamento-en-venta-nuevos-sin-comision-en-nunoa-_JM
Departamento En Venta De 1 Dorm. En Providencia,3680.0,151120598.0,36.0,102.22,154.0,1.0,0.0,95000.0,Providencia,Manuel Montt,2026-09-23,2026-09-22,https://www.portalinmobiliario.com/MLC-2268796287-departamento-en-venta-de-1-dorm-en-providencia-_JM
"Condominio, 2 Dormitorios, 2 Baños, Estacionamiento, Bodega",6750.0,277191315.0,66.0,102.27,,2.0,1.0,,Las Condes,Parque Padre Alberto Hurtado,2026-09-25,2026-09-25,https://www.portalinmobiliario.com/MLC-2273843017-condominio-2-dormitorios-2-banos-estacionamiento-bodega-_JM
Luminoso Depto En P. De Valdivia Con Darío Urzúa,4500.0,184794210.0,44.0,102.27,154.0,1.0,1.0,90000.0,Providencia,Pedro De Valdivia,2026-09-23,2026-09-22,https://www.portalinmobiliario.com/MLC-4509167238-luminoso-depto-en-p-de-valdivia-con-dario-urzua-_JM
Vida De Barrio Y Tranquilidad En El Corazón De Providencia,6650.0,273084777.0,65.0,102.31,85.0,2.0,1.0,160000.0,Providencia,Campus Oriente,2026-09-25,2026-09-24,https://www.portalinmobiliario.com/MLC-4514081642-vida-de-barrio-y-tranquilidad-en-el-corazon-de-providencia-_JM
Oferta Hermooso Y Acogedor Departamento,7061.9,290000000.0,69.0,102.35,107.0,3.0,1.0,100000.0,Las Condes,Los Dominicos,2026-09-24,2026-09-23,https://www.portalinmobiliario.com/MLC-4510755410-oferta-hermooso-y-acogedor-departamento-_JM
"Carmen Silva, Quillay (114425)",4300.0,176581134.0,42.0,102.38,154.0,2.0,1.0,130000.0,Providencia,Las Lilas,2026-09-24,2026-09-23,https://www.portalinmobiliario.com/MLC-4510779996-carmen-silva-quillay-114425-_JM
Depto Remodelado 2d/2b Barrio Las Lilas,8500.0,349055730.0,83.0,102.41,94.0,2.0,1.0,200000.0,Providencia,,2026-09-26,2026-09-25,https://www.portalinmobiliario.com/MLC-2276108003-depto-remodelado-2d2b-barrio-las-lilas-_JM
Hermoso Concepto Arquitectónica En El Centro De Santiago,3073.0,126193913.0,30.0,102.43,75.0,1.0,0.0,0.0,Santiago,Bulnes,2026-09-28,2026-09-27,https://www.portalinmobiliario.com/MLC-4519992546-hermoso-concepto-arquitectonica-en-el-centro-de-santiago-_JM
Departamento Vistas Despejadas Piso 8,7990.0,328112386.0,78.0,102.44,,3.0,,,Las Condes,Vaticano,2026-10-01,,https://www.portalinmobiliario.com/MLC-4533918426-departamento-vistas-despejadas-piso-8-_JM
Venta Depto 3d-3b. Las Condes,8200.0,336736116.0,80.0,102.5,93.0,3.0,1.0,250000.0,Las Condes,Sebastián Elcano,2026-09-24,2026-09-23,https://www.portalinmobiliario.com/MLC-2270953543-venta-depto-3d-3b-las-condes-_JM
Se Vende Dep 2hab 2b&#43; E Y B San Jose De La Sierra L.c.,8000.0,328523040.0,78.0,102.56,,2.0,,,Las Condes,Mall Sport,2026-10-01,,https://www.portalinmobiliario.com/MLC-4528528314-se-vende-dep-2hab-2b43-e-y-b-san-jose-de-la-sierra-lc-_JM
Cerro Colorado Fte P Araucano  Terraza 30m2 Uf 11800,11800.0,484571484.0,115.0,102.61,97.0,3.0,2.0,330000.0,Las Condes,Parque Arauco,2026-09-22,2026-09-21,https://www.portalinmobiliario.com/MLC-2265361731-cerro-colorado-fte-p-araucano-terraza-30m2-uf-11800-_JM
Departamento En Venta De 2 Dorm. En Las Condes,7700.0,316203426.0,75.0,102.67,,2.0,,,Las Condes,Metro Hernando De Magallanes,2026-10-01,,https://www.portalinmobiliario.com/MLC-2283641371-departamento-en-venta-de-2-dorm-en-las-condes-_JM
Venta Departamento 3d 3b - Las Condes,11500.0,472251870.0,112.0,102.68,99.0,3.0,2.0,190000.0,Las Condes,Metro Manquehue - Apumanque,2026-09-20,2026-09-20,https://www.portalinmobiliario.com/MLC-2256976705-venta-departamento-3d-3b-las-condes-_JM
"Departamento De 2d - 2b - 2e - 1b, Las Condes",7200.0,295670736.0,70.0,102.86,,2.0,,,Las Condes,Metro Hernando De Magallanes,2026-10-01,,https://www.portalinmobiliario.com/MLC-2290629743-departamento-de-2d-2b-2e-1b-las-condes-_JM
Depto. 2d2b+1e Bellavista - Providencia,5350.0,219699783.0,52.0,102.88,68.0,2.0,1.0,150000.0,Providencia,Bellavista,2026-09-26,2026-09-25,https://www.portalinmobiliario.com/MLC-2276131807-depto-2d2b1e-bellavista-providencia-_JM
Departamento En Venta De 2 Dorm. En Providencia,6900.0,283351122.0,67.0,102.99,85.0,2.0,1.0,180000.0,Providencia,Campus Oriente,2026-09-23,2026-09-22,https://www.portalinmobiliario.com/MLC-4509218464-departamento-en-venta-de-2-dorm-en-providencia-_JM
Depto 4d/3b Con Vista Panorámica En Las Condes,9990.0,410243146.0,97.0,102.99,,4.0,,,Las Condes,Metro Hernando De Magallanes,2026-10-01,,https://www.portalinmobiliario.com/MLC-4528505444-depto-4d3b-con-vista-panoramica-en-las-condes-_JM
Departamento General González Balcarce Id: 131327,2680.0,110055218.0,26.0,103.08,,1.0,,,Santiago,Parque O'Higgins,2026-10-01,,https://www.portalinmobiliario.com/MLC-2290688403-departamento-general-gonzalez-balcarce-id-131327-_JM
Iluminado Departamento Oriente - Vista Despejada,9800.0,402440724.0,95.0,103.16,93.0,3.0,2.0,200000.0,Las Condes,Rotonda Atenas,2026-09-29,2026-09-28,https://www.portalinmobiliario.com/MLC-4524155250-iluminado-departamento-oriente-vista-despejada-_JM
Depto 4d 3b Tereza Piscina Y Jardin,9800.0,402440724.0,95.0,103.16,95.0,4.0,1.0,230000.0,Las Condes,Vaticano,2026-09-28,2026-09-27,https://www.portalinmobiliario.com/MLC-2282568151-depto-4d-3b-tereza-piscina-y-jardin-_JM
Departamento Con Linda Vista A La Cordillera/fleming,7950.0,326469771.0,77.0,103.25,,3.0,,,Las Condes,Parque Padre Alberto Hurtado,2026-10-01,,https://www.portalinmobiliario.com/MLC-2288302521-departamento-con-linda-vista-a-la-cordillerafleming-_JM
Departamento En Venta De 2 Dorm. En Providencia,5990.0,245981626.0,58.0,103.28,,2.0,,,Providencia,Av. Pocuro,2026-10-01,,https://www.portalinmobiliario.com/MLC-4528520634-departamento-en-venta-de-2-dorm-en-providencia-_JM
Hermoso Departamento En Venta De 2 Dorm. En Providencia,9400.0,386014572.0,91.0,103.3,,2.0,,,Providencia,Campus Oriente,2026-10-01,,https://www.portalinmobiliario.com/MLC-4526128992-hermoso-departamento-en-venta-de-2-dorm-en-providencia-_JM
Departamento De 2dorm. En Venta En Las Condes,9300.0,381908034.0,90.0,103.33,,2.0,,,Las Condes,San Damián,2026-10-01,,https://www.portalinmobiliario.com/MLC-2288303847-departamento-de-2dorm-en-venta-en-las-condes-_JM
Venta Departamento Amoblado,3307.0,135803212.0,32.0,103.34,,1.0,,,Santiago,Barrio Diez De Julio,2026-10-01,,https://www.portalinmobiliario.com/MLC-4531668278-venta-departamento-amoblado-_JM
Departamento En Venta De 3 Dorm. En Providencia,8600.0,353162268.0,83.0,103.61,82.0,3.0,1.0,240000.0,Providencia,Inés De Suárez,2026-09-28,2026-09-22,https://www.portalinmobiliario.com/MLC-4522144474-departamento-en-venta-de-3-dorm-en-providencia-_JM
2 Dormitorios -2 Baños -estacionamiento -bodega,8300.0,340842654.0,80.0,103.75,99.0,2.0,1.0,240000.0,Las Condes,Metro Hernando De Magallanes,2026-09-25,2026-09-24,https://www.portalinmobiliario.com/MLC-2274592733-2-dormitorios-2-banos-estacionamiento-bodega-_JM
"Departamento Semi Nuevo En Barrio Las Lilas, Metro Colón",8300.0,340842654.0,80.0,103.75,95.0,2.0,1.0,250000.0,Providencia,Las Lilas,2026-09-22,,https://www.portalinmobiliario.com/MLC-2253322119-departamento-semi-nuevo-en-barrio-las-lilas-metro-colon-_JM
Oportunidads 1d Los Dominicos Est Bodega,3531.0,145000000.0,34.0,103.85,152.0,21.0,1.0,120000.0,Las Condes,Rotonda Atenas,2026-09-25,2026-09-24,https://www.portalinmobiliario.com/MLC-4513355356-oportunidads-1d-los-dominicos-est-bodega-_JM
Departamento Remodelado/pdte Riesco/posibilidad De Novación,10700.0,439399566.0,103.0,103.88,99.0,2.0,1.0,175000.0,Las Condes,Barrio El Golf,2026-09-28,2026-09-23,https://www.portalinmobiliario.com/MLC-2282569659-departamento-remodeladopdte-riescoposibilidad-de-novacion-_JM
Regio Departamento En Venta 2d+2b+1e+1b -  Barrio El Golf,6650.0,273084777.0,64.0,103.91,107.0,2.0,1.0,,Las Condes,Barrio El Golf,2026-09-29,2026-09-28,https://www.portalinmobiliario.com/MLC-4523812008-regio-departamento-en-venta-2d2b1e1b-barrio-el-golf-_JM
"Departamento En Venta De 3d 3b 2e Las Condes, Mall Sport",10500.0,431186490.0,101.0,103.96,103.0,3.0,2.0,350000.0,Las Condes,Mall Sport,2026-09-21,2026-09-21,https://www.portalinmobiliario.com/MLC-4499776448-departamento-en-venta-de-3d-3b-2e-las-condes-mall-sport-_JM
Departamento En Venta De 2 Dorm. 2 Baños En Providencia,7800.0,320309964.0,75.0,104.0,85.0,2.0,1.0,150000.0,Providencia,Inés De Suárez,2026-09-21,2026-09-21,https://www.portalinmobiliario.com/MLC-4499772034-departamento-en-venta-de-2-dorm-2-banos-en-providencia-_JM
Depto Ñuñoa Cercano A Barrio Italia,5200.0,213539976.0,50.0,104.0,,2.0,,,Providencia,Barrio Italia,2026-10-01,,https://www.portalinmobiliario.com/MLC-4528520668-depto-nunoa-cercano-a-barrio-italia-_JM
Departamento De 2d Con Buenos Espacios/rotonda Atenas,7600.0,312096888.0,73.0,104.11,101.0,2.0,0.0,200000.0,Las Condes,Rotonda Atenas,2026-09-28,2026-09-23,https://www.portalinmobiliario.com/MLC-2282595469-departamento-de-2d-con-buenos-espaciosrotonda-atenas-_JM
Norte / Vista Despejada - Plaza Rio De Janeiro,9900.0,406547262.0,95.0,104.21,94.0,3.0,2.0,250000.0,Providencia,Las Lilas,2026-09-23,2026-09-22,https://www.portalinmobiliario.com/MLC-4505446662-norte-vista-despejada-plaza-rio-de-janeiro-_JM
Departamento En Venta De 1 Dorm. En Providencia,4500.0,184794210.0,43.0,104.65,,1.0,,,Providencia,Salvador,2026-10-01,,https://www.portalinmobiliario.com/MLC-4531686420-departamento-en-venta-de-1-dorm-en-providencia-_JM
Oportunidad De Inversión En Sector Privilegia (172101),4500.0,184794210.0,43.0,104.65,154.0,1.0,0.0,150000.0,Las Condes,Centro Financiero,2026-09-24,2026-09-23,https://www.portalinmobiliario.com/MLC-4510792888-oportunidad-de-inversion-en-sector-privilegia-172101-_JM
Venta Dpto: Inversión Sector Estratégico El Golf. Cbg,4500.0,184794210.0,43.0,104.65,154.0,1.0,0.0,150000.0,Las Condes,Centro Financiero,2026-09-19,2026-09-19,https://www.portalinmobiliario.com/MLC-4495764082-venta-dpto-inversion-sector-estrategico-el-golf-cbg-_JM
Departamento En Pocuro,8900.0,365481882.0,85.0,104.71,94.0,2.0,3.0,330000.0,Providencia,Las Lilas,2026-09-29,2026-09-28,https://www.portalinmobiliario.com/MLC-2282576337-departamento-en-pocuro-_JM
Oportunidad / 2 Estacionamient / Conectividad (161057),8900.0,365481882.0,85.0,104.71,,1.0,,,Las Condes,Mall Sport,2026-10-01,,https://www.portalinmobiliario.com/MLC-4524201214-oportunidad-2-estacionamient-conectividad-161057-_JM
Rebajado! Amplio Y Cómodo Loft En Excelente Ubicación,6300.0,258711894.0,60.0,105.0,111.0,1.0,1.0,160000.0,Las Condes,Metro Hernando De Magallanes,2026-09-23,2026-09-22,https://www.portalinmobiliario.com/MLC-4509221328-rebajado-amplio-y-comodo-loft-en-excelente-ubicacion-_JM
Departamento En Venta Estadio Español 2 Dorm. En Las Condes,5250.0,215593245.0,50.0,105.0,170.0,2.0,1.0,100000.0,Las Condes,Metro Escuela Militar,2026-09-24,2026-09-23,https://www.portalinmobiliario.com/MLC-4510769364-departamento-en-venta-estadio-espanol-2-dorm-en-las-condes-_JM
Excelente Departamento Las Condes,9990.0,410243146.0,95.0,105.16,93.0,3.0,1.0,,Las Condes,Rotonda Atenas,2026-09-23,2026-09-22,https://www.portalinmobiliario.com/MLC-2267432423-excelente-departamento-las-condes-_JM
Mall Sport C_421942,5800.0,238179204.0,55.0,105.45,110.0,1.0,1.0,80000.0,Las Condes,Mall Sport,2026-09-28,2026-09-27,https://www.portalinmobiliario.com/MLC-4522115080-mall-sport-c421942-_JM
"Depto 3 Dorm, 2 Baños, 1 Estac, Lado Parque Inés De Suarez",9600.0,394227648.0,91.0,105.49,,3.0,,,Providencia,Inés De Suárez,2026-10-01,,https://www.portalinmobiliario.com/MLC-4531686236-depto-3-dorm-2-banos-1-estac-lado-parque-ines-de-suarez-_JM
Luminoso Y Remodelado!! A Pasos Metro Dominicos,6331.4,260000000.0,60.0,105.52,107.0,2.0,0.0,70000.0,Las Condes,Los Dominicos,2026-09-29,2026-09-28,https://www.portalinmobiliario.com/MLC-4523753642-luminoso-y-remodelado-a-pasos-metro-dominicos-_JM
Departamento Con Terraza En Providencia,4550.0,186847479.0,43.0,105.81,154.0,1.0,1.0,110000.0,Providencia,Manuel Montt,2026-09-24,2026-09-23,https://www.portalinmobiliario.com/MLC-4509227058-departamento-con-terraza-en-providencia-_JM
Impecable Departamento En Colón,10900.0,447612642.0,103.0,105.83,93.0,3.0,2.0,345000.0,Las Condes,Sebastián Elcano,2026-09-29,2026-09-28,https://www.portalinmobiliario.com/MLC-2282589283-impecable-departamento-en-colon-_JM
Vista Despejada - Luminoso Y Cercano A Metro,6900.0,283351122.0,65.0,106.15,103.0,2.0,1.0,160000.0,Las Condes,Metro Escuela Militar,2026-09-21,2026-09-21,https://www.portalinmobiliario.com/MLC-2264198451-vista-despejada-luminoso-y-cercano-a-metro-_JM
Departamento Centro De Providencia,8500.0,349055730.0,80.0,106.25,94.0,3.0,3.0,180000.0,Providencia,Los Leones,2026-09-23,2026-09-22,https://www.portalinmobiliario.com/MLC-2267406537-departamento-centro-de-providencia-_JM
Depto 3d De 2e Sector Felix Con Martin De Zamora,8500.0,349055730.0,80.0,106.25,95.0,3.0,2.0,220000.0,Las Condes,Sebastián Elcano,2026-09-23,2026-09-22,https://www.portalinmobiliario.com/MLC-4509220216-depto-3d-de-2e-sector-felix-con-martin-de-zamora-_JM
"3 Dormitorios, Sector Noruega, Metro Manquehue",11800.0,484571484.0,111.0,106.31,,3.0,2.0,,Las Condes,Metro Manquehue - Apumanque,2026-09-21,2026-09-21,https://www.portalinmobiliario.com/MLC-4501912438-3-dormitorios-sector-noruega-metro-manquehue-_JM
3d/3b En Av. Francisco Bilbao Junto A Plaza Pedro Valdivia,11500.0,472251870.0,108.0,106.48,,3.0,2.0,,Providencia,Inés De Suárez,2026-09-28,2026-09-28,https://www.portalinmobiliario.com/MLC-2278426433-3d3b-en-av-francisco-bilbao-junto-a-plaza-pedro-valdivia-_JM
Departamento En Venta Tipo Estudio En Santiago,2450.0,100610181.0,23.0,106.52,,1.0,,,Santiago,Parque Los Reyes,2026-10-01,,https://www.portalinmobiliario.com/MLC-2283642603-departamento-en-venta-tipo-estudio-en-santiago-_JM
Departamento En Venta Tipo Estudio Y 1 Dorm. En Santiago,2450.0,100610181.0,23.0,106.52,,1.0,,,Santiago,Calle Santo Domingo,2026-10-01,,https://www.portalinmobiliario.com/MLC-2283642609-departamento-en-venta-tipo-estudio-y-1-dorm-en-santiago-_JM
Silvina Hurtado / Matilde Salamanca,4261.5,175000000.0,40.0,106.54,113.0,1.0,1.0,130000.0,Providencia,Pedro De Valdivia,2026-09-25,2026-09-24,https://www.portalinmobiliario.com/MLC-2274091191-silvina-hurtado-matilde-salamanca-_JM
Oportunidad!!! 1 Dormitorio Ideal Para Inversión.,4800.0,197113824.0,45.0,106.67,156.0,1.0,1.0,114000.0,Las Condes,Metro Hernando De Magallanes,2026-09-24,2026-09-23,https://www.portalinmobiliario.com/MLC-4509229302-oportunidad-1-dormitorio-ideal-para-inversion-_JM
Depto Semi Nuevo | 1 Dormitorio | Posibilidad Novación,4800.0,197113824.0,45.0,106.67,,1.0,,,Providencia,Inés De Suárez,2026-10-01,,https://www.portalinmobiliario.com/MLC-4530109974-depto-semi-nuevo-1-dormitorio-posibilidad-novacion-_JM
Sin Comision / Bajos Ggcc / Providencia,9600.0,394227648.0,90.0,106.67,86.0,3.0,1.0,130000.0,Providencia,Inés De Suárez,2026-09-22,2026-09-21,https://www.portalinmobiliario.com/MLC-4505424396-sin-comision-bajos-ggcc-providencia-_JM
Departamento En Venta De 1 Dorm. En Las Condes,4800.0,197113824.0,45.0,106.67,189.0,1.0,1.0,110000.0,Las Condes,Mall Sport,2026-09-22,2026-09-21,https://www.portalinmobiliario.com/MLC-2265326053-departamento-en-venta-de-1-dorm-en-las-condes-_JM
1d+1b /excelente Ubicación / Mall Sport,4800.0,197113824.0,45.0,106.67,,1.0,1.0,,Las Condes,Mall Sport,2026-09-22,2026-09-22,https://www.portalinmobiliario.com/MLC-2265326037-1d1b-excelente-ubicacion-mall-sport-_JM
Piscina / Buena Conectividad / Oportunidad De Inversion,4800.0,197113824.0,45.0,106.67,189.0,1.0,1.0,110000.0,Las Condes,Mall Sport,2026-09-22,2026-09-21,https://www.portalinmobiliario.com/MLC-2265338803-piscina-buena-conectividad-oportunidad-de-inversion-_JM
1 Dormitorio / Bodega / Inversion / Piscina / Airbnb,4800.0,197113824.0,45.0,106.67,189.0,1.0,1.0,120000.0,Las Condes,Mall Sport,2026-09-22,2026-09-21,https://www.portalinmobiliario.com/MLC-2265364615-1-dormitorio-bodega-inversion-piscina-airbnb-_JM
Oportunidad De Inversión /piscina/ Estacionamiento Y Bodega,4800.0,197113824.0,45.0,106.67,189.0,1.0,1.0,110000.0,Las Condes,Mall Sport,2026-09-22,2026-09-21,https://www.portalinmobiliario.com/MLC-2265338811-oportunidad-de-inversion-piscina-estacionamiento-y-bodega-_JM
"Providencia, Dario Urzúa, Metro Pedro De Valdivia",11750.0,482518215.0,110.0,106.82,,3.0,,,Providencia,Pedro De Valdivia,2026-10-01,,https://www.portalinmobiliario.com/MLC-4533650686-providencia-dario-urzua-metro-pedro-de-valdivia-_JM
"Moderno Moderno Depto. 1d En Suite 46 M2, En Escuela Militar",4700.0,193007286.0,44.0,106.82,162.0,1.0,1.0,,Las Condes,Sebastián Elcano,2026-09-23,2026-09-22,https://www.portalinmobiliario.com/MLC-2267404881-moderno-moderno-depto-1d-en-suite-46-m2-en-escuela-militar-_JM
Sector Quinchamali,8760.0,359732729.0,82.0,106.83,102.0,3.0,1.0,240000.0,Las Condes,Quinchamalí,2026-09-24,2026-09-23,https://www.portalinmobiliario.com/MLC-4509223130-sector-quinchamali-_JM
"Depto En Venta 2 Dorm, San Carlos Apoquindo, Gran Vista",10900.0,447612642.0,102.0,106.86,114.0,2.0,2.0,300000.0,Las Condes,San Carlos De Apoquindo,2026-09-25,2026-09-24,https://www.portalinmobiliario.com/MLC-2274569085-depto-en-venta-2-dorm-san-carlos-apoquindo-gran-vista-_JM
Departamento En Venta De 2 Dorm. En Las Condes,7500.0,307990350.0,70.0,107.14,,2.0,,,Las Condes,Metro Manquehue - Apumanque,2026-10-01,,https://www.portalinmobiliario.com/MLC-4531677214-departamento-en-venta-de-2-dorm-en-las-condes-_JM
Remodelado 1d + 1b + Bodega| Metro Manuel Montt |providencia,4290.0,176170480.0,40.0,107.25,154.0,1.0,0.0,100000.0,Providencia,Manuel Montt,2026-09-23,2026-09-22,https://www.portalinmobiliario.com/MLC-4506424384-remodelado-1d-1b-bodega-metro-manuel-montt-providencia-_JM
Metro Los Leones 1d + 1b +e / Vista Oriente (183650),4290.0,176170480.0,40.0,107.25,154.0,1.0,1.0,110000.0,Providencia,Los Leones,2026-09-24,2026-09-23,https://www.portalinmobiliario.com/MLC-4509177990-metro-los-leones-1d-1b-e-vista-oriente-183650-_JM
Exclusivo Depto 2d 2b 2e 1b  (183834),6650.0,273084777.0,62.0,107.26,111.0,2.0,2.0,160000.0,Las Condes,Metro Hernando De Magallanes,2026-09-25,2026-09-24,https://www.portalinmobiliario.com/MLC-4513361530-exclusivo-depto-2d-2b-2e-1b-183834-_JM
Exclusivo Depto Remodelado A Pasos De Metro Manquehue,11800.0,484571484.0,110.0,107.27,99.0,3.0,2.0,186000.0,Las Condes,Metro Manquehue - Apumanque,2026-09-22,2026-09-22,https://www.portalinmobiliario.com/MLC-2264468623-exclusivo-depto-remodelado-a-pasos-de-metro-manquehue-_JM
Departamento En Venta En Las Condes,7300.0,299777274.0,68.0,107.35,111.0,2.0,1.0,150000.0,Las Condes,Nueva Las Condes,2026-09-23,2026-09-22,https://www.portalinmobiliario.com/MLC-2268792439-departamento-en-venta-en-las-condes-_JM
Av Holanda / Av Pocuro / 2 Estacionamientos / 1 D - 2 B,8700.0,357268806.0,81.0,107.41,94.0,1.0,2.0,280000.0,Providencia,Providencia,2026-09-27,2026-09-26,https://www.portalinmobiliario.com/MLC-2278423935-av-holanda-av-pocuro-2-estacionamientos-1-d-2-b-_JM
Plaza Las Lilas/las Hortensias,4300.0,176581134.0,40.0,107.5,,1.0,,,Providencia,Las Lilas,2026-10-01,,https://www.portalinmobiliario.com/MLC-4526102400-plaza-las-lilaslas-hortensias-_JM
Departamento A Pasos Del Jumbo Bilbao 2 Dormitorios,6990.0,287047006.0,65.0,107.54,103.0,2.0,1.0,160000.0,Las Condes,Vaticano,2026-09-26,2026-09-25,https://www.portalinmobiliario.com/MLC-4515395756-departamento-a-pasos-del-jumbo-bilbao-2-dormitorios-_JM
Cómodo Dpto/ Moderno Edificio (172682),8500.0,349055730.0,79.0,107.59,102.0,2.0,2.0,200000.0,Las Condes,Mall Sport,2026-09-26,2026-09-25,https://www.portalinmobiliario.com/MLC-2276106833-comodo-dpto-moderno-edificio-172682-_JM
Dpto Vista Panorámica 3d 3b 1e Y 1bd Las Condes,11090.0,455415064.0,103.0,107.67,107.0,3.0,1.0,270000.0,Las Condes,Alto Las Condes,2026-09-23,2026-09-22,https://www.portalinmobiliario.com/MLC-2267429263-dpto-vista-panoramica-3d-3b-1e-y-1bd-las-condes-_JM
Venta Departamento Providencia,4200.0,172474596.0,39.0,107.69,83.0,1.0,1.0,60000.0,Providencia,Salvador,2026-09-25,2026-09-24,https://www.portalinmobiliario.com/MLC-2274578203-venta-departamento-providencia-_JM
Excelente Departamento,7000.0,287457660.0,65.0,107.69,112.0,2.0,1.0,180000.0,Las Condes,Metro Escuela Militar,2026-09-23,2026-09-22,https://www.portalinmobiliario.com/MLC-2268757391-excelente-departamento-_JM
Departamento En Providencia/ Andacollo,11200.0,459932256.0,104.0,107.69,86.0,3.0,1.0,200000.0,Providencia,Providencia,2026-09-23,2026-09-22,https://www.portalinmobiliario.com/MLC-2267432447-departamento-en-providencia-andacollo-_JM
Luminoso Con Vista A Verde! Apoquindo / La Gloria,10900.0,447612642.0,101.0,107.92,99.0,4.0,1.0,0.0,Las Condes,Metro Escuela Militar,2026-09-23,2026-09-22,https://www.portalinmobiliario.com/MLC-2268779325-luminoso-con-vista-a-verde-apoquindo-la-gloria-_JM
Venta Departamento 2 Dormitorios 2 Baños Providencia,6800.0,279244584.0,63.0,107.94,103.0,2.0,1.0,0.0,Providencia,Las Lilas,2026-09-23,2026-09-22,https://www.portalinmobiliario.com/MLC-2268793807-venta-departamento-2-dormitorios-2-banos-providencia-_JM
Moderno Departamento Domótico 2h | 2b,7990.0,328112386.0,74.0,107.97,,2.0,,,Providencia,Los Leones,2026-10-01,,https://www.portalinmobiliario.com/MLC-4528544704-moderno-departamento-domotico-2h-2b-_JM
Venta Inmediata  Luminoso Departamento Con Gran Conectividad,2700.0,110876526.0,25.0,108.0,,1.0,,,Santiago,Barrio República,2026-10-01,,https://www.portalinmobiliario.com/MLC-2283591513-venta-inmediata-luminoso-departamento-con-gran-conectividad-_JM
Gran Oportunidad De Compra,10800.0,443506104.0,100.0,108.0,107.0,3.0,1.0,280000.0,Las Condes,Alto Las Condes,2026-09-21,2026-09-21,https://www.portalinmobiliario.com/MLC-2263576509-gran-oportunidad-de-compra-_JM
23295 - Colegio Aleman / Nor Oriente,8000.0,328523040.0,74.0,108.11,,2.0,,,Las Condes,Alto Las Condes,2026-10-01,,https://www.portalinmobiliario.com/MLC-4533653344-23295-colegio-aleman-nor-oriente-_JM
Las Carmelitas - Ideal Inversión (93120),5950.0,244339011.0,55.0,108.18,111.0,1.0,1.0,80000.0,Las Condes,Metro Hernando De Magallanes,2026-09-24,2026-09-23,https://www.portalinmobiliario.com/MLC-4510780064-las-carmelitas-ideal-inversion-93120-_JM
Rebajado! Departamento Con Buenos Espacios/metro Manquehue,5950.0,244339011.0,55.0,108.18,,2.0,,,Las Condes,Metro Manquehue - Apumanque,2026-10-01,,https://www.portalinmobiliario.com/MLC-4530116614-rebajado-departamento-con-buenos-espaciosmetro-manquehue-_JM
"Vista Panorámica, Conectividad, 3 Dorm, 3 Baños",11900.0,488678022.0,110.0,108.18,107.0,3.0,2.0,350000.0,Las Condes,Alto Las Condes,2026-09-18,2026-09-18,https://www.portalinmobiliario.com/MLC-4490524810-vista-panoramica-conectividad-3-dorm-3-banos-_JM
"Departamento Remodelado 72 M2, 1d, 1b, 1e (83616)",7900.0,324416502.0,73.0,108.22,107.0,1.0,1.0,0.0,Las Condes,Centro Financiero,2026-09-25,2026-09-24,https://www.portalinmobiliario.com/MLC-2274535505-departamento-remodelado-72-m2-1d-1b-1e-83616-_JM
A Pasos De Plaza Las Lilas | 82 M2 | 2 Estacionamientos,7900.0,324416502.0,73.0,108.22,103.0,2.0,2.0,250000.0,Providencia,Las Lilas,2026-09-28,2026-09-27,https://www.portalinmobiliario.com/MLC-4522105256-a-pasos-de-plaza-las-lilas-82-m2-2-estacionamientos-_JM
Departamento Full Remodelado A Pasos Del Metro,5750.0,236125935.0,53.0,108.49,68.0,2.0,0.0,120000.0,Providencia,Plaza Italia,2026-09-29,2026-09-28,https://www.portalinmobiliario.com/MLC-4523805570-departamento-full-remodelado-a-pasos-del-metro-_JM
Venta Departamento - Holanda Pocuro - Providencia,11500.0,472251870.0,106.0,108.49,94.0,4.0,2.0,400000.0,Providencia,Providencia,2026-09-28,2026-09-27,https://www.portalinmobiliario.com/MLC-4519052652-venta-departamento-holanda-pocuro-providencia-_JM
¡vive En Providencia! Depto. 1d Impecable 47m²,5100.0,209433438.0,47.0,108.51,113.0,1.0,1.0,120000.0,Providencia,Inés De Suárez,2026-09-26,2026-09-25,https://www.portalinmobiliario.com/MLC-2276133037-vive-en-providencia-depto-1d-impecable-47m-_JM
Oportunidad //  Vista Espectacular // Metro (183806),5100.0,209433438.0,47.0,108.51,155.0,1.0,0.0,75000.0,Las Condes,Metro Manquehue - Apumanque,2026-09-25,2026-09-24,https://www.portalinmobiliario.com/MLC-4513357064-oportunidad-vista-espectacular-metro-183806-_JM
Metro Colón / Barrio Las Lilas / Bajo Valor Comercial,3800.0,156048444.0,35.0,108.57,,1.0,,,Providencia,Las Lilas,2026-10-01,,https://www.portalinmobiliario.com/MLC-2285724823-metro-colon-barrio-las-lilas-bajo-valor-comercial-_JM
Departamento En Venta De 2 Dorm. En Las Condes,6300.0,258711894.0,58.0,108.62,112.0,2.0,1.0,180000.0,Las Condes,Metro Escuela Militar,2026-09-28,2026-09-27,https://www.portalinmobiliario.com/MLC-4522103732-departamento-en-venta-de-2-dorm-en-las-condes-_JM
Departamento Excelente Ubicación / Sector Los Militares,6300.0,258711894.0,58.0,108.62,112.0,2.0,1.0,180000.0,Las Condes,Metro Escuela Militar,2026-09-28,2026-09-27,https://www.portalinmobiliario.com/MLC-4522138370-departamento-excelente-ubicacion-sector-los-militares-_JM
Departamento En Venta De 2 Dorm. En Las Condes,6300.0,258711894.0,58.0,108.62,112.0,2.0,1.0,180000.0,Las Condes,Metro Escuela Militar,2026-09-23,2026-09-22,https://www.portalinmobiliario.com/MLC-2268771869-departamento-en-venta-de-2-dorm-en-las-condes-_JM
"Departamento Estudio En Venta, Santiago - Metro Toesca",2390.0,98146258.0,22.0,108.64,,,,,Santiago,Ejército - Toesca,2026-10-01,,https://www.portalinmobiliario.com/MLC-4526120118-departamento-estudio-en-venta-santiago-metro-toesca-_JM
Departamento En Venta De 2 Dorm. En Lo Barnechea,8150.0,334682847.0,75.0,108.67,110.0,2.0,2.0,0.0,Las Condes,Mall Sport,2026-09-28,2026-09-27,https://www.portalinmobiliario.com/MLC-2280139115-departamento-en-venta-de-2-dorm-en-lo-barnechea-_JM
Gran Departamento Mariposa 2d/2b Providencia,8150.0,334682847.0,75.0,108.67,,2.0,1.0,,Providencia,Pedro De Valdivia,2026-09-25,2026-09-25,https://www.portalinmobiliario.com/MLC-4514087662-gran-departamento-mariposa-2d2b-providencia-_JM
Amplio Departamento Con Gran Terraza/las Torcazas/el Golf,8700.0,357268806.0,80.0,108.75,,2.0,,,Las Condes,Barrio El Golf,2026-10-01,,https://www.portalinmobiliario.com/MLC-2288302337-amplio-departamento-con-gran-terrazalas-torcazasel-golf-_JM
Departamento En Venta De 2 Dorm./2 Baños/1e/1b Providencia,6200.0,254605356.0,57.0,108.77,,2.0,,,Providencia,Pedro De Valdivia,2026-10-01,,https://www.portalinmobiliario.com/MLC-4526093426-departamento-en-venta-de-2-dorm2-banos1e1b-providencia-_JM
"Venta. Luminoso Depto 3d+3b, Las Condes, Estac + Bodega",8490.0,348645076.0,78.0,108.85,95.0,3.0,1.0,270000.0,Las Condes,Vaticano,2026-09-19,2026-09-19,https://www.portalinmobiliario.com/MLC-2256974727-venta-luminoso-depto-3d3b-las-condes-estac-bodega-_JM
"Departamento Recién Remodelado, Luminoso Y Con Ubi...",9800.0,402440724.0,90.0,108.89,,2.0,1.0,,Las Condes,Las Condes,2026-09-24,2026-09-24,https://www.portalinmobiliario.com/MLC-4510775214-departamento-recien-remodelado-luminoso-y-con-ubi-_JM
Departamento Un Dormitorio / Metro Hdo. De Magallanes,4900.0,201220362.0,45.0,108.89,166.0,1.0,1.0,110000.0,Las Condes,Metro Hernando De Magallanes,2026-09-21,2026-09-21,https://www.portalinmobiliario.com/MLC-4499771540-departamento-un-dormitorio-metro-hdo-de-magallanes-_JM
Departamento En Venta Los Estanques Providencia,8500.0,349055730.0,78.0,108.97,,3.0,1.0,,Providencia,Providencia,2026-09-23,2026-09-23,https://www.portalinmobiliario.com/MLC-2267451093-departamento-en-venta-los-estanques-providencia-_JM
Venta Depto 3d 3b El Golf. Magdalena. Nororiente. Las Condes,10900.0,447612642.0,100.0,109.0,99.0,3.0,1.0,380000.0,Las Condes,Barrio El Golf,2026-09-22,2026-09-22,https://www.portalinmobiliario.com/MLC-4502776602-venta-depto-3d-3b-el-golf-magdalena-nororiente-las-condes-_JM
Perez Valenzuela - Manuel Montt,5450.0,223806321.0,50.0,109.0,154.0,2.0,1.0,132000.0,Providencia,Manuel Montt,2026-09-25,2026-09-24,https://www.portalinmobiliario.com/MLC-2274115781-perez-valenzuela-manuel-montt-_JM
Fabuloso Departamento Sector Mall Sport,10900.0,447612642.0,100.0,109.0,102.0,3.0,1.0,300000.0,Las Condes,Mall Sport,2026-09-27,2026-09-26,https://www.portalinmobiliario.com/MLC-2278340419-fabuloso-departamento-sector-mall-sport-_JM
Hermoso Depto En Venta De 2 Dorm. En Providencia,10800.0,443506104.0,99.0,109.09,,2.0,,,Providencia,Inés De Suárez,2026-10-01,,https://www.portalinmobiliario.com/MLC-4525971622-hermoso-depto-en-venta-de-2-dorm-en-providencia-_JM
Oportunidad! 2 Dormitorios En Suite Mall Alto Las Condes,7100.0,291564198.0,65.0,109.23,119.0,2.0,1.0,0.0,Las Condes,Alto Las Condes,2026-09-21,2026-09-21,https://www.portalinmobiliario.com/MLC-4500847180-oportunidad-2-dormitorios-en-suite-mall-alto-las-condes-_JM
Venta Departamento Amoblado,3719.0,152722148.0,34.0,109.38,,1.0,,,Santiago,Barrio Diez De Julio,2026-10-01,,https://www.portalinmobiliario.com/MLC-4531668274-venta-departamento-amoblado-_JM
Venta Departamento 3d 3b E B - Providencia,9300.0,381908034.0,85.0,109.41,86.0,3.0,1.0,200000.0,Providencia,Inés De Suárez,2026-09-20,2026-09-20,https://www.portalinmobiliario.com/MLC-2256976673-venta-departamento-3d-3b-e-b-providencia-_JM
Venta Departamento Plaza La Alcaldesa Provide (160516),5800.0,238179204.0,53.0,109.43,85.0,1.0,0.0,170000.0,Providencia,California,2026-09-26,2026-09-25,https://www.portalinmobiliario.com/MLC-2275959521-venta-departamento-plaza-la-alcaldesa-provide-160516-_JM
Gran Piscina / 2 Est. / Terraza / Rotonda Atenas,8100.0,332629578.0,74.0,109.46,103.0,2.0,2.0,280000.0,Las Condes,Rotonda Atenas,2026-09-22,2026-09-21,https://www.portalinmobiliario.com/MLC-4505384626-gran-piscina-2-est-terraza-rotonda-atenas-_JM
Departamento Y Estacionamiento Miguel Claro (173210),6349.0,260724098.0,58.0,109.47,,2.0,,,Providencia,Chile,2026-10-01,,https://www.portalinmobiliario.com/MLC-4531683590-departamento-y-estacionamiento-miguel-claro-173210-_JM
Amplio Gran Terraza Excelente Ubicación  (154144),8990.0,369177766.0,82.0,109.63,86.0,2.0,1.0,290000.0,Providencia,Campus Oriente,2026-09-24,2026-09-23,https://www.portalinmobiliario.com/MLC-4510779908-amplio-gran-terraza-excelente-ubicacion-154144-_JM
Dpto Mariposa. En Las Condes,6800.0,279244584.0,62.0,109.68,111.0,2.0,1.0,200000.0,Las Condes,Metro Manquehue - Apumanque,2026-09-23,2026-09-22,https://www.portalinmobiliario.com/MLC-2268792741-dpto-mariposa-en-las-condes-_JM
Avenida Manquehue Sur / Apoquindo,6800.0,279244584.0,62.0,109.68,111.0,2.0,1.0,135000.0,Las Condes,Metro Manquehue - Apumanque,2026-09-23,2026-09-22,https://www.portalinmobiliario.com/MLC-4509209084-avenida-manquehue-sur-apoquindo-_JM
Venta Semi Nuevo Metro Santa Lucia 2d/2b/e,4390.0,180277018.0,40.0,109.75,83.0,2.0,1.0,150000.0,Santiago,Santa Isabel,2026-09-23,2026-09-22,https://www.portalinmobiliario.com/MLC-2267446707-venta-semi-nuevo-metro-santa-lucia-2d2be-_JM
"Vendo Departamento Estudio Amoblado, Cercano A Metro",4500.0,184794210.0,41.0,109.76,,1.0,,,Las Condes,Metro Hernando De Magallanes,2026-10-01,,https://www.portalinmobiliario.com/MLC-4531655958-vendo-departamento-estudio-amoblado-cercano-a-metro-_JM
"Edif Almagro, Vista Oriente, Sector Noruega",11200.0,459932256.0,102.0,109.8,99.0,3.0,1.0,300000.0,Las Condes,Metro Manquehue - Apumanque,2026-09-21,2026-09-21,https://www.portalinmobiliario.com/MLC-2262139609-edif-almagro-vista-oriente-sector-noruega-_JM
Exclusivo Depto. Próximo A Metro Manquehue,8800.0,361375344.0,80.0,110.0,99.0,2.0,1.0,,Las Condes,Metro Manquehue - Apumanque,2026-09-21,2026-09-21,https://www.portalinmobiliario.com/MLC-2262135365-exclusivo-depto-proximo-a-metro-manquehue-_JM
"Vendo Departamento Un Dormito, Estacionamiento Providencia",4290.0,176170480.0,39.0,110.0,,1.0,1.0,,Providencia,Providencia,2026-09-28,2026-09-28,https://www.portalinmobiliario.com/MLC-2282596141-vendo-departamento-un-dormito-estacionamiento-providencia-_JM
Exclusivo Departamento En Providencia Con Gran Terraza,11000.0,451719180.0,100.0,110.0,94.0,2.0,1.0,150000.0,Providencia,Los Leones,2026-09-25,2026-09-24,https://www.portalinmobiliario.com/MLC-4513402550-exclusivo-departamento-en-providencia-con-gran-terraza-_JM
Excelente Ubicación /  Los Leones-- Pio X,4400.0,180687672.0,40.0,110.0,154.0,1.0,1.0,85000.0,Providencia,Los Leones,2026-09-23,2026-09-22,https://www.portalinmobiliario.com/MLC-2267442371-excelente-ubicacion-los-leones-pio-x-_JM
Amplio Dpto En Venta /edif. Almagro / 3d,11800.0,484571484.0,107.0,110.28,93.0,3.0,2.0,310000.0,Las Condes,Sebastián Elcano,2026-09-22,2026-09-22,https://www.portalinmobiliario.com/MLC-2264208281-amplio-dpto-en-venta-edif-almagro-3d-_JM
Amplio Y Moderno Departamento Mariposa,8500.0,349055730.0,77.0,110.39,110.0,2.0,2.0,180000.0,Las Condes,Mall Sport,2026-09-22,2026-09-22,https://www.portalinmobiliario.com/MLC-2264203617-amplio-y-moderno-departamento-mariposa-_JM
Moderno Departamento Mariposa 2 Dorm,8500.0,349055730.0,77.0,110.39,110.0,2.0,1.0,180000.0,Las Condes,Mall Sport,2026-09-22,2026-09-22,https://www.portalinmobiliario.com/MLC-4501921462-moderno-departamento-mariposa-2-dorm-_JM
Mayecura / Vista Oriente,7950.0,326469771.0,72.0,110.42,,2.0,,,Las Condes,Rotonda Atenas,2026-10-01,,https://www.portalinmobiliario.com/MLC-4525966682-mayecura-vista-oriente-_JM
Departamento En Venta En Providencia,9500.0,390121110.0,86.0,110.47,114.0,2.0,0.0,220000.0,Providencia,Inés De Suárez,2026-09-23,2026-09-22,https://www.portalinmobiliario.com/MLC-2268779219-departamento-en-venta-en-providencia-_JM
Sin Comisión / Moderno / Iluminado,9510.0,390531764.0,86.0,110.58,86.0,3.0,1.0,180000.0,Providencia,Campus Oriente,2026-09-22,2026-09-21,https://www.portalinmobiliario.com/MLC-4505362442-sin-comision-moderno-iluminado-_JM
Sin Comisión/ Nuevo/ Metro Inés De Suárez/ Moderno,9510.0,390531764.0,86.0,110.58,86.0,3.0,0.0,180000.0,Providencia,Campus Oriente,2026-09-22,2026-09-21,https://www.portalinmobiliario.com/MLC-4505427098-sin-comision-nuevo-metro-ines-de-suarez-moderno-_JM
Departamento En Venta De 1 Y 2 Dorm. En Santiago,3540.0,145371445.0,32.0,110.62,,1.0,,,Providencia,Barrio Italia,2026-10-01,,https://www.portalinmobiliario.com/MLC-2283603663-departamento-en-venta-de-1-y-2-dorm-en-santiago-_JM
"Depto. 1d + Estac. + Bodega En Mar Del Plata, Providencia",3652.7,150000000.0,33.0,110.69,154.0,1.0,1.0,85000.0,Providencia,Pedro De Valdivia,2026-09-25,2026-09-24,https://www.portalinmobiliario.com/MLC-2273830153-depto-1d-estac-bodega-en-mar-del-plata-providencia-_JM
Departamento Nuevo En Venta En Providencia. Conectividad.,8193.0,336448658.0,74.0,110.72,85.0,2.0,0.0,0.0,Providencia,Campus Oriente,2026-09-23,2026-09-22,https://www.portalinmobiliario.com/MLC-2268792251-departamento-nuevo-en-venta-en-providencia-conectividad-_JM
Remodelado De 2 Dorm. En Las Condes,7200.0,295670736.0,65.0,110.77,103.0,2.0,0.0,95000.0,Las Condes,Vaticano,2026-09-23,2026-09-22,https://www.portalinmobiliario.com/MLC-2267397915-remodelado-de-2-dorm-en-las-condes-_JM
Departamento En Venta De 2 Dorm. En Las Condes,7200.0,295670736.0,65.0,110.77,,2.0,,,Las Condes,Alto Las Condes,2026-10-01,,https://www.portalinmobiliario.com/MLC-2288558249-departamento-en-venta-de-2-dorm-en-las-condes-_JM
Depto Recien Remodelado Excelente Ubicacion Providencia,3880.0,159333674.0,35.0,110.86,,1.0,,,Providencia,Los Leones,2026-10-01,,https://www.portalinmobiliario.com/MLC-4530121766-depto-recien-remodelado-excelente-ubicacion-providencia-_JM
Oportunidad 1 Dormitorio Y Estacionamiento - Oriente,3880.0,159333674.0,35.0,110.86,,1.0,,,Providencia,Las Lilas,2026-10-01,,https://www.portalinmobiliario.com/MLC-4526066886-oportunidad-1-dormitorio-y-estacionamiento-oriente-_JM
Venta Departamento 2d 2b E B - Providencia,6100.0,250498818.0,55.0,110.91,85.0,2.0,1.0,180000.0,Providencia,Inés De Suárez,2026-09-20,2026-09-20,https://www.portalinmobiliario.com/MLC-2256990213-venta-departamento-2d-2b-e-b-providencia-_JM
Padre Mariano / Metro Pedro Valdiv / Estacionamie / 2d - 2 B,5000.0,205326900.0,45.0,111.11,154.0,2.0,1.0,140000.0,Providencia,Pedro De Valdivia,2026-09-27,2026-09-26,https://www.portalinmobiliario.com/MLC-2276128267-padre-mariano-metro-pedro-valdiv-estacionamie-2d-2-b-_JM
Depto En Venta 1 Dorm. Providencia / Estaci. / Inversionista,3890.0,159744328.0,35.0,111.14,83.0,1.0,1.0,100000.0,Providencia,Plaza Italia,2026-09-23,2026-09-22,https://www.portalinmobiliario.com/MLC-2268766669-depto-en-venta-1-dorm-providencia-estaci-inversionista-_JM
Espectacular Vista Despejada Departamento Venta. Las Condes,8450.0,347002461.0,76.0,111.18,,2.0,,,Las Condes,Mall Sport,2026-10-01,,https://www.portalinmobiliario.com/MLC-4530117424-espectacular-vista-despejada-departamento-venta-las-condes-_JM
Precioso Dpto. En Venta De 2 Dorm. En Privilegiada Ubicación,8900.0,365481882.0,80.0,111.25,99.0,2.0,1.0,340000.0,Las Condes,Parque Arauco,2026-09-22,2026-09-21,https://www.portalinmobiliario.com/MLC-4505384518-precioso-dpto-en-venta-de-2-dorm-en-privilegiada-ubicacion-_JM
Departamento Nuevo - Sin Comisión - Estudio,2450.0,100610181.0,22.0,111.36,66.0,1.0,0.0,,Santiago,Parque Los Reyes,2026-09-29,2026-09-28,https://www.portalinmobiliario.com/MLC-4523811638-departamento-nuevo-sin-comision-estudio-_JM
Loft En Venta De 1 Dorm. En Providencia,4900.0,201220362.0,44.0,111.36,154.0,1.0,1.0,105000.0,Providencia,Manuel Montt,2026-09-22,2026-09-21,https://www.portalinmobiliario.com/MLC-2265334511-loft-en-venta-de-1-dorm-en-providencia-_JM
Vendemos Depto 3 Dorm 3 Baños Av Holanda,11150.0,457878987.0,100.0,111.5,94.0,3.0,1.0,250000.0,Providencia,Las Lilas,2026-09-23,2026-09-22,https://www.portalinmobiliario.com/MLC-2268767545-vendemos-depto-3-dorm-3-banos-av-holanda-_JM
Departamento En Venta En Las Condes,9590.0,393816994.0,86.0,111.51,95.0,2.0,1.0,220000.0,Las Condes,Vaticano,2026-09-22,2026-09-21,https://www.portalinmobiliario.com/MLC-4505439718-departamento-en-venta-en-las-condes-_JM
Vista Despejada/ Remodelado/ Jumbo Bilbao,9590.0,393816994.0,86.0,111.51,95.0,2.0,1.0,220000.0,Las Condes,Vaticano,2026-09-22,2026-09-21,https://www.portalinmobiliario.com/MLC-4505439736-vista-despejada-remodelado-jumbo-bilbao-_JM
Departamento Domeyko Id: 157003,2678.7,110000000.0,24.0,111.61,,1.0,,,Santiago,Ejército - Toesca,2026-10-01,,https://www.portalinmobiliario.com/MLC-4533910118-departamento-domeyko-id-157003-_JM
Depto  2 Habitaciones 2 Baños  Estacionamiento  Bodega,7500.0,307990350.0,67.0,111.94,,2.0,,,Las Condes,Metro Hernando De Magallanes,2026-10-01,,https://www.portalinmobiliario.com/MLC-2283591167-depto-2-habitaciones-2-banos-estacionamiento-bodega-_JM
Venta Estudio Amoblado / Santiago,2800.0,114983064.0,25.0,112.0,,1.0,,,Santiago,Parque Almagro,2026-10-01,,https://www.portalinmobiliario.com/MLC-4533905186-venta-estudio-amoblado-santiago-_JM
Departamento En Venta De 2 Dorm. En Las Condes,7290.0,299366620.0,65.0,112.15,101.0,2.0,2.0,200000.0,Las Condes,Rotonda Atenas,2026-09-22,2026-09-21,https://www.portalinmobiliario.com/MLC-2265338839-departamento-en-venta-de-2-dorm-en-las-condes-_JM
Departamento En Venta De 3 Dorm. En Las Condes,12000.0,492784560.0,107.0,112.15,93.0,3.0,2.0,300000.0,Las Condes,Sebastián Elcano,2026-09-22,2026-09-21,https://www.portalinmobiliario.com/MLC-2265321533-departamento-en-venta-de-3-dorm-en-las-condes-_JM
Excelente Ubicación / Amplia Terraza / Supermercados Cerca,7290.0,299366620.0,65.0,112.15,103.0,2.0,2.0,200000.0,Las Condes,Rotonda Atenas,2026-09-22,2026-09-21,https://www.portalinmobiliario.com/MLC-2265338793-excelente-ubicacion-amplia-terraza-supermercados-cerca-_JM
¡oportunidad En Las Condes: Dpto 41m² Nor-poniente!,4600.0,188900748.0,41.0,112.2,154.0,1.0,0.0,125000.0,Las Condes,Barrio El Golf,2026-09-29,2026-09-28,https://www.portalinmobiliario.com/MLC-4523773982-oportunidad-en-las-condes-dpto-41m-nor-poniente-_JM
Depto Plaza Las Lilas,11250.0,461985525.0,100.0,112.5,95.0,3.0,1.0,180000.0,Providencia,Las Lilas,2026-09-27,2026-09-26,https://www.portalinmobiliario.com/MLC-4517617376-depto-plaza-las-lilas-_JM
"Departamentos En Venta De Estudio, 1 Y 2 Dorm. En Santiago",2700.0,110876526.0,24.0,112.5,,1.0,,,Santiago,Dieciocho,2026-10-01,,https://www.portalinmobiliario.com/MLC-2283616727-departamentos-en-venta-de-estudio-1-y-2-dorm-en-santiago-_JM
Departamento En Venta De 1 Dorm. En Las Condes,4500.0,184794210.0,40.0,112.5,,1.0,,,Las Condes,Vaticano,2026-10-01,,https://www.portalinmobiliario.com/MLC-4533857732-departamento-en-venta-de-1-dorm-en-las-condes-_JM
Departamento De Dos Dormitorios En Venta En Las Condes,8100.0,332629578.0,72.0,112.5,107.0,2.0,1.0,130000.0,Las Condes,Centro Financiero,2026-09-18,2026-09-18,https://www.portalinmobiliario.com/MLC-4491460682-departamento-de-dos-dormitorios-en-venta-en-las-condes-_JM
Amplio Departamento En Venta Metro Manquehue,4500.0,184794210.0,40.0,112.5,,1.0,,,Las Condes,Metro Manquehue - Apumanque,2026-10-01,,https://www.portalinmobiliario.com/MLC-2285738207-amplio-departamento-en-venta-metro-manquehue-_JM
Venta Departamento Pedro De Valdivia Con Estacionamiento,3940.0,161797597.0,35.0,112.57,154.0,1.0,1.0,110000.0,Providencia,Pedro De Valdivia,2026-09-22,2026-09-21,https://www.portalinmobiliario.com/MLC-4505423010-venta-departamento-pedro-de-valdivia-con-estacionamiento-_JM
Eléctrico / Diego De Almagro / Nuevo,9690.0,397923532.0,86.0,112.67,86.0,3.0,0.0,180000.0,Providencia,Campus Oriente,2026-09-22,2026-09-21,https://www.portalinmobiliario.com/MLC-4505440034-electrico-diego-de-almagro-nuevo-_JM
"Deptos Nuevos, Lyon/e. Yañez (184474)",7550.0,310043619.0,67.0,112.69,,2.0,,,Providencia,Pedro De Valdivia,2026-10-01,,https://www.portalinmobiliario.com/MLC-4528507766-deptos-nuevos-lyone-yanez-184474-_JM
Departamento Mariposa En Metro Manquehue,7780.0,319488656.0,69.0,112.75,,2.0,,,Las Condes,Metro Manquehue - Apumanque,2026-10-01,,https://www.portalinmobiliario.com/MLC-2285749747-departamento-mariposa-en-metro-manquehue-_JM
Providencia I 1 D + Terraza + Vista Despejada + Estac.+ Bod.,4400.0,180687672.0,39.0,112.82,154.0,1.0,1.0,,Providencia,Pedro De Valdivia,2026-09-23,2026-09-22,https://www.portalinmobiliario.com/MLC-2267398643-providencia-i-1-d-terraza-vista-despejada-estac-bod-_JM
Desde 1d+1b En Santiago Centro | Alta Plusvalía,3160.0,129766601.0,28.0,112.86,66.0,1.0,0.0,64000.0,Santiago,Barrio Yungay,2026-09-24,2026-09-23,https://www.portalinmobiliario.com/MLC-2271029491-desde-1d1b-en-santiago-centro-alta-plusvalia-_JM
Se Vende Depto 2dorm+2baños+2estacionamientos (180313),7000.0,287457660.0,62.0,112.9,111.0,2.0,2.0,160000.0,Las Condes,Metro Hernando De Magallanes,2026-09-25,2026-09-24,https://www.portalinmobiliario.com/MLC-4513686606-se-vende-depto-2dorm2banos2estacionamientos-180313-_JM
Nuevo/ 3 Dormitorios / 2 Baños / Providencia,9600.0,394227648.0,85.0,112.94,86.0,3.0,1.0,130000.0,Providencia,Inés De Suárez,2026-09-22,2026-09-21,https://www.portalinmobiliario.com/MLC-4505359830-nuevo-3-dormitorios-2-banos-providencia-_JM
Depto. En Venta/3 Dor / 2 Baños / Providencia/ Sin Comisión,9600.0,394227648.0,85.0,112.94,86.0,3.0,1.0,130000.0,Providencia,Inés De Suárez,2026-09-22,2026-09-21,https://www.portalinmobiliario.com/MLC-4505424434-depto-en-venta3-dor-2-banos-providencia-sin-comision-_JM
Departamento En Venta Providencia 2d &#43; 2b,6100.0,250498818.0,54.0,112.96,98.0,2.0,1.0,200000.0,Providencia,Av Providencia,2026-09-21,2026-09-21,https://www.portalinmobiliario.com/MLC-2263573391-departamento-en-venta-providencia-2d-43-2b-_JM
"Luminoso, Cerca Colegio Aleman (184658)",11900.0,488678022.0,105.0,113.33,,,,,Las Condes,Alto Las Condes,2026-10-01,,https://www.portalinmobiliario.com/MLC-4531655380-luminoso-cerca-colegio-aleman-184658-_JM
Topisimo Y Moderno Departamento En Venta Providencia.,11700.0,480464946.0,103.0,113.59,86.0,3.0,3.0,350000.0,Providencia,Inés De Suárez,2026-09-25,2026-09-24,https://www.portalinmobiliario.com/MLC-2274566993-topisimo-y-moderno-departamento-en-venta-providencia-_JM
Departamento A La Venta Providencia/santa Beatriz,3750.0,153995175.0,33.0,113.64,154.0,1.0,0.0,120000.0,Providencia,Pedro De Valdivia,2026-09-27,2026-09-26,https://www.portalinmobiliario.com/MLC-2278347725-departamento-a-la-venta-providenciasanta-beatriz-_JM
Departamento En Venta En Providencia,10230.0,420098837.0,90.0,113.67,,3.0,0.0,,Providencia,Campus Oriente,2026-09-22,2026-09-22,https://www.portalinmobiliario.com/MLC-4505439710-departamento-en-venta-en-providencia-_JM
Departamento En Venta De 3 Dorm. En Providencia,9780.0,401619416.0,86.0,113.72,86.0,3.0,1.0,130000.0,Providencia,Inés De Suárez,2026-09-22,2026-09-21,https://www.portalinmobiliario.com/MLC-4505359798-departamento-en-venta-de-3-dorm-en-providencia-_JM
Departamento Tipo Estudio Moderno,2730.0,112108487.0,24.0,113.75,66.0,,0.0,57000.0,Santiago,Barrio Yungay,2026-09-24,2026-09-23,https://www.portalinmobiliario.com/MLC-2271041709-departamento-tipo-estudio-moderno-_JM
Venta Departamento 3hab 2ba Providencia,11950.0,490731291.0,105.0,113.81,95.0,3.0,2.0,300000.0,Providencia,Las Lilas,2026-09-26,2026-09-25,https://www.portalinmobiliario.com/MLC-2275677077-venta-departamento-3hab-2ba-providencia-_JM
Julio Prado - H,6500.0,266924970.0,57.0,114.04,,2.0,,,Providencia,Barrio Italia,2026-10-01,,https://www.portalinmobiliario.com/MLC-4524183660-julio-prado-h-_JM
Depto. 3d/2b Con Amplia Terraza En Las Condes,8900.0,365481882.0,78.0,114.1,,3.0,,,Las Condes,Rotonda Atenas,2026-10-01,,https://www.portalinmobiliario.com/MLC-2286361161-depto-3d2b-con-amplia-terraza-en-las-condes-_JM
Gran Oportunidad - Moderno 1d/1b + Estacionamiento Y Bodega,3890.0,159744328.0,34.0,114.41,152.0,1.0,1.0,85000.0,Las Condes,Los Dominicos,2026-09-26,2026-09-25,https://www.portalinmobiliario.com/MLC-2275709925-gran-oportunidad-moderno-1d1b-estacionamiento-y-bodega-_JM
Metro Inés De Suarez - Universidad Finis Terrae,7900.0,324416502.0,69.0,114.49,85.0,2.0,1.0,0.0,Providencia,Inés De Suárez,2026-09-23,2026-09-22,https://www.portalinmobiliario.com/MLC-2267429589-metro-ines-de-suarez-universidad-finis-terrae-_JM
"Venta Departamento, Linda Vista, 2/d -2/b Estupenda Ubicació",6190.0,254194702.0,54.0,114.63,,2.0,,,Providencia,,2026-10-01,,https://www.portalinmobiliario.com/MLC-2283591505-venta-departamento-linda-vista-2d-2b-estupenda-ubicacio-_JM
Exclusivo 2 Dorm. 2 Baños. Estac. Bodega. Providencia,8600.0,353162268.0,75.0,114.67,,2.0,,,Providencia,Pedro De Valdivia,2026-10-01,,https://www.portalinmobiliario.com/MLC-2290687099-exclusivo-2-dorm-2-banos-estac-bodega-providencia-_JM
Depto 1d + 1b A Pasos Del Metro Pedro De Valdivia,3214.4,132000000.0,28.0,114.8,154.0,1.0,0.0,,Providencia,Chile,2026-09-22,2026-09-22,https://www.portalinmobiliario.com/MLC-2264569977-depto-1d-1b-a-pasos-del-metro-pedro-de-valdivia-_JM
"Pocuro, Club Providencia (171567)",8500.0,349055730.0,74.0,114.86,103.0,2.0,1.0,120000.0,Providencia,Metro Bilbao,2026-09-21,2026-09-21,https://www.portalinmobiliario.com/MLC-4499463434-pocuro-club-providencia-171567-_JM
Metro Inés De Suárez / Iluminado / Bien Ubicado,9190.0,377390842.0,80.0,114.88,86.0,2.0,2.0,270000.0,Providencia,Inés De Suárez,2026-09-22,2026-09-21,https://www.portalinmobiliario.com/MLC-4505361340-metro-ines-de-suarez-iluminado-bien-ubicado-_JM
Como Nuevo Depto 3d-3b. Dgo De Almagro-prov.,11490.0,471841216.0,100.0,114.9,86.0,3.0,2.0,330000.0,Providencia,Campus Oriente,2026-09-24,2026-09-23,https://www.portalinmobiliario.com/MLC-2270952691-como-nuevo-depto-3d-3b-dgo-de-almagro-prov-_JM
Departamento Manquehue Norte,9900.0,406547262.0,86.0,115.12,,3.0,,,Las Condes,Nueva Las Condes,2026-10-01,,https://www.portalinmobiliario.com/MLC-4524157736-departamento-manquehue-norte-_JM
Departamento En Venta De 1 Dorm. En Las Condes,5990.0,245981626.0,52.0,115.19,,1.0,,,Las Condes,Metro Hernando De Magallanes,2026-10-01,,https://www.portalinmobiliario.com/MLC-4528515276-departamento-en-venta-de-1-dorm-en-las-condes-_JM
Departamento En Venta De 2 Dorm. En Providencia,10490.0,430775836.0,91.0,115.27,,2.0,,,Providencia,Campus Oriente,2026-10-01,,https://www.portalinmobiliario.com/MLC-4531647580-departamento-en-venta-de-2-dorm-en-providencia-_JM
Comisión Rebajada!! Luminoso Depto En Venta 2d-2b Las Condes,8300.0,340842654.0,72.0,115.28,,2.0,,,Las Condes,Metro Manquehue - Apumanque,2026-10-01,,https://www.portalinmobiliario.com/MLC-4533906718-comision-rebajada-luminoso-depto-en-venta-2d-2b-las-condes-_JM
Dúplex / Providencia / 2 Estacionamientos / Bodega,11990.0,492373906.0,104.0,115.29,82.0,2.0,2.0,300000.0,Providencia,Inés De Suárez,2026-09-22,2026-09-21,https://www.portalinmobiliario.com/MLC-4505437484-duplex-providencia-2-estacionamientos-bodega-_JM
Rebajado! Amplio Departamento/3 Estacionamientos/la Cabaña,7500.0,307990350.0,65.0,115.38,110.0,2.0,2.0,0.0,Las Condes,Mall Sport,2026-09-28,2026-09-23,https://www.portalinmobiliario.com/MLC-2282582607-rebajado-amplio-departamento3-estacionamientosla-cabana-_JM
Departamento En Venta En Providencia,4390.0,180277018.0,38.0,115.53,155.0,1.0,1.0,130000.0,Providencia,Las Lilas,2026-09-24,2026-09-23,https://www.portalinmobiliario.com/MLC-2270962875-departamento-en-venta-en-providencia-_JM
Departamento En Las Condes/ Warren Smith,9500.0,390121110.0,82.0,115.85,99.0,3.0,1.0,200000.0,Las Condes,Las Condes,2026-09-23,2026-09-22,https://www.portalinmobiliario.com/MLC-4506281046-departamento-en-las-condes-warren-smith-_JM
Departamento 1d1b Con Estacionamiento Bodega Metro Salvador,5100.0,209433438.0,44.0,115.91,83.0,1.0,1.0,185000.0,Providencia,Salvador,2026-09-23,2026-09-22,https://www.portalinmobiliario.com/MLC-2267442627-departamento-1d1b-con-estacionamiento-bodega-metro-salvador-_JM
Departamento En Dario Urzua Con Vista Despejada  Y Luminoso,7650.0,314150157.0,66.0,115.91,98.0,2.0,1.0,288000.0,Providencia,Providencia,2026-09-24,2026-09-23,https://www.portalinmobiliario.com/MLC-4509223294-departamento-en-dario-urzua-con-vista-despejada-y-luminoso-_JM
"Tomás Guevara / Tobalaba: 1d 1b, Terraza, Est, Bodega, Metro",4870.0,199988401.0,42.0,115.95,154.0,1.0,1.0,140000.0,Providencia,Las Lilas,2026-09-28,2026-09-27,https://www.portalinmobiliario.com/MLC-2282592359-tomas-guevara-tobalaba-1d-1b-terraza-est-bodega-metro-_JM
Remodelado /el Golf/amoblado,11150.0,457878987.0,96.0,116.15,99.0,2.0,1.0,150000.0,Las Condes,Barrio El Golf,2026-09-22,2026-09-21,https://www.portalinmobiliario.com/MLC-4505359378-remodelado-el-golfamoblado-_JM
Departamento En Venta En Las Condes / Remodelado,11150.0,457878987.0,96.0,116.15,99.0,2.0,1.0,150000.0,Las Condes,Barrio El Golf,2026-09-22,2026-09-21,https://www.portalinmobiliario.com/MLC-4505436416-departamento-en-venta-en-las-condes-remodelado-_JM
Departamento En Venta De 2 Dorm. En Las Condes,11150.0,457878987.0,96.0,116.15,,2.0,1.0,,Las Condes,Barrio El Golf,2026-09-21,2026-09-21,https://www.portalinmobiliario.com/MLC-4501526626-departamento-en-venta-de-2-dorm-en-las-condes-_JM
Dp 1d Premium / Marcel Duhaut /. Las Lilas / Providencia,4995.0,205121573.0,43.0,116.16,154.0,1.0,0.0,120000.0,Providencia,Las Lilas,2026-09-21,2026-09-21,https://www.portalinmobiliario.com/MLC-2261829839-dp-1d-premium-marcel-duhaut-las-lilas-providencia-_JM
Venta Departamento Providencia California,5000.0,205326900.0,43.0,116.28,,1.0,,,Providencia,,2026-10-01,,https://www.portalinmobiliario.com/MLC-2288273463-venta-departamento-providencia-california-_JM
Departamento Barrios Las Lilas,8500.0,349055730.0,73.0,116.44,,2.0,,,Providencia,Las Lilas,2026-10-01,,https://www.portalinmobiliario.com/MLC-2283640487-departamento-barrios-las-lilas-_JM
"Departamento Excelente Barrio, Providencia  (88633)",9900.0,406547262.0,85.0,116.47,,2.0,,,Providencia,Manuel Montt,2026-10-01,,https://www.portalinmobiliario.com/MLC-4531631266-departamento-excelente-barrio-providencia-88633-_JM
Departamento Las Condes/ Enrique Foster Norte,10600.0,435293028.0,91.0,116.48,95.0,4.0,1.0,160000.0,Las Condes,Las Condes,2026-09-23,2026-09-22,https://www.portalinmobiliario.com/MLC-4506281048-departamento-las-condes-enrique-foster-norte-_JM
"Metro Manquehue, Apumanque (184609)",4900.0,201220362.0,42.0,116.67,,1.0,,,Las Condes,Metro Manquehue - Apumanque,2026-10-01,,https://www.portalinmobiliario.com/MLC-2288568375-metro-manquehue-apumanque-184609-_JM
Acogedor Dpto Rebajado (183044),4900.0,201220362.0,42.0,116.67,155.0,1.0,1.0,200000.0,Las Condes,Metro Hernando De Magallanes,2026-09-25,2026-09-24,https://www.portalinmobiliario.com/MLC-4514084354-acogedor-dpto-rebajado-183044-_JM
Departamento Dúplex En Arriendo  Las Condes- 2h- 2h-1 Estac,8990.0,369177766.0,77.0,116.75,107.0,2.0,1.0,200.0,Las Condes,Los Dominicos,2026-09-25,2026-09-24,https://www.portalinmobiliario.com/MLC-4513645174-departamento-duplex-en-arriendo-las-condes-2h-2h-1-estac-_JM
Oportunidad!!! Departamento De 1d/1b En Las Condes,5850.0,240232473.0,50.0,117.0,,1.0,,,Las Condes,Barrio El Golf,2026-10-01,,https://www.portalinmobiliario.com/MLC-4528507810-oportunidad-departamento-de-1d1b-en-las-condes-_JM
Depto 1 Dorm + 1 Est + 1 Bodega  - Providencia,5499.0,225818525.0,47.0,117.0,154.0,1.0,1.0,100000.0,Providencia,Pedro De Valdivia,2026-09-23,2026-09-22,https://www.portalinmobiliario.com/MLC-2268754505-depto-1-dorm-1-est-1-bodega-providencia-_JM
"Impecable Depto 3d-2b, Vista Despejada, Las Condes",8899.0,365440817.0,76.0,117.09,101.0,3.0,1.0,180000.0,Las Condes,Rotonda Atenas,2026-09-21,2026-09-21,https://www.portalinmobiliario.com/MLC-2262138473-impecable-depto-3d-2b-vista-despejada-las-condes-_JM
3d/2b Con Gran Terraza En Las Condes (180628),8900.0,365481882.0,76.0,117.11,101.0,3.0,1.0,180000.0,Las Condes,Rotonda Atenas,2026-09-28,2026-09-27,https://www.portalinmobiliario.com/MLC-2280138043-3d2b-con-gran-terraza-en-las-condes-180628-_JM
"A Pasos De Metro Los Leones, 1 Dormitorio",4100.0,168368058.0,35.0,117.14,154.0,1.0,1.0,130000.0,Providencia,Los Leones,2026-09-22,2026-09-22,https://www.portalinmobiliario.com/MLC-4501533780-a-pasos-de-metro-los-leones-1-dormitorio-_JM
"Depto Remodelado En Providencia, Terraza Y Estacionamiento",8200.0,336736116.0,70.0,117.14,,2.0,,,Providencia,Los Leones,2026-10-01,,https://www.portalinmobiliario.com/MLC-2290685167-depto-remodelado-en-providencia-terraza-y-estacionamiento-_JM
Vista Panoramica / Espectacular/  Cerro San Cristobal,8200.0,336736116.0,70.0,117.14,,2.0,,,Providencia,Pedro De Valdivia Norte,2026-10-01,,https://www.portalinmobiliario.com/MLC-4528503424-vista-panoramica-espectacular-cerro-san-cristobal-_JM
Departamento En Venta De 1 Dorm. En Providencia,5390.0,221342398.0,46.0,117.17,154.0,1.0,1.0,150000.0,Providencia,Las Lilas,2026-09-29,2026-09-23,https://www.portalinmobiliario.com/MLC-2282599893-departamento-en-venta-de-1-dorm-en-providencia-_JM
Depto Las Condes: Alta Plusvalía Y Gran Conectividad,6100.0,250498818.0,52.0,117.31,,2.0,,,Las Condes,Estoril,2026-10-01,,https://www.portalinmobiliario.com/MLC-2285735471-depto-las-condes-alta-plusvalia-y-gran-conectividad-_JM
Departamento En Venta De 3 Dorm. En Providencia,11737.0,481984365.0,100.0,117.37,,3.0,,,Providencia,Galvarino Gallardo,2026-10-01,,https://www.portalinmobiliario.com/MLC-2283603687-departamento-en-venta-de-3-dorm-en-providencia-_JM
"Oportunidad, Depto 3b/2b Con 1e/1b Ideal Familias",11390.0,467734678.0,97.0,117.42,99.0,3.0,1.0,300000.0,Las Condes,Metro Manquehue - Apumanque,2026-09-23,2026-09-22,https://www.portalinmobiliario.com/MLC-4505367400-oportunidad-depto-3b2b-con-1e1b-ideal-familias-_JM
"Dpto Duplex De Lujo Con Mirador, Unico!! (180734)",11990.0,492373906.0,102.0,117.55,86.0,2.0,1.0,300000.0,Providencia,Campus Oriente,2026-09-28,2026-09-27,https://www.portalinmobiliario.com/MLC-2280137987-dpto-duplex-de-lujo-con-mirador-unico-180734-_JM
Oportunidad 1 Dormitorio Nva Las Condes La Gloria Est + Bod,5290.0,217235860.0,45.0,117.56,,1.0,,,Las Condes,Nueva Las Condes,2026-10-01,,https://www.portalinmobiliario.com/MLC-2285775729-oportunidad-1-dormitorio-nva-las-condes-la-gloria-est-bod-_JM
Departamento En Venta De 1 Dorm. En Las Condes,6000.0,246392280.0,51.0,117.65,,1.0,,,Las Condes,Metro Hernando De Magallanes,2026-10-01,,https://www.portalinmobiliario.com/MLC-4533924744-departamento-en-venta-de-1-dorm-en-las-condes-_JM
Hermoso Depto En Venta En El Vergel Providencia,5300.0,217646514.0,45.0,117.78,,1.0,,,Providencia,Los Leones,2026-10-01,,https://www.portalinmobiliario.com/MLC-2290631079-hermoso-depto-en-venta-en-el-vergel-providencia-_JM
Depto De 3 Dormitorios Con Azotea Privada!,10600.0,435293028.0,90.0,117.78,86.0,3.0,2.0,210000.0,Providencia,Inés De Suárez,2026-09-23,2026-09-22,https://www.portalinmobiliario.com/MLC-2268792679-depto-de-3-dormitorios-con-azotea-privada-_JM
Moderno / Azotea Privada / 3d / 2b / Providencia,10600.0,435293028.0,90.0,117.78,86.0,3.0,2.0,210000.0,Providencia,Inés De Suárez,2026-09-22,2026-09-21,https://www.portalinmobiliario.com/MLC-4505439592-moderno-azotea-privada-3d-2b-providencia-_JM
Depto De 3 Dormitorios Con Azotea Privada!,10601.0,435334093.0,90.0,117.79,86.0,3.0,2.0,210000.0,Providencia,Inés De Suárez,2026-09-23,2026-09-22,https://www.portalinmobiliario.com/MLC-2268779625-depto-de-3-dormitorios-con-azotea-privada-_JM
Excelente Departamento En Las Condes,6950.0,285404391.0,59.0,117.8,111.0,2.0,1.0,170000.0,Las Condes,Metro Manquehue - Apumanque,2026-09-21,2026-09-21,https://www.portalinmobiliario.com/MLC-2262139731-excelente-departamento-en-las-condes-_JM
"Remodelada Y Amoblada, En Condominio (160168)",10490.0,430775836.0,89.0,117.87,,2.0,,,Las Condes,Los Dominicos,2026-10-01,,https://www.portalinmobiliario.com/MLC-4531671902-remodelada-y-amoblada-en-condominio-160168-_JM
Departamento En Venta De 2 Dorm. En Las Condes,11800.0,484571484.0,100.0,118.0,,2.0,,,Las Condes,Departamento En Pleno Corazon Del Golf,2026-10-01,,https://www.portalinmobiliario.com/MLC-2288558487-departamento-en-venta-de-2-dorm-en-las-condes-_JM
"Ideal Para Inversión, Amplio Y Luminoso (175751)",4250.0,174527865.0,36.0,118.06,154.0,1.0,1.0,125000.0,Providencia,Los Leones,2026-09-23,2026-09-22,https://www.portalinmobiliario.com/MLC-4507154788-ideal-para-inversion-amplio-y-luminoso-175751-_JM
Depto. En Venta Las Condes 2hab./2banos/est/bod/10min Metro,7090.0,291153544.0,60.0,118.17,119.0,2.0,1.0,150000.0,Las Condes,Alto Las Condes,2026-09-22,2026-09-22,https://www.portalinmobiliario.com/MLC-4501922988-depto-en-venta-las-condes-2hab2banosestbod10min-metro-_JM
Hermoso Departamento Con Todas Las Comodidades,7800.0,320309964.0,66.0,118.18,68.0,2.0,1.0,0.0,Providencia,Salvador,2026-09-24,2026-09-23,https://www.portalinmobiliario.com/MLC-4510754692-hermoso-departamento-con-todas-las-comodidades-_JM
"Cómodo, Vista Privilegiada A Pasos De Parque Araucano",8900.0,365481882.0,75.0,118.67,,2.0,,,Las Condes,Parque Arauco,2026-10-01,,https://www.portalinmobiliario.com/MLC-2288309355-comodo-vista-privilegiada-a-pasos-de-parque-araucano-_JM
En Venta Depto Moderno Y Espacioso Cerca Del Metro Manquehue,8900.0,365481882.0,75.0,118.67,,1.0,,,Las Condes,Metro Manquehue - Apumanque,2026-10-01,,https://www.portalinmobiliario.com/MLC-4528502804-en-venta-depto-moderno-y-espacioso-cerca-del-metro-manquehue-_JM
Departamento En Venta Sector Noruega,8900.0,365481882.0,75.0,118.67,111.0,2.0,2.0,168000.0,Las Condes,Metro Manquehue - Apumanque,2026-09-22,2026-09-22,https://www.portalinmobiliario.com/MLC-4502091230-departamento-en-venta-sector-noruega-_JM
3 Dormitorios / Estar / Azotea / Providencia,11990.0,492373906.0,101.0,118.71,,3.0,,,Providencia,Campus Oriente,2026-10-01,,https://www.portalinmobiliario.com/MLC-2290654915-3-dormitorios-estar-azotea-providencia-_JM
Se Vende Departamento Nuevo En Providencia 2hab/2 Baños/est.,9505.0,390326437.0,80.0,118.81,86.0,2.0,1.0,180000.0,Providencia,Campus Oriente,2026-09-22,2026-09-22,https://www.portalinmobiliario.com/MLC-4502089960-se-vende-departamento-nuevo-en-providencia-2hab2-banosest-_JM
3 Dormitorios / Estar / Azotea / Providencia,12000.0,492784560.0,101.0,118.81,,3.0,,,Providencia,Inés De Suárez,2026-10-01,,https://www.portalinmobiliario.com/MLC-2290641853-3-dormitorios-estar-azotea-providencia-_JM
Departamento En Venta En Providencia,5950.0,244339011.0,50.0,119.0,101.0,2.0,1.0,80000.0,Providencia,Barrio Italia,2026-09-23,2026-09-22,https://www.portalinmobiliario.com/MLC-2268792783-departamento-en-venta-en-providencia-_JM
Departamento En Venta De 1 Dorm. En Providencia,5950.0,244339011.0,50.0,119.0,154.0,1.0,1.0,190000.0,Providencia,Los Leones/California,2026-09-28,2026-09-27,https://www.portalinmobiliario.com/MLC-4522150044-departamento-en-venta-de-1-dorm-en-providencia-_JM
Departamento / Townhouse / 4 Pisos / Provi,10490.0,430775836.0,88.0,119.2,86.0,2.0,2.0,70000.0,Providencia,Campus Oriente,2026-09-22,2026-09-21,https://www.portalinmobiliario.com/MLC-4505426646-departamento-townhouse-4-pisos-provi-_JM
"Precio Imperdible, Ideal Para Inversión¡ (184082)",4650.0,190954017.0,39.0,119.23,152.0,1.0,1.0,140000.0,Las Condes,Metro Hernando De Magallanes,2026-09-26,2026-09-25,https://www.portalinmobiliario.com/MLC-2276133311-precio-imperdible-ideal-para-inversion-184082-_JM
Parque Inez De Suarez/vista Despejada/sin Comision/nuevo/,9780.0,401619416.0,82.0,119.27,86.0,3.0,1.0,130000.0,Providencia,Inés De Suárez,2026-09-22,2026-09-21,https://www.portalinmobiliario.com/MLC-2265338953-parque-inez-de-suarezvista-despejadasin-comisionnuevo-_JM
"Departamento Nuevo En Venta De 1 Dorm En Serrano , Santiago",2150.0,88290567.0,18.0,119.44,73.0,1.0,0.0,100000.0,Santiago,Serrano / Alonso De Ovalle,2026-09-19,2026-09-19,https://www.portalinmobiliario.com/MLC-2256973415-departamento-nuevo-en-venta-de-1-dorm-en-serrano-santiago-_JM
2d Y 2b  Orientación Norte,4300.0,176581134.0,36.0,119.44,,2.0,,,Providencia,Los Leones,2026-10-01,,https://www.portalinmobiliario.com/MLC-4533906612-2d-y-2b-orientacion-norte-_JM
Departamento En Venta De 2 Dorm. En Providencia,10170.0,417634915.0,85.0,119.65,,2.0,,,Providencia,Campus Oriente,2026-10-01,,https://www.portalinmobiliario.com/MLC-4531660346-departamento-en-venta-de-2-dorm-en-providencia-_JM
"Departamento Venta, Metro Los Dominicos, 3 Dorm. Las Condes",10900.0,447612642.0,91.0,119.78,96.0,3.0,1.0,270000.0,Las Condes,Los Dominicos,2026-09-24,2026-09-23,https://www.portalinmobiliario.com/MLC-4510300542-departamento-venta-metro-los-dominicos-3-dorm-las-condes-_JM
Cómodo Y Acogedor Departamento Llegar E Instalarse,6590.0,270620854.0,55.0,119.82,,2.0,1.0,,Providencia,Campus Oriente,2026-09-22,2026-09-22,https://www.portalinmobiliario.com/MLC-4505443458-comodo-y-acogedor-departamento-llegar-e-instalarse-_JM
"Departamentos En Venta Estudio, 1 Y 2 Dorm. En Santiago",2877.0,118145098.0,24.0,119.88,,1.0,,,Santiago,Ejército - Toesca,2026-10-01,,https://www.portalinmobiliario.com/MLC-2283616729-departamentos-en-venta-estudio-1-y-2-dorm-en-santiago-_JM
Departamento En Venta De 1 Dorm. En Providencia,7200.0,295670736.0,60.0,120.0,103.0,1.0,1.0,200000.0,Providencia,Las Lilas,2026-09-21,2026-09-21,https://www.portalinmobiliario.com/MLC-4499773836-departamento-en-venta-de-1-dorm-en-providencia-_JM
Departamento En Venta De 2 Dorm. En Pocuro,9251.0,379895830.0,77.0,120.14,85.0,2.0,2.0,150000.0,Providencia,Inés De Suárez,2026-09-23,2026-09-22,https://www.portalinmobiliario.com/MLC-2268752743-departamento-en-venta-de-2-dorm-en-pocuro-_JM
Preciosa Vista Despejada Gran Terraza Muy Amplio Y Luminoso,10700.0,439399566.0,89.0,120.22,95.0,2.0,1.0,170000.0,Las Condes,Vaticano,2026-09-24,2026-09-23,https://www.portalinmobiliario.com/MLC-2271041423-preciosa-vista-despejada-gran-terraza-muy-amplio-y-luminoso-_JM
Los Militare / Warre Smit / Estacionamie / Se Vende Amoblado,9400.0,386014572.0,78.0,120.51,,2.0,,,Las Condes,Nueva Las Condes,2026-10-01,,https://www.portalinmobiliario.com/MLC-4531653066-los-militare-warre-smit-estacionamie-se-vende-amoblado-_JM
Amplio Departamento Amoblado En Los Militares,9400.0,386014572.0,78.0,120.51,,2.0,,,Las Condes,Nueva Las Condes,2026-10-01,,https://www.portalinmobiliario.com/MLC-4530116490-amplio-departamento-amoblado-en-los-militares-_JM
Cerro Colorado / Parque Araucano / Las Condes,10490.0,430775836.0,87.0,120.57,,2.0,,,Las Condes,Parque Arauco,2026-10-01,,https://www.portalinmobiliario.com/MLC-2285737363-cerro-colorado-parque-araucano-las-condes-_JM
"Venta Depto 4 Pisos En Providencia, 2d 2b",10490.0,430775836.0,87.0,120.57,86.0,2.0,1.0,60000.0,Providencia,Campus Oriente,2026-09-21,2026-09-21,https://www.portalinmobiliario.com/MLC-2263575113-venta-depto-4-pisos-en-providencia-2d-2b-_JM
Metro Manuel Montt Departamento Venta 1 Dorm. Providencia,4100.0,168368058.0,34.0,120.59,154.0,1.0,1.0,115000.0,Providencia,Manuel Montt,2026-09-26,2026-09-25,https://www.portalinmobiliario.com/MLC-4515629974-metro-manuel-montt-departamento-venta-1-dorm-providencia-_JM
Departamento Townhouse 4 Pisos Con Rooftop,10500.0,431186490.0,87.0,120.69,,2.0,,,Providencia,Campus Oriente,2026-10-01,,https://www.portalinmobiliario.com/MLC-4526118036-departamento-townhouse-4-pisos-con-rooftop-_JM
Luz Oriente A Pasos De Parques En Providencia,5800.0,238179204.0,48.0,120.83,,2.0,,,Providencia,Manuel Montt,2026-10-01,,https://www.portalinmobiliario.com/MLC-4528503940-luz-oriente-a-pasos-de-parques-en-providencia-_JM
Oportunidad Para Inversionistas. La Gloria. Depart...,6290.0,258301240.0,52.0,120.96,112.0,2.0,1.0,150000.0,Las Condes,Las Condes,2026-09-24,2026-09-23,https://www.portalinmobiliario.com/MLC-4510788124-oportunidad-para-inversionistas-la-gloria-depart-_JM
Departamento Escuela Militar- Vista Despejada,10900.0,447612642.0,90.0,121.11,99.0,3.0,1.0,300000.0,Las Condes,Metro Escuela Militar,2026-09-25,2026-09-24,https://www.portalinmobiliario.com/MLC-4513387970-departamento-escuela-militar-vista-despejada-_JM
"1 Dormitorio 1 Baño, Estac. Bodega",4490.0,184383556.0,37.0,121.35,,1.0,,,Providencia,Pedro De Valdivia,2026-10-01,,https://www.portalinmobiliario.com/MLC-4526094172-1-dormitorio-1-bano-estac-bodega-_JM
Luis Thayer Ojeda/ E Yañez C_423548,11900.0,488678022.0,98.0,121.43,94.0,3.0,1.0,280000.0,Providencia,Las Lilas,2026-09-28,2026-09-27,https://www.portalinmobiliario.com/MLC-4522102222-luis-thayer-ojeda-e-yanez-c423548-_JM
Lindo Departamento En Venta En Providencia,8500.0,349055730.0,70.0,121.43,98.0,2.0,2.0,250000.0,Providencia,Pedro De Valdivia Norte,2026-09-23,2026-09-22,https://www.portalinmobiliario.com/MLC-2268792425-lindo-departamento-en-venta-en-providencia-_JM
"Venta Dpto Gran Vista, Luz ,conectividad Y Ubicación  Cbg",9600.0,394227648.0,79.0,121.52,99.0,3.0,2.0,230000.0,Las Condes,Nueva Las Condes,2026-09-19,2026-09-19,https://www.portalinmobiliario.com/MLC-2256962333-venta-dpto-gran-vista-luz-conectividad-y-ubicacion-cbg-_JM
"Escuela Militar, Amplio 1d|1b, Estac. Y Bodega (182972)",4750.0,195060555.0,39.0,121.79,170.0,1.0,1.0,93000.0,Las Condes,Metro Escuela Militar,2026-09-25,2026-09-24,https://www.portalinmobiliario.com/MLC-2274579735-escuela-militar-amplio-1d1b-estac-y-bodega-182972-_JM
Tintoretto Acogedor Departamento De,9500.0,390121110.0,78.0,121.79,103.0,2.0,2.0,210000.0,Las Condes,Metro Escuela Militar,2026-09-29,2026-09-28,https://www.portalinmobiliario.com/MLC-2282629509-tintoretto-acogedor-departamento-de-_JM
Ap724 E. Español 1d 1b 39 M2 Y 3.5 De Terraza Est Y Bod,4750.0,195060555.0,39.0,121.79,180.0,1.0,1.0,92239.0,Las Condes,Metro Escuela Militar,2026-09-21,2026-09-21,https://www.portalinmobiliario.com/MLC-2261829689-ap724-e-espanol-1d-1b-39-m2-y-35-de-terraza-est-y-bod-_JM
1 Dormitorio Ideal Inversionista Metro P. De Valdivia,4750.0,195060555.0,39.0,121.79,,1.0,,,Providencia,Pedro De Valdivia,2026-10-01,,https://www.portalinmobiliario.com/MLC-4526071662-1-dormitorio-ideal-inversionista-metro-p-de-valdivia-_JM
Matilde Salamanca - Silvina Hurtado / Plaza Ambrosio Del Río,6700.0,275138046.0,55.0,121.82,98.0,2.0,1.0,150000.0,Providencia,Pedro De Valdivia,2026-09-26,2026-09-25,https://www.portalinmobiliario.com/MLC-2275649827-matilde-salamanca-silvina-hurtado-plaza-ambrosio-del-rio-_JM
Concepto Innovador En Santiago Centro,2682.0,110137349.0,22.0,121.91,,1.0,,,Santiago,Santa Isabel,2026-10-01,,https://www.portalinmobiliario.com/MLC-4526099188-concepto-innovador-en-santiago-centro-_JM
Sector Francisco Bilbao / Nuevo / Increíbles Áreas Comunes,10497.0,431063294.0,86.0,122.06,95.0,2.0,1.0,260000.0,Las Condes,Vaticano,2026-09-22,2026-09-21,https://www.portalinmobiliario.com/MLC-4505362400-sector-francisco-bilbao-nuevo-increibles-areas-comunes-_JM
Departamento En Venta En Las Condes,10497.0,431063294.0,86.0,122.06,95.0,2.0,2.0,260000.0,Las Condes,Vaticano,2026-09-22,2026-09-21,https://www.portalinmobiliario.com/MLC-4505427038-departamento-en-venta-en-las-condes-_JM
Depto Semi Nuevo Las Condes,10500.0,431186490.0,86.0,122.09,96.0,2.0,1.0,150000.0,Las Condes,Alto Las Condes,2026-09-26,2026-09-25,https://www.portalinmobiliario.com/MLC-2275543923-depto-semi-nuevo-las-condes-_JM
Departamento Venta 1 Dormitorio Clinica Las Condeslas Condes,5500.0,225859590.0,45.0,122.22,182.0,1.0,1.0,115000.0,Las Condes,Estoril,2026-09-25,2026-09-24,https://www.portalinmobiliario.com/MLC-2274101605-departamento-venta-1-dormitorio-clinica-las-condeslas-condes-_JM
Departamento Luminoso Cerca De Metro Manquehue,4900.0,201220362.0,40.0,122.5,155.0,1.0,1.0,100000.0,Las Condes,Metro Manquehue - Apumanque,2026-09-25,2026-09-24,https://www.portalinmobiliario.com/MLC-4513377672-departamento-luminoso-cerca-de-metro-manquehue-_JM
Venta Dpto 1 Dorm 1 Baño 1 E / Metro Hno Magallanes,4900.0,201220362.0,40.0,122.5,166.0,1.0,1.0,100000.0,Las Condes,Metro Hernando De Magallanes,2026-09-23,2026-09-22,https://www.portalinmobiliario.com/MLC-4506423080-venta-dpto-1-dorm-1-bano-1-e-metro-hno-magallanes-_JM
Departamento En Venta De 2 Dorm. En Providencia,7473.0,306881585.0,61.0,122.51,85.0,2.0,0.0,91500.0,Providencia,Inés De Suárez,2026-09-18,2026-09-18,https://www.portalinmobiliario.com/MLC-4491577768-departamento-en-venta-de-2-dorm-en-providencia-_JM
Venta Departamento 1 Habitación - Lorenzo De Médicis  (5339),7600.0,312096888.0,62.0,122.58,,1.0,,,Las Condes,Metro Hernando De Magallanes,2026-10-01,,https://www.portalinmobiliario.com/MLC-4526093142-venta-departamento-1-habitacion-lorenzo-de-medicis-5339-_JM
Depto Noruega,11800.0,484571484.0,96.0,122.92,99.0,3.0,2.0,,Las Condes,Metro Manquehue - Apumanque,2026-09-21,2026-09-21,https://www.portalinmobiliario.com/MLC-4501917014-depto-noruega-_JM
Una Gran Terraza En Un Providencia Que Se Vive Caminando,5900.0,242285742.0,48.0,122.92,,1.0,,,Providencia,Inés De Suárez,2026-10-01,,https://www.portalinmobiliario.com/MLC-4528542602-una-gran-terraza-en-un-providencia-que-se-vive-caminando-_JM
Depto Dúplex Venta 3 Dormitorios 2 Terrazas - Inés De Suárez,10359.0,425396271.0,84.0,123.32,86.0,3.0,1.0,240000.0,Providencia,Inés De Suárez,2026-09-18,2026-09-18,https://www.portalinmobiliario.com/MLC-4491577878-depto-duplex-venta-3-dormitorios-2-terrazas-ines-de-suarez-_JM
Depto En Venta 3 Dormitorios Y 2 Terrazas - Inés De Suárez,10359.0,425396271.0,84.0,123.32,86.0,3.0,1.0,240000.0,Providencia,Inés De Suárez,2026-09-18,2026-09-18,https://www.portalinmobiliario.com/MLC-4491473876-depto-en-venta-3-dormitorios-y-2-terrazas-ines-de-suarez-_JM
Moderno Depto - A Pasos Metro Manquehue,4700.0,193007286.0,38.0,123.68,155.0,1.0,1.0,130000.0,Las Condes,Metro Manquehue - Apumanque,2026-09-28,2026-09-27,https://www.portalinmobiliario.com/MLC-4522107764-moderno-depto-a-pasos-metro-manquehue-_JM
Amplio Departamento De 2d Remodelado/la Gloria,8700.0,357268806.0,70.0,124.29,,2.0,,,Las Condes,Metro Escuela Militar,2026-10-01,,https://www.portalinmobiliario.com/MLC-2288289421-amplio-departamento-de-2d-remodeladola-gloria-_JM
Departamento A Pasos Metro Los Militres Y Metro Manquehue,8700.0,357268806.0,70.0,124.29,,2.0,,,Las Condes,Nueva Las Condes,2026-10-01,,https://www.portalinmobiliario.com/MLC-2288559495-departamento-a-pasos-metro-los-militres-y-metro-manquehue-_JM
"Venta Departamento Las Condes, Inversionistas",5100.0,209433438.0,41.0,124.39,,1.0,,,Las Condes,Metro Hernando De Magallanes,2026-10-01,,https://www.portalinmobiliario.com/MLC-4528516474-venta-departamento-las-condes-inversionistas-_JM
Funcional Departamento En Estratégica Ubicación,5100.0,209433438.0,41.0,124.39,,1.0,,,Las Condes,Metro Hernando De Magallanes,2026-10-01,,https://www.portalinmobiliario.com/MLC-4528545112-funcional-departamento-en-estrategica-ubicacion-_JM
Departamento En Arriendo De 2 Dorm. En Providencia,7980.0,327701732.0,64.0,124.69,,2.0,,,Providencia,Manuel Montt,2026-10-01,,https://www.portalinmobiliario.com/MLC-2283601447-departamento-en-arriendo-de-2-dorm-en-providencia-_JM
Precioso Depto Remodelado / Pocuro / Opción Amoblado,4990.0,204916246.0,40.0,124.75,154.0,1.0,1.0,90000.0,Providencia,Las Lilas,2026-09-22,2026-09-21,https://www.portalinmobiliario.com/MLC-4505358116-precioso-depto-remodelado-pocuro-opcion-amoblado-_JM
Departamento En Venta De 1 Dorm. En Las Condes,3750.0,153995175.0,30.0,125.0,153.0,1.0,0.0,90000.0,Las Condes,Rotonda Atenas,2026-09-18,2026-09-18,https://www.portalinmobiliario.com/MLC-4491473990-departamento-en-venta-de-1-dorm-en-las-condes-_JM
Departamento En Venta De 1 Dorm. En Santiago,3500.0,143728830.0,28.0,125.0,,1.0,,,Santiago,Parque O'Higgins,2026-10-01,,https://www.portalinmobiliario.com/MLC-4526127004-departamento-en-venta-de-1-dorm-en-santiago-_JM
"Ideal Inversión , 1d 1b A Pasos De Metro Manquehue",4750.0,195060555.0,38.0,125.0,155.0,1.0,0.0,145000.0,Las Condes,Metro Manquehue - Apumanque,2026-09-25,2026-09-24,https://www.portalinmobiliario.com/MLC-2274562785-ideal-inversion-1d-1b-a-pasos-de-metro-manquehue-_JM
"Los Barbechos Altura 1-300, Las Condes",4250.0,174527865.0,34.0,125.0,,1.0,,,Las Condes,Metro Hernando De Magallanes,2026-10-01,,https://www.portalinmobiliario.com/MLC-2285726825-los-barbechos-altura-1-300-las-condes-_JM
Inversión Ideal En Zona En Crecimiento (159568),11000.0,451719180.0,88.0,125.0,86.0,3.0,2.0,180000.0,Providencia,Inés De Suárez,2026-09-23,2026-09-22,https://www.portalinmobiliario.com/MLC-2267454275-inversion-ideal-en-zona-en-crecimiento-159568-_JM
Depto. 1d/1b - Barrio Plaza Ambrosio Del Río,4500.0,184794210.0,36.0,125.0,154.0,1.0,1.0,180000.0,Providencia,Pedro De Valdivia,2026-09-24,2026-09-23,https://www.portalinmobiliario.com/MLC-4510784120-depto-1d1b-barrio-plaza-ambrosio-del-rio-_JM
Departamento En Venta De 1 Dorm. En Providencia,4500.0,184794210.0,36.0,125.0,154.0,1.0,1.0,0.0,Providencia,Pedro De Valdivia,2026-09-24,2026-09-23,https://www.portalinmobiliario.com/MLC-4509229312-departamento-en-venta-de-1-dorm-en-providencia-_JM
Departamento 2d/2b Con Terraza Y Vista Cordillera,11400.0,468145332.0,91.0,125.27,,2.0,,,Las Condes,Sebastián Elcano,2026-10-01,,https://www.portalinmobiliario.com/MLC-4526094148-departamento-2d2b-con-terraza-y-vista-cordillera-_JM
"Europa 2021, A Pasos De Pedro De Valdivia.",4779.0,196251451.0,38.0,125.76,,1.0,,,Providencia,Chile,2026-10-01,,https://www.portalinmobiliario.com/MLC-4526102642-europa-2021-a-pasos-de-pedro-de-valdivia-_JM
Venta Departamento 2d 2b Est Y Box  Las Condes,8300.0,340842654.0,66.0,125.76,112.0,2.0,1.0,180000.0,Las Condes,Metro Escuela Militar,2026-09-24,2026-09-23,https://www.portalinmobiliario.com/MLC-4510769404-venta-departamento-2d-2b-est-y-box-las-condes-_JM
Excelente Dpto Para Inversion En Las Condes,7300.0,299777274.0,58.0,125.86,111.0,2.0,2.0,150000.0,Las Condes,Metro Hernando De Magallanes,2026-09-25,2026-09-24,https://www.portalinmobiliario.com/MLC-2274595821-excelente-dpto-para-inversion-en-las-condes-_JM
Arriendo Avenida Las Condes 2 Dormitorios,7300.0,299777274.0,58.0,125.86,107.0,2.0,1.0,185000.0,Las Condes,Alto Las Condes,2026-09-26,2026-09-25,https://www.portalinmobiliario.com/MLC-2276132817-arriendo-avenida-las-condes-2-dormitorios-_JM
Exclusivo Departamento Sector Residencial,6550.0,268978239.0,52.0,125.96,85.0,1.0,1.0,150000.0,Providencia,Inés De Suárez,2026-09-26,2026-09-25,https://www.portalinmobiliario.com/MLC-4514980050-exclusivo-departamento-sector-residencial-_JM
Depto En Venta De 3 Dormitorios Y Terraza - Diego De Almagro,11715.0,481080927.0,93.0,125.97,86.0,3.0,1.0,180000.0,Providencia,Campus Oriente,2026-09-18,2026-09-18,https://www.portalinmobiliario.com/MLC-4491460814-depto-en-venta-de-3-dormitorios-y-terraza-diego-de-almagro-_JM
Departamento En Venta De 2 Dorm. En Las Condes,9200.0,377801496.0,73.0,126.03,104.0,2.0,1.0,250000.0,Las Condes,Sebastián Elcano,2026-09-23,2026-09-22,https://www.portalinmobiliario.com/MLC-2268766597-departamento-en-venta-de-2-dorm-en-las-condes-_JM
La Gloria / Presidente Risesco / Estacionamiento / 2 D - 2 B,8700.0,357268806.0,69.0,126.09,112.0,2.0,1.0,200000.0,Las Condes,Metro Escuela Militar,2026-09-27,2026-09-26,https://www.portalinmobiliario.com/MLC-4517551468-la-gloria-presidente-risesco-estacionamiento-2-d-2-b-_JM
"Departamento Remodelado 2026, Terraza 20 Mt2 Vista Despejada",8700.0,357268806.0,69.0,126.09,112.0,2.0,1.0,250000.0,Las Condes,Nueva Las Condes,2026-09-19,2026-09-19,https://www.portalinmobiliario.com/MLC-4491478378-departamento-remodelado-2026-terraza-20-mt2-vista-despejada-_JM
Departamento Inversión - A Pasos Del Metro Alcántara,8200.0,336736116.0,65.0,126.15,112.0,2.0,1.0,,Las Condes,Barrio El Golf,2026-09-26,2026-09-25,https://www.portalinmobiliario.com/MLC-2275518185-departamento-inversion-a-pasos-del-metro-alcantara-_JM
Amplio Depto 2d-2b-1est La Gloria/apoquindo-metro Manquehue.,8200.0,336736116.0,65.0,126.15,112.0,2.0,1.0,180000.0,Las Condes,Metro Escuela Militar,2026-09-24,2026-09-23,https://www.portalinmobiliario.com/MLC-4510339056-amplio-depto-2d-2b-1est-la-gloriaapoquindo-metro-manquehue-_JM
Magnifico Departamento Estudio A La Venta,2650.0,108823257.0,21.0,126.19,83.0,1.0,0.0,40000.0,Santiago,Santa Isabel,2026-09-22,2026-09-22,https://www.portalinmobiliario.com/MLC-4501924598-magnifico-departamento-estudio-a-la-venta-_JM
Departamento Con Buenos Espacios/2d/escuela Militar,7200.0,295670736.0,57.0,126.32,,2.0,,,Las Condes,Metro Escuela Militar,2026-10-01,,https://www.portalinmobiliario.com/MLC-2288276395-departamento-con-buenos-espacios2descuela-militar-_JM
En Venta Depto. En Calle Doctor Roberto Del Rio-providencia,9600.0,394227648.0,76.0,126.32,98.0,2.0,1.0,,Providencia,Las Lilas,2026-09-25,2026-09-24,https://www.portalinmobiliario.com/MLC-2273805965-en-venta-depto-en-calle-doctor-roberto-del-rio-providencia-_JM
Venta Departamento De Excelencia En Las Condes,9350.0,383961303.0,74.0,126.35,103.0,3.0,2.0,290000.0,Las Condes,Sebastián Elcano,2026-09-24,2026-09-23,https://www.portalinmobiliario.com/MLC-4510756016-venta-departamento-de-excelencia-en-las-condes-_JM
Departamento Venta Las Condes Nuevo Última Unidad 2d2b,8600.0,353162268.0,68.0,126.47,111.0,2.0,1.0,215000.0,Las Condes,Metro Manquehue - Apumanque,2026-09-18,2026-09-18,https://www.portalinmobiliario.com/MLC-4490527096-departamento-venta-las-condes-nuevo-ultima-unidad-2d2b-_JM
Deptos. Nuevos 2d Con 2b Desde Uf 7.497,7471.0,306799454.0,59.0,126.63,,2.0,,,Providencia,Inés De Suárez,2026-10-01,,https://www.portalinmobiliario.com/MLC-4526094272-deptos-nuevos-2d-con-2b-desde-uf-7497-_JM
Depto Venta De 2 Dormitorios Y 2 Terrazas - Diego De Almagro,8235.0,338173404.0,65.0,126.69,85.0,2.0,1.0,150000.0,Providencia,Campus Oriente,2026-09-18,2026-09-18,https://www.portalinmobiliario.com/MLC-4491447838-depto-venta-de-2-dormitorios-y-2-terrazas-diego-de-almagro-_JM
Venta Departamento Las Condes,5200.0,213539976.0,41.0,126.83,155.0,1.0,1.0,105000.0,Las Condes,Metro Manquehue - Apumanque,2026-09-25,2026-09-24,https://www.portalinmobiliario.com/MLC-2274595663-venta-departamento-las-condes-_JM
Venta Departamento Las Condes,5200.0,213539976.0,41.0,126.83,155.0,1.0,1.0,105000.0,Las Condes,Metro Manquehue - Apumanque,2026-09-25,2026-09-24,https://www.portalinmobiliario.com/MLC-4514088602-venta-departamento-las-condes-_JM
"1d,1b,1est,1bod - Mall Parque Arauco",6600.0,271031508.0,52.0,126.92,111.0,1.0,1.0,120000.0,Las Condes,Parque Arauco,2026-09-25,2026-09-24,https://www.portalinmobiliario.com/MLC-4513654594-1d1b1est1bod-mall-parque-arauco-_JM
Departamento En Venta De 2 Dorm. En Providencia,9400.0,386014572.0,74.0,127.03,,2.0,,,Providencia,Inés De Suárez,2026-10-01,,https://www.portalinmobiliario.com/MLC-2290680553-departamento-en-venta-de-2-dorm-en-providencia-_JM
Oportunidad!! Departamento 2 Dorm Frente A Parque Araucano,9950.0,408600531.0,78.0,127.56,,2.0,,,Las Condes,Parque Arauco,2026-10-01,,https://www.portalinmobiliario.com/MLC-4527542046-oportunidad-departamento-2-dorm-frente-a-parque-araucano-_JM
"Depto 2d2b, Est. Bod, Las Condes, Terraza",7149.0,293576402.0,56.0,127.66,111.0,2.0,1.0,130000.0,Las Condes,Metro Hernando De Magallanes,2026-09-22,2026-09-22,https://www.portalinmobiliario.com/MLC-2264569009-depto-2d2b-est-bod-las-condes-terraza-_JM
Dpto Mariposa Amoblado En Las Condes,7150.0,293617467.0,56.0,127.68,111.0,2.0,1.0,180000.0,Las Condes,Metro Hernando De Magallanes,2026-09-25,2026-09-24,https://www.portalinmobiliario.com/MLC-2274582985-dpto-mariposa-amoblado-en-las-condes-_JM
La Gloria / Metro Escu Militar / Estacionamiento / 2 D - 2 B,8300.0,340842654.0,65.0,127.69,112.0,2.0,1.0,170000.0,Las Condes,Metro Escuela Militar,2026-09-27,2026-09-26,https://www.portalinmobiliario.com/MLC-4519047048-la-gloria-metro-escu-militar-estacionamiento-2-d-2-b-_JM
2 Cuadras Metro H De Magallanes 1d - 1b - Estc - Bod - 38 M2,4600.0,188900748.0,36.0,127.78,,1.0,,,Las Condes,Metro Hernando De Magallanes,2026-10-01,,https://www.portalinmobiliario.com/MLC-2288565021-2-cuadras-metro-h-de-magallanes-1d-1b-estc-bod-38-m2-_JM
Departamento En Venta De 1 Dorm. En Las Condes,4600.0,188900748.0,36.0,127.78,180.0,1.0,1.0,96000.0,Las Condes,Metro Escuela Militar,2026-09-23,2026-09-22,https://www.portalinmobiliario.com/MLC-2267423835-departamento-en-venta-de-1-dorm-en-las-condes-_JM
23133 - Lindo Departamento Amoblado El Golf Con Arrendatari,4990.0,204916246.0,39.0,127.95,170.0,1.0,1.0,140000.0,Las Condes,Metro Escuela Militar,2026-09-29,2026-09-28,https://www.portalinmobiliario.com/MLC-2282572035-23133-lindo-departamento-amoblado-el-golf-con-arrendatari-_JM
"Piscina, Gimnasio Y Rodeado De Parques",5250.0,215593245.0,41.0,128.05,155.0,1.0,1.0,95000.0,Las Condes,Metro Manquehue - Apumanque,2026-09-26,2026-09-25,https://www.portalinmobiliario.com/MLC-4514984290-piscina-gimnasio-y-rodeado-de-parques-_JM
Se Vende Acogedor Y Moderno Departamento,10900.0,447612642.0,85.0,128.24,,2.0,,,Las Condes,Sebastián Elcano,2026-10-01,,https://www.portalinmobiliario.com/MLC-4530696592-se-vende-acogedor-y-moderno-departamento-_JM
Departamento Provi Con Rooftop (115605),11800.0,484571484.0,92.0,128.26,,2.0,,,Providencia,Inés De Suárez,2026-10-01,,https://www.portalinmobiliario.com/MLC-2283592359-departamento-provi-con-rooftop-115605-_JM
"Distribución Estilo Mariposa, Ideal Para Inversión...",6950.0,285404391.0,54.0,128.7,,2.0,1.0,,Las Condes,Las Condes,2026-09-23,2026-09-23,https://www.portalinmobiliario.com/MLC-2267398993-distribucion-estilo-mariposa-ideal-para-inversion-_JM
Amplio 2d2b Con Terraza De 18 M². M. Alcántara (183181),6950.0,285404391.0,54.0,128.7,112.0,2.0,1.0,220000.0,Las Condes,Barrio El Golf,2026-09-18,2026-09-18,https://www.portalinmobiliario.com/MLC-4490525066-amplio-2d2b-con-terraza-de-18-m-m-alcantara-183181-_JM
Departamento/ Vista Despejada/piscina/oportunidad/ 2 Dor,9290.0,381497380.0,72.0,129.03,98.0,2.0,2.0,250000.0,Providencia,Pedro De Valdivia Norte,2026-09-22,2026-09-21,https://www.portalinmobiliario.com/MLC-4505358538-departamento-vista-despejadapiscinaoportunidad-2-dor-_JM
Departamento En Venta De 2 Dorm. En Providencia,9290.0,381497380.0,72.0,129.03,98.0,2.0,2.0,250000.0,Providencia,Pedro De Valdivia Norte,2026-09-22,2026-09-21,https://www.portalinmobiliario.com/MLC-4505423192-departamento-en-venta-de-2-dorm-en-providencia-_JM
Departamentos Nuevos 3 Dormitorios En Providencia,12135.0,498328386.0,94.0,129.1,86.0,3.0,1.0,0.0,Providencia,Campus Oriente,2026-09-27,2026-09-26,https://www.portalinmobiliario.com/MLC-2276136873-departamentos-nuevos-3-dormitorios-en-providencia-_JM
Departamento En Venta En Providencia,6850.0,281297853.0,53.0,129.25,98.0,2.0,1.0,100000.0,Providencia,Pedro De Valdivia,2026-09-23,2026-09-22,https://www.portalinmobiliario.com/MLC-2268779861-departamento-en-venta-en-providencia-_JM
Departamento En Venta De 2 Dorm. En Providencia,8803.0,361498540.0,68.0,129.46,85.0,2.0,1.0,140000.0,Providencia,Campus Oriente,2026-09-18,2026-09-18,https://www.portalinmobiliario.com/MLC-4491473844-departamento-en-venta-de-2-dorm-en-providencia-_JM
Excelente Departamento (88714),5200.0,213539976.0,40.0,130.0,155.0,1.0,1.0,100000.0,Las Condes,Metro Hernando De Magallanes,2026-09-28,2026-09-27,https://www.portalinmobiliario.com/MLC-4520029892-excelente-departamento-88714-_JM
Jardin/2 Dormitorios/2 Baños/mall Sport/oportunidad,6500.0,266924970.0,50.0,130.0,189.0,2.0,1.0,180000.0,Las Condes,San Damián,2026-09-21,2026-09-21,https://www.portalinmobiliario.com/MLC-4502081190-jardin2-dormitorios2-banosmall-sportoportunidad-_JM
"Deptos. Nuevos 1, 2 Y 3d Con 1 Y 2b Uf 4.947",4947.0,203150435.0,38.0,130.18,,1.0,,,Providencia,Barrio Italia,2026-10-01,,https://www.portalinmobiliario.com/MLC-4526075752-deptos-nuevos-1-2-y-3d-con-1-y-2b-uf-4947-_JM
Vendemos Confortable  Departamento 1 Dorm,4700.0,193007286.0,36.0,130.56,156.0,1.0,0.0,90000.0,Las Condes,Metro Hernando De Magallanes,2026-09-23,2026-09-22,https://www.portalinmobiliario.com/MLC-2268767551-vendemos-confortable-departamento-1-dorm-_JM
"Precioso Dp! , Las Hortensias/ Holanda, 2 Estacionamientos",8500.0,349055730.0,65.0,130.77,,2.0,,,Providencia,Providencia,2026-10-01,,https://www.portalinmobiliario.com/MLC-4525964320-precioso-dp-las-hortensias-holanda-2-estacionamientos-_JM
Depto. Venta Mariposa 2d/2b/2e/1b La Capitania 70/apoquindo,7990.0,328112386.0,61.0,130.98,111.0,2.0,2.0,180000.0,Las Condes,,2026-09-28,2026-09-27,https://www.portalinmobiliario.com/MLC-4522114376-depto-venta-mariposa-2d2b2e1b-la-capitania-70apoquindo-_JM
"Venta, Departamento, Las Condes. 1d/1b",5250.0,215593245.0,40.0,131.25,180.0,1.0,1.0,140000.0,Las Condes,Barrio El Golf,2026-09-21,2026-09-21,https://www.portalinmobiliario.com/MLC-4498793398-venta-departamento-las-condes-1d1b-_JM
"Vive En Las Alturas, Penthouse 2d2b Providencia",9200.0,377801496.0,70.0,131.43,98.0,2.0,1.0,125000.0,Providencia,Manuel Montt,2026-09-23,2026-09-22,https://www.portalinmobiliario.com/MLC-2268780667-vive-en-las-alturas-penthouse-2d2b-providencia-_JM
Venta Depto. 2 D+ 2 B+ 1 Estac.+ Bod Av. Las Condes (5096),7890.0,324005848.0,60.0,131.5,111.0,2.0,2.0,190000.0,Las Condes,Metro Hernando De Magallanes,2026-09-28,2026-09-27,https://www.portalinmobiliario.com/MLC-4522102622-venta-depto-2-d-2-b-1-estac-bod-av-las-condes-5096-_JM
Departamento Nuevo En Venta En Providencia. Conectividad.,9732.0,399648278.0,74.0,131.51,85.0,2.0,0.0,0.0,Providencia,Campus Oriente,2026-09-23,2026-09-22,https://www.portalinmobiliario.com/MLC-2268779173-departamento-nuevo-en-venta-en-providencia-conectividad-_JM
Departamento En Venta De 2 Dorm. En Providencia,9600.0,394227648.0,73.0,131.51,98.0,2.0,1.0,280000.0,Providencia,Las Lilas,2026-09-28,2026-09-27,https://www.portalinmobiliario.com/MLC-4520030504-departamento-en-venta-de-2-dorm-en-providencia-_JM
Departamento En Venta De 2 Dorm. En Providencia,9600.0,394227648.0,73.0,131.51,,2.0,,,Providencia,Las Lilas,2026-10-01,,https://www.portalinmobiliario.com/MLC-2285741661-departamento-en-venta-de-2-dorm-en-providencia-_JM
"Remodelado Y Amoblado 2d2b, Las Lilas,al Lado Metro Tobalaba",7500.0,307990350.0,57.0,131.58,98.0,2.0,1.0,200000.0,Providencia,Las Lilas,2026-09-28,2026-09-27,https://www.portalinmobiliario.com/MLC-2280134459-remodelado-y-amoblado-2d2b-las-lilasal-lado-metro-tobalaba-_JM
Amplio Dpto Remodelado Con Patio De 1d En Metro Los Leones,5300.0,217646514.0,40.0,132.5,,1.0,0.0,,Providencia,Los Leones,2026-09-28,2026-09-28,https://www.portalinmobiliario.com/MLC-4520034254-amplio-dpto-remodelado-con-patio-de-1d-en-metro-los-leones-_JM
Penthouse / Amplio E Iluminado / Jumbo Bilbao,11400.0,468145332.0,86.0,132.56,95.0,2.0,2.0,260000.0,Las Condes,Vaticano,2026-09-22,2026-09-21,https://www.portalinmobiliario.com/MLC-4505440094-penthouse-amplio-e-iluminado-jumbo-bilbao-_JM
Departamento En Venta En Las Condes,11400.0,468145332.0,86.0,132.56,95.0,2.0,2.0,260000.0,Las Condes,Vaticano,2026-09-22,2026-09-21,https://www.portalinmobiliario.com/MLC-4505439980-departamento-en-venta-en-las-condes-_JM
Luminoso Departamento En Entorno Tranquilo (184280),5350.0,219699783.0,40.0,133.75,113.0,1.0,1.0,150000.0,Providencia,Pedro De Valdivia,2026-09-29,2026-09-28,https://www.portalinmobiliario.com/MLC-4524168334-luminoso-departamento-en-entorno-tranquilo-184280-_JM
Moderno Departamento A Pasos Del Metro Colón / 1d-1b,6690.0,274727392.0,50.0,133.8,,1.0,,,Las Condes,Vaticano,2026-10-01,,https://www.portalinmobiliario.com/MLC-2290627983-moderno-departamento-a-pasos-del-metro-colon-1d-1b-_JM
2d/2b A Pasos De Metro Alcántara,8700.0,357268806.0,65.0,133.85,,2.0,,,Las Condes,Barrio El Golf,2026-10-01,,https://www.portalinmobiliario.com/MLC-4533920752-2d2b-a-pasos-de-metro-alcantara-_JM
Departamento En Venta De 2 Dorm. En Las Condes,7500.0,307990350.0,56.0,133.93,,2.0,,,Las Condes,Sebastián Elcano,2026-10-01,,https://www.portalinmobiliario.com/MLC-4531647054-departamento-en-venta-de-2-dorm-en-las-condes-_JM
Departamento En Venta De 3 Dorm. En Providencia,9780.0,401619416.0,73.0,133.97,85.0,3.0,1.0,200000.0,Providencia,Inés De Suárez,2026-09-18,2026-09-18,https://www.portalinmobiliario.com/MLC-4491460882-departamento-en-venta-de-3-dorm-en-providencia-_JM
"Venta Moderno Depto Bersa , 2d.2b. Vista Espectacular!! Pano",9800.0,402440724.0,73.0,134.25,111.0,2.0,1.0,250000.0,Las Condes,Parque Arauco,2026-09-22,2026-09-22,https://www.portalinmobiliario.com/MLC-2264457657-venta-moderno-depto-bersa-2d2b-vista-espectacular-pano-_JM
Excelente Ubicación (180744),4850.0,199167093.0,36.0,134.72,,1.0,,,Providencia,Los Leones,2026-10-01,,https://www.portalinmobiliario.com/MLC-4524183870-excelente-ubicacion-180744-_JM
Vendo Lindo Depto 2d 2b En Las Condes (180563),6500.0,266924970.0,48.0,135.42,152.0,2.0,1.0,130000.0,Las Condes,Metro Hernando De Magallanes,2026-09-27,2026-09-26,https://www.portalinmobiliario.com/MLC-4517562714-vendo-lindo-depto-2d-2b-en-las-condes-180563-_JM
Vista Despejada/piscina/cerro San Cristobal/ 2 Dormitorios/,7590.0,311686234.0,56.0,135.54,98.0,2.0,1.0,250000.0,Providencia,Pedro De Valdivia Norte,2026-09-22,2026-09-21,https://www.portalinmobiliario.com/MLC-4505384272-vista-despejadapiscinacerro-san-cristobal-2-dormitorios-_JM
Barrio El Golf A Pasos Metro Excelente Oportunidad,9900.0,406547262.0,73.0,135.62,112.0,2.0,1.0,,Las Condes,Barrio El Golf,2026-09-23,2026-09-22,https://www.portalinmobiliario.com/MLC-2267454667-barrio-el-golf-a-pasos-metro-excelente-oportunidad-_JM
Excelente Oportunidad De Inversión En Las Condes,9500.0,390121110.0,70.0,135.71,103.0,2.0,1.0,250000.0,Las Condes,Sebastián Elcano,2026-09-22,2026-09-22,https://www.portalinmobiliario.com/MLC-4501923404-excelente-oportunidad-de-inversion-en-las-condes-_JM
Venta Departamento Providencia,4350.0,178634403.0,32.0,135.94,154.0,1.0,1.0,130000.0,Providencia,,2026-09-25,2026-09-24,https://www.portalinmobiliario.com/MLC-4514084144-venta-departamento-providencia-_JM
Departamento Próximo A Parque Araucano,10500.0,431186490.0,77.0,136.36,111.0,2.0,1.0,280000.0,Las Condes,Parque Arauco,2026-09-26,2026-09-25,https://www.portalinmobiliario.com/MLC-2276120891-departamento-proximo-a-parque-araucano-_JM
Dpto Las Condes 1d+1b|estacionamiento| Bodega| Rentabilidad,5500.0,225859590.0,40.0,137.5,155.0,1.0,1.0,140000.0,Las Condes,Metro Hernando De Magallanes,2026-09-25,2026-09-24,https://www.portalinmobiliario.com/MLC-2274566455-dpto-las-condes-1d1bestacionamiento-bodega-rentabilidad-_JM
"Exclusivos Deptos, Metro Tobalaba (180584)",8800.0,361375344.0,64.0,137.5,98.0,2.0,0.0,1.0,Providencia,Metro Tobalaba - Mall Costanera,2026-09-27,2026-09-26,https://www.portalinmobiliario.com/MLC-2277775025-exclusivos-deptos-metro-tobalaba-180584-_JM
Se Vende-depto En Excelente Sector Metro Escuela Militar,5500.0,225859590.0,40.0,137.5,170.0,1.0,1.0,90000.0,Las Condes,Metro Escuela Militar,2026-09-26,2026-09-25,https://www.portalinmobiliario.com/MLC-2275660759-se-vende-depto-en-excelente-sector-metro-escuela-militar-_JM
Departamento En Venta En Las Condes - Amoblado Airbnb,5500.0,225859590.0,40.0,137.5,,1.0,,,Las Condes,Metro Escuela Militar,2026-10-01,,https://www.portalinmobiliario.com/MLC-2285753653-departamento-en-venta-en-las-condes-amoblado-airbnb-_JM
Cómodo Depto. Vivir O Inversión Pasos Metro,5100.0,209433438.0,37.0,137.84,,1.0,,,Las Condes,Barrio El Golf,2026-10-01,,https://www.portalinmobiliario.com/MLC-4526099232-comodo-depto-vivir-o-inversion-pasos-metro-_JM
Departamento En Venta En Providencia,9800.0,402440724.0,71.0,138.03,98.0,,2.0,160000.0,Providencia,Los Leones,2026-09-23,2026-09-22,https://www.portalinmobiliario.com/MLC-2268753201-departamento-en-venta-en-providencia-_JM
Oportunidad Para Inversión  (184078),9800.0,402440724.0,71.0,138.03,98.0,2.0,2.0,200000.0,Providencia,Los Leones,2026-09-26,2026-09-25,https://www.portalinmobiliario.com/MLC-2276131157-oportunidad-para-inversion-184078-_JM
Moderno 2d/2b En Las Condes  Estacionamiento,6500.0,266924970.0,47.0,138.3,,2.0,,,Las Condes,Mall Sport,2026-10-01,,https://www.portalinmobiliario.com/MLC-4530701016-moderno-2d2b-en-las-condes-estacionamiento-_JM
Vista Privada Y Despejada A La Cordillera (183837),4990.0,204916246.0,36.0,138.61,155.0,1.0,1.0,140000.0,Las Condes,Metro Manquehue - Apumanque,2026-09-25,2026-09-24,https://www.portalinmobiliario.com/MLC-4513363350-vista-privada-y-despejada-a-la-cordillera-183837-_JM
"Departamento En Venta, Cantagallo",4990.0,204916246.0,36.0,138.61,189.0,1.0,1.0,145000.0,Las Condes,San Damián,2026-09-25,2026-09-24,https://www.portalinmobiliario.com/MLC-4513364722-departamento-en-venta-cantagallo-_JM
Deptos. Nuevos 1 Y 2d Con 1 Y 2b Desde Uf 5.131,5131.0,210706465.0,37.0,138.68,,1.0,,,Providencia,Providencia,2026-10-01,,https://www.portalinmobiliario.com/MLC-2288286843-deptos-nuevos-1-y-2d-con-1-y-2b-desde-uf-5131-_JM
Depto En Venta 2 Dormitorios Y 2 Terrazas - Inés De Suárez,8194.0,336489724.0,59.0,138.88,85.0,2.0,1.0,170000.0,Providencia,Inés De Suárez,2026-09-18,2026-09-18,https://www.portalinmobiliario.com/MLC-4491473926-depto-en-venta-2-dormitorios-y-2-terrazas-ines-de-suarez-_JM
Departamento En Venta En Alto Las Condes,5000.0,205326900.0,36.0,138.89,152.0,1.0,1.0,0.0,Las Condes,Alto Las Condes,2026-09-25,2026-09-24,https://www.portalinmobiliario.com/MLC-4513375638-departamento-en-venta-en-alto-las-condes-_JM
¡tu Nuevo Hogar En Las Condes Te Espera!,5000.0,205326900.0,36.0,138.89,,1.0,,,Las Condes,Metro Manquehue - Apumanque,2026-10-01,,https://www.portalinmobiliario.com/MLC-2290684545-tu-nuevo-hogar-en-las-condes-te-espera-_JM
"Depto 1d Y 1b, Hospital Fach",5000.0,205326900.0,36.0,138.89,166.0,1.0,1.0,100000.0,Las Condes,Alto Las Condes,2026-09-21,2026-09-21,https://www.portalinmobiliario.com/MLC-4499467500-depto-1d-y-1b-hospital-fach-_JM
Hermoso Departamento En Venta En Presidente Riesco,5990.0,245981626.0,43.0,139.3,,1.0,,,Las Condes,Barrio El Golf,2026-10-01,,https://www.portalinmobiliario.com/MLC-2285750423-hermoso-departamento-en-venta-en-presidente-riesco-_JM
Oportunidad De Inversión Nuevo  (172699),2650.0,108823257.0,19.0,139.47,75.0,1.0,0.0,150000.0,Santiago,Ejército - Toesca,2026-09-26,2026-09-25,https://www.portalinmobiliario.com/MLC-2275959213-oportunidad-de-inversion-nuevo-172699-_JM
Departamento En Venta En Las Condes,6000.0,246392280.0,43.0,139.53,154.0,1.0,1.0,120000.0,Las Condes,Barrio El Golf,2026-09-28,2026-09-27,https://www.portalinmobiliario.com/MLC-4522115650-departamento-en-venta-en-las-condes-_JM
Inversión Depto Estudio Airbnb Pedro De Valdivia,3498.0,143646699.0,25.0,139.92,,1.0,1.0,,Providencia,Pedro De Valdivia,2026-09-28,2026-09-28,https://www.portalinmobiliario.com/MLC-2282621745-inversion-depto-estudio-airbnb-pedro-de-valdivia-_JM
Depto En Venta 2 Dormitorios Y 2 Terrazas - Inés De Suárez,9248.0,379772634.0,66.0,140.12,85.0,2.0,1.0,200000.0,Providencia,Inés De Suárez,2026-09-18,2026-09-18,https://www.portalinmobiliario.com/MLC-4491473878-depto-en-venta-2-dormitorios-y-2-terrazas-ines-de-suarez-_JM
Departamento En Venta En Providencia,9980.0,409832492.0,71.0,140.56,,,,,Providencia,Los Leones,2026-10-01,,https://www.portalinmobiliario.com/MLC-2290637923-departamento-en-venta-en-providencia-_JM
Cantagallo // Av. Las Condes,6500.0,266924970.0,46.0,141.3,189.0,2.0,1.0,180000.0,Las Condes,San Damián,2026-09-26,2026-09-25,https://www.portalinmobiliario.com/MLC-4514981078-cantagallo-av-las-condes-_JM
Gran Patio - Terraza Privada (184647),10600.0,435293028.0,75.0,141.33,,2.0,,,Las Condes,Metro Hernando De Magallanes,2026-10-01,,https://www.portalinmobiliario.com/MLC-2290633869-gran-patio-terraza-privada-184647-_JM
Lindo E Impecable Dpto Mariposa Al Lado Apumanque,7500.0,307990350.0,53.0,141.51,111.0,2.0,1.0,150000.0,Las Condes,Metro Manquehue - Apumanque,2026-09-21,2026-09-21,https://www.portalinmobiliario.com/MLC-4499771768-lindo-e-impecable-dpto-mariposa-al-lado-apumanque-_JM
Departamento En Venta De 3 Dorm. En Las Condes,10500.0,431186490.0,74.0,141.89,98.0,3.0,0.0,180000.0,Las Condes,Barrio El Golf,2026-09-25,2026-09-24,https://www.portalinmobiliario.com/MLC-2274080661-departamento-en-venta-de-3-dorm-en-las-condes-_JM
Oportunidad! Remodelado I Apumanque I Bajos Gastos Comunes,5690.0,233662012.0,40.0,142.25,166.0,1.0,1.0,80000.0,Las Condes,Metro Manquehue - Apumanque,2026-09-22,2026-09-21,https://www.portalinmobiliario.com/MLC-4505383964-oportunidad-remodelado-i-apumanque-i-bajos-gastos-comunes-_JM
Remodelado / Apumanque / Metro Manquehue,5690.0,233662012.0,40.0,142.25,166.0,1.0,1.0,80000.0,Las Condes,Metro Manquehue - Apumanque,2026-09-22,2026-09-21,https://www.portalinmobiliario.com/MLC-4505435596-remodelado-apumanque-metro-manquehue-_JM
Departamento En Venta De 2 Dorm. En Las Condes,9980.0,409832492.0,70.0,142.57,107.0,2.0,1.0,100000.0,Las Condes,Alto Las Condes,2026-09-23,2026-09-22,https://www.portalinmobiliario.com/MLC-2268765675-departamento-en-venta-de-2-dorm-en-las-condes-_JM
"Venta, Departamento, Las Condes. 1d/1b",4990.0,204916246.0,35.0,142.57,170.0,1.0,1.0,160000.0,Las Condes,Barrio El Golf,2026-09-24,2026-09-23,https://www.portalinmobiliario.com/MLC-2273816023-venta-departamento-las-condes-1d1b-_JM
"Exclusivo Departamento Con Deck Privado, Jacuzzi Y...",10700.0,439399566.0,75.0,142.67,,2.0,,,Las Condes,Metro Hernando De Magallanes,2026-10-01,,https://www.portalinmobiliario.com/MLC-4531691200-exclusivo-departamento-con-deck-privado-jacuzzi-y-_JM
Depto Providencia 1d 1b 1e 1b Av El Cerro,5000.0,205326900.0,35.0,142.86,154.0,1.0,1.0,135000.0,Providencia,Pedro De Valdivia Norte,2026-09-26,2026-09-25,https://www.portalinmobiliario.com/MLC-2275685963-depto-providencia-1d-1b-1e-1b-av-el-cerro-_JM
"Vende Dueño, Amoblado Moderno Depto Bersa , Vista Panorámica",7300.0,299777274.0,51.0,143.14,166.0,1.0,1.0,155000.0,Las Condes,Parque Arauco,2026-09-22,2026-09-22,https://www.portalinmobiliario.com/MLC-4502089984-vende-dueno-amoblado-moderno-depto-bersa-vista-panoramica-_JM
Depto Con Espectacular Vista Despejada Al Cerro Manquehue,8200.0,336736116.0,57.0,143.86,,2.0,,,Las Condes,Alto Las Condes/Club Palestino,2026-10-01,,https://www.portalinmobiliario.com/MLC-2288276429-depto-con-espectacular-vista-despejada-al-cerro-manquehue-_JM
"Las Verbenas, Piso 4",7338.0,301337758.0,51.0,143.88,152.0,2.0,2.0,150000.0,Las Condes,Alto Las Condes,2026-09-21,2026-09-21,https://www.portalinmobiliario.com/MLC-4500846228-las-verbenas-piso-4-_JM
Departamento En Venta De 1 Dorm. En Las Condes,5900.0,242285742.0,41.0,143.9,,1.0,,,Las Condes,Metro Hernando De Magallanes,2026-10-01,,https://www.portalinmobiliario.com/MLC-2288290483-departamento-en-venta-de-1-dorm-en-las-condes-_JM
Oportunidad 1d/1b/1e Remodelado En Providencia,3750.0,153995175.0,26.0,144.23,154.0,1.0,1.0,150000.0,Providencia,,2026-09-21,2026-09-21,https://www.portalinmobiliario.com/MLC-4501523514-oportunidad-1d1b1e-remodelado-en-providencia-_JM
Remodelado Depto 1d+1b + 1  Guardia Vieja/pedro De Valdivia,3750.0,153995175.0,26.0,144.23,154.0,1.0,1.0,150000.0,Providencia,ENTRE GUARDIA VIEJA Y PEDRO DE VALDIVIA,2026-09-22,2026-09-21,https://www.portalinmobiliario.com/MLC-4505358850-remodelado-depto-1d1b-1-guardia-viejapedro-de-valdivia-_JM
Invierte Hoy Y Adapta Tu Estrategia Según El Mercado,2600.0,106769988.0,18.0,144.44,71.0,1.0,1.0,50000.0,Santiago,Centro Histórico De Santiago,2026-09-22,2026-09-21,https://www.portalinmobiliario.com/MLC-2265326555-invierte-hoy-y-adapta-tu-estrategia-segun-el-mercado-_JM
Estudio Amoblado En Las Condes,5700.0,234072666.0,39.0,146.15,,1.0,,,Las Condes,,2026-10-01,,https://www.portalinmobiliario.com/MLC-4531677420-estudio-amoblado-en-las-condes-_JM
Moderno Y Luminoso Depto! Metro H. Magallanes. (183755),6000.0,246392280.0,41.0,146.34,155.0,1.0,1.0,130000.0,Las Condes,Metro Hernando De Magallanes,2026-09-24,2026-09-23,https://www.portalinmobiliario.com/MLC-4510769346-moderno-y-luminoso-depto-metro-h-magallanes-183755-_JM
"Depto 2d 2b Estilo Mariposa, Comuna Las Condes",8350.0,342895923.0,57.0,146.49,111.0,2.0,1.0,160000.0,Las Condes,Metro Hernando De Magallanes,2026-09-21,2026-09-21,https://www.portalinmobiliario.com/MLC-4502082912-depto-2d-2b-estilo-mariposa-comuna-las-condes-_JM
Invierte Escuela Militar - Pasos Metro,4870.0,199988401.0,33.0,147.58,170.0,1.0,1.0,80000.0,Las Condes,Metro Escuela Militar,2026-09-24,2026-09-23,https://www.portalinmobiliario.com/MLC-4510505466-invierte-escuela-militar-pasos-metro-_JM
Departamento En Venta De 2 Dorm. Estadio Italiano Las Condes,9300.0,381908034.0,63.0,147.62,111.0,2.0,1.0,200000.0,Las Condes,Metro Hernando De Magallanes,2026-09-23,2026-09-22,https://www.portalinmobiliario.com/MLC-2268753901-departamento-en-venta-de-2-dorm-estadio-italiano-las-condes-_JM
Andres Bello /nva Lyon C_422836,4600.0,188900748.0,31.0,148.39,154.0,1.0,1.0,50000.0,Providencia,Los Leones,2026-09-28,2026-09-27,https://www.portalinmobiliario.com/MLC-4522128052-andres-bello-nva-lyon-c422836-_JM
Departamento Dúplex En Providencia/ Ricardo Matte Pérez,9500.0,390121110.0,64.0,148.44,68.0,2.0,1.0,150000.0,Providencia,Providencia,2026-09-23,2026-09-22,https://www.portalinmobiliario.com/MLC-2267406545-departamento-duplex-en-providencia-ricardo-matte-perez-_JM
"Departamento En Venta Golf 1, 2 Y Duplex",10410.0,427490606.0,70.0,148.71,,1.0,,,Providencia,Barrio Italia,2026-10-01,,https://www.portalinmobiliario.com/MLC-2283603705-departamento-en-venta-golf-1-2-y-duplex-_JM
Terraza Sur Oriente - 2 Dormitorios 2 Baños,6250.0,256658625.0,42.0,148.81,152.0,2.0,1.0,130000.0,Las Condes,Metro Hernando De Magallanes,2026-09-25,2026-09-24,https://www.portalinmobiliario.com/MLC-4514951364-terraza-sur-oriente-2-dormitorios-2-banos-_JM
"Nuevo!! 2 Dorm En Suite+ Est+bod,  Metro",9380.0,385193264.0,63.0,148.89,111.0,2.0,1.0,180000.0,Las Condes,Metro Hernando De Magallanes,2026-09-26,2026-09-25,https://www.portalinmobiliario.com/MLC-2275685577-nuevo-2-dorm-en-suite-estbod-metro-_JM
Departamento En Venta 2d 2b Precio De Tasación Providencia,9100.0,373694958.0,61.0,149.18,,2.0,,,Providencia,Las Lilas,2026-10-01,,https://www.portalinmobiliario.com/MLC-2290636987-departamento-en-venta-2d-2b-precio-de-tasacion-providencia-_JM
"Departamento De 1 Dorm. En Venta En San Damian, Las Condes",6000.0,246392280.0,40.0,150.0,182.0,1.0,1.0,0.0,Las Condes,San Damián,2026-09-21,2026-09-21,https://www.portalinmobiliario.com/MLC-2263575549-departamento-de-1-dorm-en-venta-en-san-damian-las-condes-_JM
La Gloria / Apoquin / Edif Lavanderi /  Sin Terraza / Studio,4200.0,172474596.0,28.0,150.0,170.0,1.0,1.0,140000.0,Las Condes,Metro Escuela Militar,2026-09-27,2026-09-26,https://www.portalinmobiliario.com/MLC-2276116151-la-gloria-apoquin-edif-lavanderi-sin-terraza-studio-_JM
Metro Alcantara Presidente Riesco Apoquindo El Golf,6500.0,266924970.0,43.0,151.16,180.0,1.0,1.0,,Las Condes,Barrio El Golf,2026-09-22,2026-09-21,https://www.portalinmobiliario.com/MLC-4505429190-metro-alcantara-presidente-riesco-apoquindo-el-golf-_JM
Venta Departamento Nuevo Las Condes 2 Dorm,10290.0,422562760.0,68.0,151.32,111.0,2.0,1.0,130000.0,Las Condes,Metro Hernando De Magallanes,2026-09-25,2026-09-24,https://www.portalinmobiliario.com/MLC-4513386692-venta-departamento-nuevo-las-condes-2-dorm-_JM
Hermoso Departamento En Venta De 1 Dorm. En Providencia,6700.0,275138046.0,44.0,152.27,,1.0,,,Providencia,Campus Oriente,2026-10-01,,https://www.portalinmobiliario.com/MLC-4525973818-hermoso-departamento-en-venta-de-1-dorm-en-providencia-_JM
"Cómodo 2d2b Santiago Centro, Gran Conectividad",2450.0,100610181.0,16.0,153.12,,2.0,,,Santiago,Parque Almagro,2026-10-01,,https://www.portalinmobiliario.com/MLC-4528542862-comodo-2d2b-santiago-centro-gran-conectividad-_JM
Edificio Icono Del El Golf- Arq. Borja Huidobro,9200.0,377801496.0,60.0,153.33,112.0,1.0,1.0,190000.0,Las Condes,Barrio El Golf,2026-09-28,2026-09-27,https://www.portalinmobiliario.com/MLC-4522135102-edificio-icono-del-el-golf-arq-borja-huidobro-_JM
Departamento Con Gran Terraza/parque Araucano,8300.0,340842654.0,54.0,153.7,,2.0,,,Las Condes,Nueva Las Condes,2026-10-01,,https://www.portalinmobiliario.com/MLC-2288289605-departamento-con-gran-terrazaparque-araucano-_JM
"Ultima Unidad! Amoblado, 2d-2b En Las Condes",9380.0,385193264.0,61.0,153.77,111.0,2.0,1.0,124000.0,Las Condes,Metro Hernando De Magallanes,2026-09-25,2026-09-24,https://www.portalinmobiliario.com/MLC-4513389312-ultima-unidad-amoblado-2d-2b-en-las-condes-_JM
"Departamento En Venta De 2 Dorm Plaza Las Lilas, Providencia",8000.0,328523040.0,52.0,153.85,103.0,2.0,1.0,150000.0,Providencia,Las Lilas,2026-09-27,2026-09-26,https://www.portalinmobiliario.com/MLC-2277776229-departamento-en-venta-de-2-dorm-plaza-las-lilas-providencia-_JM
Exclusivo Departamento Amoblado 2d2b,10067.0,413405180.0,65.0,154.88,,2.0,,,Las Condes,Colón Oriente - Vital Apoquindo,2026-10-01,,https://www.portalinmobiliario.com/MLC-4533919294-exclusivo-departamento-amoblado-2d2b-_JM
"Las Verbenas, Depto. Mariposa Con Jardin (143432)",9300.0,381908034.0,60.0,155.0,107.0,2.0,1.0,180000.0,Las Condes,Alto Las Condes,2026-09-28,2026-09-27,https://www.portalinmobiliario.com/MLC-2280138363-las-verbenas-depto-mariposa-con-jardin-143432-_JM
Dúplex Seminuevo Con Quincho Privado - Las Condes,9500.0,390121110.0,61.0,155.74,111.0,2.0,2.0,200000.0,Las Condes,Metro Hernando De Magallanes,2026-09-24,2026-09-23,https://www.portalinmobiliario.com/MLC-4509175360-duplex-seminuevo-con-quincho-privado-las-condes-_JM
Sin Comisión - 1 Dormitorio En El Corazón De Isidora,11233.0,461287414.0,72.0,156.01,107.0,1.0,1.0,0.0,Las Condes,Barrio El Golf,2026-09-25,2026-09-24,https://www.portalinmobiliario.com/MLC-2274575429-sin-comision-1-dormitorio-en-el-corazon-de-isidora-_JM
Departamento Con Jardín En Venta 2 Dorm. Las Condes,9400.0,386014572.0,60.0,156.67,,2.0,,,Las Condes,Alto Las Condes,2026-10-01,,https://www.portalinmobiliario.com/MLC-2288303093-departamento-con-jardin-en-venta-2-dorm-las-condes-_JM
Departamento Tipo Estudio En Venta Av. Las Condes,4550.0,186847479.0,29.0,156.9,182.0,1.0,0.0,90000.0,Las Condes,Estoril,2026-09-22,2026-09-22,https://www.portalinmobiliario.com/MLC-2264536291-departamento-tipo-estudio-en-venta-av-las-condes-_JM
Departamento En Venta De 1 Dorm. En Las Condes,6290.0,258301240.0,40.0,157.25,166.0,1.0,1.0,100000.0,Las Condes,Parque Arauco,2026-09-23,2026-09-22,https://www.portalinmobiliario.com/MLC-2267455143-departamento-en-venta-de-1-dorm-en-las-condes-_JM
Excelente Depto Venta 1d 1b A Pasos Del Metro Manquehue,6790.0,278833930.0,43.0,157.91,155.0,1.0,0.0,200000.0,Las Condes,Metro Manquehue - Apumanque,2026-09-27,2026-09-26,https://www.portalinmobiliario.com/MLC-2278814325-excelente-depto-venta-1d-1b-a-pasos-del-metro-manquehue-_JM
Departamento En Venta En Providencia,9990.0,410243146.0,63.0,158.57,98.0,1.0,2.0,220000.0,Providencia,Pedro De Valdivia Norte,2026-09-18,2026-09-18,https://www.portalinmobiliario.com/MLC-4491473820-departamento-en-venta-en-providencia-_JM
"Nuevo Precio: 1d+1b, Roof Top +2 Estacionamientos",6200.0,254605356.0,39.0,158.97,,1.0,2.0,,Las Condes,Estoril,2026-09-28,2026-09-28,https://www.portalinmobiliario.com/MLC-4522116230-nuevo-precio-1d1b-roof-top-2-estacionamientos-_JM
Departamento En Venta De 1 Dorm. En Las Condes,11233.0,461287414.0,70.0,160.47,107.0,1.0,0.0,250000.0,Las Condes,Barrio El Golf,2026-09-18,2026-09-18,https://www.portalinmobiliario.com/MLC-4491447878-departamento-en-venta-de-1-dorm-en-las-condes-_JM
Oportunidad / Inversionistas,6600.0,271031508.0,41.0,160.98,166.0,1.0,1.0,120000.0,Las Condes,Parque Arauco,2026-09-22,2026-09-22,https://www.portalinmobiliario.com/MLC-4501920848-oportunidad-inversionistas-_JM
Departamento Venta Las Condes 1d1b Quincho Exclusivo 128 M2,6790.0,278833930.0,42.0,161.67,156.0,1.0,1.0,135000.0,Las Condes,Metro Manquehue - Apumanque,2026-09-23,2026-09-22,https://www.portalinmobiliario.com/MLC-2268792001-departamento-venta-las-condes-1d1b-quincho-exclusivo-128-m2-_JM
Departamento A Pasos Parque Araucano,6490.0,266514316.0,40.0,162.25,,1.0,,,Las Condes,Parque Arauco,2026-10-01,,https://www.portalinmobiliario.com/MLC-4531681400-departamento-a-pasos-parque-araucano-_JM
Modernidad Y Comodidad En El Golf.cbg,10900.0,447612642.0,67.0,162.69,107.0,1.0,1.0,220000.0,Las Condes,Barrio El Golf,2026-09-27,2026-09-26,https://www.portalinmobiliario.com/MLC-2278347913-modernidad-y-comodidad-en-el-golfcbg-_JM
Departamento Tipo Mariposa Con Jardín Propio,8000.0,328523040.0,49.0,163.27,152.0,2.0,1.0,22000.0,Las Condes,Alto Las Condes,2026-09-28,2026-09-27,https://www.portalinmobiliario.com/MLC-4520043302-departamento-tipo-mariposa-con-jardin-propio-_JM
Departamento Mariposa En Primer Piso Con Patio Pri...,8000.0,328523040.0,49.0,163.27,152.0,2.0,1.0,200000.0,Las Condes,Las Condes,2026-09-27,2026-09-26,https://www.portalinmobiliario.com/MLC-4517589922-departamento-mariposa-en-primer-piso-con-patio-pri-_JM
A Pasos Del Parque Arauco Frente A Parque Juan Pablo Ii,6700.0,275138046.0,41.0,163.41,155.0,1.0,1.0,120000.0,Las Condes,Parque Arauco,2026-09-26,2026-09-25,https://www.portalinmobiliario.com/MLC-4515248348-a-pasos-del-parque-arauco-frente-a-parque-juan-pablo-ii-_JM
¡vive El Lujo Urbano! Con Vista Panorámica Inigualable.cbg,10990.0,451308526.0,67.0,164.03,107.0,1.0,1.0,220000.0,Las Condes,Barrio El Golf,2026-09-24,2026-09-23,https://www.portalinmobiliario.com/MLC-2271030655-vive-el-lujo-urbano-con-vista-panoramica-inigualablecbg-_JM
"Estupendos Deptos, Metro Tobalaba (184458)",6300.0,258711894.0,38.0,165.79,,1.0,,,Providencia,Metro Tobalaba - Mall Costanera,2026-10-01,,https://www.portalinmobiliario.com/MLC-4530109038-estupendos-deptos-metro-tobalaba-184458-_JM
Venta Depto Studio Nuevo  Comuna Las Condes,4876.0,200234793.0,29.0,168.14,166.0,1.0,0.0,100000.0,Las Condes,Metro Hernando De Magallanes,2026-09-21,2026-09-22,https://www.portalinmobiliario.com/MLC-2261829583-venta-depto-studio-nuevo-comuna-las-condes-_JM
Moderno Depto. Con Jardín En Las Condes  (127262),7100.0,291564198.0,42.0,169.05,,1.0,,,Las Condes,Metro Hernando De Magallanes,2026-10-01,,https://www.portalinmobiliario.com/MLC-4531684046-moderno-depto-con-jardin-en-las-condes-127262-_JM
Departamento En Venta De 2 Dorm. En Las Condes,8500.0,349055730.0,50.0,170.0,155.0,2.0,1.0,150000.0,Las Condes,Parque Arauco,2026-09-28,2026-09-22,https://www.portalinmobiliario.com/MLC-4522118328-departamento-en-venta-de-2-dorm-en-las-condes-_JM
Depto 1d + 1b En Piso 15 A Pasos Del Metro Los Leones,4300.0,176581134.0,25.0,172.0,154.0,1.0,1.0,,Providencia,Chile,2026-09-22,2026-09-22,https://www.portalinmobiliario.com/MLC-2264571393-depto-1d-1b-en-piso-15-a-pasos-del-metro-los-leones-_JM
Penthouse Con Roof Top En Venta De 1 Dorm. En Providencia,7770.0,319078003.0,45.0,172.67,83.0,1.0,0.0,0.0,Providencia,Barrio Italia,2026-09-18,2026-09-18,https://www.portalinmobiliario.com/MLC-4491447760-penthouse-con-roof-top-en-venta-de-1-dorm-en-providencia-_JM
Venta Departamento So 1d Wi Clóset 1b 1e 1bd Metro Hernando,8000.0,328523040.0,46.0,173.91,166.0,1.0,1.0,110.0,Las Condes,Metro Hernando De Magallanes,2026-09-20,2026-09-20,https://www.portalinmobiliario.com/MLC-2256963881-venta-departamento-so-1d-wi-closet-1b-1e-1bd-metro-hernando-_JM
Departamento En Venta De 1.5 Y 2 Dorm. En Santiago,4190.0,172063942.0,24.0,174.58,,1.0,,,Santiago,Centro Histórico De Santiago,2026-10-01,,https://www.portalinmobiliario.com/MLC-2283642605-departamento-en-venta-de-15-y-2-dorm-en-santiago-_JM
"Loft En Venta, Las Condes (159564)",3700.0,151941906.0,21.0,176.19,153.0,1.0,1.0,90000.0,Las Condes,Rotonda Atenas,2026-09-21,2026-09-22,https://www.portalinmobiliario.com/MLC-4499770872-loft-en-venta-las-condes-159564-_JM
Venta Departamento En Las Condes De Un Ambiente,7200.0,295670736.0,39.0,184.62,182.0,1.0,1.0,200000.0,Las Condes,Estoril,2026-09-23,2026-09-23,https://www.portalinmobiliario.com/MLC-2268766423-venta-departamento-en-las-condes-de-un-ambiente-_JM
"Departamento En Venta Estudio, 1 Y 2 Dorm. En Las Condes",6186.0,254030441.0,30.0,206.2,,1.0,,,Las Condes,Las Condes,2026-10-01,,https://www.portalinmobiliario.com/MLC-2283590893-departamento-en-venta-estudio-1-y-2-dorm-en-las-condes-_JM
Venta Departamento Duplex Providencia,6890.0,282940468.0,31.0,222.26,83.0,2.0,1.0,120000.0,Providencia,Barrio Italia,2026-09-24,2026-09-23,https://www.portalinmobiliario.com/MLC-4510795520-venta-departamento-duplex-providencia-_JM
Venta Depertamento Ideal Inversionistas,7000.0,287457660.0,30.0,233.33,152.0,1.0,1.0,200000.0,Las Condes,Metro Hernando De Magallanes,2026-09-26,2026-09-25,https://www.portalinmobiliario.com/MLC-2275655335-venta-depertamento-ideal-inversionistas-_JM
Dúplex Con Increíble Azotea Y Vistas/las Verbenas,8300.0,340842654.0,35.0,237.14,,1.0,,,Las Condes,Alto Las Condes,2026-10-01,,https://www.portalinmobiliario.com/MLC-2288276477-duplex-con-increible-azotea-y-vistaslas-verbenas-_JM
Departamento En Venta De 1 Dorm. En Providencia,10563.0,433773609.0,44.0,240.07,,1.0,,,Providencia,Las Lilas,2026-10-01,,https://www.portalinmobiliario.com/MLC-2283603669-departamento-en-venta-de-1-dorm-en-providencia-_JM
Departamento En Venta De 3 Dorm. En Santiago,3531.0,145000000.0,12.0,294.25,72.0,3.0,1.0,120000.0,Santiago,Centro Histórico De Santiago,2026-09-24,2026-09-23,https://www.portalinmobiliario.com/MLC-4510336038-departamento-en-venta-de-3-dorm-en-santiago-_JM
Remodelado / Las Condes / 3 Dormitorios / Estacionamiento,12160.0,499355021.0,20.0,608.0,154.0,3.0,1.0,220000.0,Las Condes,Barrio El Golf,2026-09-22,2026-09-21,https://www.portalinmobiliario.com/MLC-2265352255-remodelado-las-condes-3-dormitorios-estacionamiento-_JM
Depto 1d1b En Santiago Centro A Pasos Metro Parque Almagro,1300.0,53384994.0,2.0,650.0,75.0,1.0,1.0,55000.0,Santiago,San Diego,2026-09-26,2026-09-25,https://www.portalinmobiliario.com/MLC-4514959520-depto-1d1b-en-santiago-centro-a-pasos-metro-parque-almagro-_JM
Venta Departamento Las Condes 3d 2b Sector Los Dominicos,5357.3,220000000.0,8.0,669.66,148.0,3.0,1.0,110000.0,Las Condes,Los Dominicos,2026-09-23,2026-09-23,https://www.portalinmobiliario.com/MLC-2268767507-venta-departamento-las-condes-3d-2b-sector-los-dominicos-_JM
"Moderno Dpto,  Ideal Para Inversionistas (144000)",2100.0,86237298.0,3.0,700.0,,1.0,,,Santiago,Centro Histórico De Santiago,2026-10-01,,https://www.portalinmobiliario.com/MLC-4531683754-moderno-dpto-ideal-para-inversionistas-144000-_JM
"Depto En Venta 2d,1b/estac, Santiago Centro",2398.0,98474781.0,3.0,799.33,83.0,2.0,1.0,55000.0,Santiago,Santa Isabel,2026-09-22,2026-09-21,https://www.portalinmobiliario.com/MLC-2265325679-depto-en-venta-2d1bestac-santiago-centro-_JM
Oferta Depto En Calle Chiloe 1 D 1 B,1600.0,65704608.0,2.0,800.0,75.0,1.0,0.0,80000.0,Santiago,Parque O'Higgins,2026-09-28,2026-09-27,https://www.portalinmobiliario.com/MLC-4522144260-oferta-depto-en-calle-chiloe-1-d-1-b-_JM
Deptos. Nuevos 2d Con 1 Y 2b Desde Uf 3.425,3425.0,140648926.0,4.0,856.25,48.0,2.0,0.0,75000.0,Santiago,Ejército - Toesca,2026-09-23,2026-09-22,https://www.portalinmobiliario.com/MLC-2267448219-deptos-nuevos-2d-con-1-y-2b-desde-uf-3425-_JM
"Depto 1d1b Remodelado, Piso 18 Oriente, Metro Santa Ana",1891.0,77654634.0,2.0,945.5,72.0,1.0,0.0,0.0,Santiago,Centro Histórico De Santiago,2026-09-25,2026-09-24,https://www.portalinmobiliario.com/MLC-2274578413-depto-1d1b-remodelado-piso-18-oriente-metro-santa-ana-_JM
Estupendo Depto En Santiago Centro,1950.0,80077491.0,2.0,975.0,71.0,1.0,0.0,70000.0,Santiago,Centro Histórico De Santiago,2026-09-21,2026-09-22,https://www.portalinmobiliario.com/MLC-4500846144-estupendo-depto-en-santiago-centro-_JM
1 Dormi San Isidro 151  Estacionamiento Y Bodega M Sta Lucía,2142.9,88000000.0,2.0,1071.45,,1.0,,,Santiago,Santa Isabel,2026-10-01,,https://www.portalinmobiliario.com/MLC-2290660129-1-dormi-san-isidro-151-estacionamiento-y-bodega-m-sta-lucia-_JM
Departamento Nuevo En Venta 1 Dormitorio En Santiago,3516.0,144385876.0,3.0,1172.0,48.0,1.0,0.0,100000.0,Santiago,Serrano / Alonso De Ovalle,2026-09-18,2026-09-18,https://www.portalinmobiliario.com/MLC-4491473972-departamento-nuevo-en-venta-1-dormitorio-en-santiago-_JM
Moderno Departamento Mariposa 2d-2b Estacionamiento Y Bodega,7890.0,324005848.0,6.0,1315.0,87.0,2.0,1.0,0.0,Las Condes,Metro Manquehue - Apumanque,2026-09-29,2026-09-22,https://www.portalinmobiliario.com/MLC-2282622571-moderno-departamento-mariposa-2d-2b-estacionamiento-y-bodega-_JM
Invierte En Santiago 1d 1b Con Excelente Ubicación,3300.0,135515754.0,2.0,1650.0,83.0,1.0,0.0,60000.0,Santiago,Santa Isabel,2026-09-20,2026-09-20,https://www.portalinmobiliario.com/MLC-4497574766-invierte-en-santiago-1d-1b-con-excelente-ubicacion-_JM
Ideal Inversionista Arriendo De Rápida Ocupación,1850.0,75970953.0,1.0,1850.0,75.0,1.0,0.0,130000.0,Santiago,Parque O'Higgins,2026-09-28,2026-09-27,https://www.portalinmobiliario.com/MLC-2281461649-ideal-inversionista-arriendo-de-rapida-ocupacion-_JM
Departamento En Venta En Santiago,1950.0,80077491.0,1.0,1950.0,,1.0,,,Santiago,Bulnes,2026-10-01,,https://www.portalinmobiliario.com/MLC-4531667048-departamento-en-venta-en-santiago-_JM
"Se Vende Departamento 1 Dormitorio, 1 Baño",2375.0,97530278.0,1.0,2375.0,83.0,1.0,0.0,70000.0,Santiago,Centro Histórico De Santiago,2026-09-23,2026-09-22,https://www.portalinmobiliario.com/MLC-2267404585-se-vende-departamento-1-dormitorio-1-bano-_JM
Departamento En Venta De 2 Dorm. En Las Condes,7400.0,303883812.0,3.0,2466.67,150.0,2.0,1.0,145000.0,Las Condes,Rotonda Atenas,2026-09-27,2026-09-26,https://www.portalinmobiliario.com/MLC-2277776541-departamento-en-venta-de-2-dorm-en-las-condes-_JM
Colon / Vaticano (126581),6200.0,254605356.0,1.0,6200.0,,2.0,,,Las Condes,Vaticano,2026-10-01,,https://www.portalinmobiliario.com/MLC-4524193678-colon-vaticano-126581-_JM
Vista Despejada!!! Full Iluminado 3d + Escritorio,10900.0,447612642.0,1.0,10900.0,,3.0,,,Las Condes,Lateral Kennedy,2026-10-01,,https://www.portalinmobiliario.com/MLC-4530714358-vista-despejada-full-iluminado-3d-escritorio-_JM
